reviewId,userName,userImage,content,score,thumbsUpCount,reviewCreatedVersion,at,replyContent,repliedAt,appVersion
e826bbda-e212-44b8-8274-a839d4004c04,Fitra Ahyani,https://play-lh.googleusercontent.com/a/ACg8ocIMt5tEsa3RXBp0GwIzthRVsNrzkKZ8MxNyDRN6g5O6GxZDcA=mo,#mantul nya my telkomsel bisa diakses kapan pun saja,5,0,8.7.0,2025-04-11 07:35:38,"Hai Kak Fitra, terima kasih tetap setia menggunakan layanan Telkomsel. Apresiasi dari Kakak sangat berarti bagi kami dalam meningkatkan layanan dan performa MyTelkomsel. Have a great day 😊 -Sekar",2025-04-11 07:52:07,8.7.0
10d73d5e-a7a5-4907-add3-b76f2023538e,Yogi Laskadito,https://play-lh.googleusercontent.com/a-/ALV-UjVRx6hZ3pwalT8SOPdGjGh8-vKq2QPtB73QMriAP-zFPMngwZlN,Aplikasinya mantul,5,1,8.6.2,2025-04-11 07:34:06,"Hai Kak Yogi, terima kasih tetap setia menggunakan layanan Telkomsel. Apresiasi dari Kakak sangat berarti bagi kami dalam meningkatkan layanan dan performa MyTelkomsel. Have a great day 😊 -Sekar",2025-04-11 07:52:22,8.6.2
62ba42e8-c2af-4098-8c8d-b7bdb2367737,mia mei,https://play-lh.googleusercontent.com/a/ACg8ocLqy9fcEHK83HXGbaIHbxU-gZCpuiKZHMmRS4PJj1F6oaVzSA=mo,apk bagus,5,0,,2025-04-11 07:32:24,"Hai Kak Mia, terima kasih. Tetap pakai aplikasi MyTelkomsel ya 😊 -Sekar",2025-04-11 07:52:46,
e7b3e64b-92f9-4cdc-adf1-349ffc448ec1,mifti reskiani,https://play-lh.googleusercontent.com/a/ACg8ocLGUbgLHuyLPAPAKdUFofo9TnDkwN5RVc4bJAiunqjLBi5qOg=mo,"aplikasinya sangat mantap, sangat membantu",5,0,8.6.2,2025-04-11 07:32:17,"Hai Kak Mifti, terima kasih. Tetap pakai aplikasi MyTelkomsel ya 😊 -Sekar",2025-04-11 07:53:10,8.6.2
9a3d0988-beac-472a-9e28-9fcf4fa143e5,Ari Cell,https://play-lh.googleusercontent.com/a/ACg8ocLHj8wXVpKTeeDoqUQy7VHoTAtHTX0JE0u4fii0aAGgvnAabg=mo,mantul gaess...,5,0,8.6.2,2025-04-11 07:29:14,"Hai Kak Ari, terima kasih. Tetap pakai aplikasi MyTelkomsel ya 😊 -Sekar",2025-04-11 07:53:23,8.6.2
3e12b22c-e85d-415e-89a9-8d642f8e791e,Fahriza Nur Hidayat,https://play-lh.googleusercontent.com/a/ACg8ocJnWM_u5Qqe9RiexG7xXYXI7wN_xL98rRCfXiwTJr0y4qlwAg=mo,Aplikasi Kartu Provider ❌ Malware ✅,1,0,,2025-04-11 07:27:29,"Hai Kak Fahriza, Mohon maaf untuk ketidaknyamanannya ya, silakan coba cara berikut ya Kak:
1. Clear cache aplikasi
2. Force close aplikasi
lalu coba login kembali, apabila masih mengalami kendala, silakan hubungi kami melalui DM Instagram @Telkomsel atau chat di tsel.id/chatva. Semoga membantu. :) -Edo",2025-04-11 08:24:08,
32c44e38-d70b-4495-a384-3bb1d4ed0b6d,AlbiA Nsyah,https://play-lh.googleusercontent.com/a-/ALV-UjXPfCurU1aCGVP35PjYUu_HcEX7z1OvGFSyIG4j2heEGWG9h-0,Sinyal nya kurang bagus lokasi Jawa barat 🙏🏼🙏🏼🙏🏼,1,0,8.7.0,2025-04-11 07:22:48,"Hai Kak Albia, Mohon maaf untuk ketidaknyamanannya, silakan coba restart handphone kakak. Apabila masih terdapat kendala silakan hubungi kami di DM Instagram @telkomsel atau chat di tsel.id/chatva. Semoga membantu. :) -Edo",2025-04-11 08:25:38,8.7.0
cb53be2f-546f-4f53-a9af-a8ee76b231a7,PELIPUS AJO LEDA,https://play-lh.googleusercontent.com/a/ACg8ocJlvOBZJ6FcY-uAYBPK-2jDB8vifT12X1-h-Q-qX8phgzErRQ=mo,"gak perlu ribet,beli paket internet cukup lewat my Telkomsel.design aplikasinya #gahar",4,0,,2025-04-11 07:15:39,,,
2e4f9828-7fc6-4e04-af7b-5f790cf8a8be,Brow Brow,https://play-lh.googleusercontent.com/a/ACg8ocKqJ-5WgrmMAI5BwxFUsUAlhr8s-lNeTAtRyY43qXHN5Xxf5Q=mo,Ancak bona.. Josss🤘,5,0,,2025-04-11 07:13:23,"Hai Kak Brow, terima kasih. Tetap pakai aplikasi MyTelkomsel ya 😊 -Sekar",2025-04-11 07:53:54,
4bf41178-7c14-4b8e-9227-51a569977349,cristian aja,https://play-lh.googleusercontent.com/a-/ALV-UjVkFLEuQK55JZBhp-j1HmJZWgao8kkV_zGZwCrp1yNqcyG1ZzMk,"setiap buka aplikasi selalu lelet , tolong diperbaiki",1,0,8.6.2,2025-04-11 07:12:13,"Hai Kak Cristian, Mohon maaf untuk ketidaknyamanannya ya, silakan coba cara berikut ya Kak:
1. Clear cache aplikasi
2. Force close aplikasi
lalu coba login kembali, apabila masih mengalami kendala, silakan hubungi kami melalui DM Instagram @Telkomsel atau chat di tsel.id/chatva. Semoga membantu. :) -Edo",2025-04-11 08:26:35,8.6.2
6ba33bdc-1194-4762-8bb4-10dc8b68e1c6,Yak Foxc,https://play-lh.googleusercontent.com/a/ACg8ocLPRJ8sWUbTw3EKcOhc1kK8g3xaM59QPIhTRjwtaidfaCT5Jg=mo,"tolong lah Telkomsel,kasih sistem verifikasi selain link lah,capek gw nih,masak gw nggak bisa masuk apl ke hp lain tanpa kartu",2,0,8.6.2,2025-04-11 07:10:52,"Hai Kak Yak, Mohon maaf untuk ketidaknyamanannya ya, silakan coba cara berikut ya Kak:
1. Clear cache aplikasi
2. Force close aplikasi
lalu coba login kembali, apabila masih mengalami kendala, silakan hubungi kami melalui DM Instagram @Telkomsel atau chat di tsel.id/chatva. Semoga membantu. :) -Edo",2025-04-11 10:12:22,8.6.2
7c334bed-bdef-4f85-9523-d763c0710c84,Muhammad Abdillah,https://play-lh.googleusercontent.com/a-/ALV-UjXG2cxKS7Ywth2NYtFQ-qH8xOWb2o_Jy-eZhJ00OcXRw6fAX3L0,jaringan buruk.,1,0,8.6.2,2025-04-11 07:04:11,"Hai Kak Abdillah, Mohon maaf untuk ketidaknyamanannya, silakan coba restart handphone kakak. Apabila masih terdapat kendala silakan hubungi kami di DM Instagram @telkomsel atau chat di tsel.id/chatva. Semoga membantu. :) -Edo",2025-04-11 08:27:34,8.6.2
05981cc2-0840-4567-a3b7-c26a78d37788,Muhammad Farhan,https://play-lh.googleusercontent.com/a/ACg8ocIW9vCaY1QB-pejzyMDTapRpr1hWCe1AS0cCcLC5g6XZPAPwg=mo,kartu mahal tpi sinyal jej ta1,1,0,8.7.0,2025-04-11 07:00:02,"Hai Kak Farhan, silakan akses aplikasi MyTelkomsel untuk mendapatkan lebih banyak pilihan dan penawaran paket datanya ya, untuk kendala sinyal silakan coba restart handphone kakak. Apabila masih terdapat kendala silakan hubungi kami di DM Instagram @telkomsel atau chat di tsel.id/chatva. Semoga membantu. :) -Edo",2025-04-11 08:28:23,8.7.0
44cd16c1-72fd-41a1-8234-36510cd3461a,Adinda Putri,https://play-lh.googleusercontent.com/a/ACg8ocLe8rLCrrAcPhN82IV6NVBj9lsKXzUqLSgi5DDgb9n-CXSEQg=mo,mantp,5,0,,2025-04-11 06:57:50,"Hai Kak Putri, terima kasih. Tetap pakai aplikasi MyTelkomsel ya 😊 -Sekar",2025-04-11 07:18:25,
66c3e1d9-e204-42f6-b276-18710912e9e4,Dion oky Hermawan,https://play-lh.googleusercontent.com/a-/ALV-UjVlD0iqzsB4jjfT9QHHN8YYceqFBaedpNSzCSsRYglijxqL1e8,lemot banget,2,0,8.7.0,2025-04-11 06:52:20,"Hai Kak Dion, Mohon maaf untuk ketidaknyamanannya ya, silakan coba cara berikut ya Kak:
1. Clear cache aplikasi
2. Force close aplikasi
lalu coba login kembali, apabila masih mengalami kendala, silakan hubungi kami melalui DM Instagram @Telkomsel atau chat di tsel.id/chatva. Semoga membantu. :) -Edo",2025-04-11 10:14:03,8.7.0
a8d1dfa3-0347-47ce-9024-609e10f8ef19,Leman Boman,https://play-lh.googleusercontent.com/a/ACg8ocJFHyIxyWiFMrSVOEsh8hhb0pYF83GRcGxINig4hlxgcckV0Q=mo,"1 kata unk Telkomsel, MAHAL.. masa aktif kuota cuma 28 hari lagi. segitu nya Telkomsel cari untung. mending kalo sinyal bagus.. bagus jg kagak, cuma biasa2 aja..",1,0,8.7.0,2025-04-11 06:52:16,"Hai, Kak Leman. Maaf banget ya jadi gak nyaman, terkait keluhan pada tarif dan benefit paket layanan. Yuk segera hubungi Mimin melalui fitur bantuan di DM Instagram @Telkomsel atau kirim email ke cs@telkomsel.com untuk dibantu lebih lanjut. Mimin tunggu ya kak. Makasih :) -Edo",2023-10-16 15:57:03,8.7.0
6fa304f9-c748-4fb4-82b4-798b66e13338,Devin Oktaviano,https://play-lh.googleusercontent.com/a-/ALV-UjVCCmnqTi5x2aszl0MijDdUqfNFcUA2P9v3gjR3FNby9wrHTH_c,"#MANTUL banget pake telkomsel,banyak promonyaa,anjay banget dahhh",5,0,,2025-04-11 06:49:18,"Hai Kak Devin, terima kasih tetap setia menggunakan layanan Telkomsel. Apresiasi dari Kakak sangat berarti bagi kami dalam meningkatkan layanan dan performa MyTelkomsel. Have a great day 😊 -Sekar",2025-04-11 07:20:01,
804a0d50-a2e0-4ab8-b0ff-dbfd6e482b62,Bonox2,https://play-lh.googleusercontent.com/a/ACg8ocIXw2CrLPtpepTANEBiabcZXeFNkbmdKOwMqYlO-4PW0UxgiQ=mo,paket mahal. gaming lemot,1,0,8.7.0,2025-04-11 06:48:32,"Hai Kak Bonox, silakan akses aplikasi MyTelkomsel untuk mendapatkan lebih banyak pilihan dan penawaran paket datanya ya, untuk kendala jaringan silakan coba restart handphone kakak. Apabila masih terdapat kendala silakan hubungi kami di DM Instagram @telkomsel atau chat di tsel.id/chatva. Semoga membantu. :) -Edo",2025-04-11 08:29:06,8.7.0
6a75e4b5-3bb7-4521-9a95-ff09150c0991,Ghifar Artamania (MD-Ghifar109),https://play-lh.googleusercontent.com/a-/ALV-UjWht8UnrXacddRqaMrlhRDoycqnOLtE7fkRfcNwvs8JFrZknrc,"untuk saat ini jaringan Telkomsel sangatlah buruk, tidak adakah cara untuk memperbaikinya?",1,0,,2025-04-11 06:44:15,"Hai Kak Ghifar, Mohon maaf untuk ketidaknyamanannya, silakan coba restart handphone kakak. Apabila masih terdapat kendala silakan hubungi kami di DM Instagram @telkomsel atau chat di tsel.id/chatva. Semoga membantu. :) -Edo",2025-04-11 08:29:42,
a57405c1-9f35-4121-9dcd-6a0209f9d67b,Frengki TV,https://play-lh.googleusercontent.com/a/ACg8ocIzQQEmBW-JT0DhXe7EMOpC266EbgTk5h7whBpo-VnCjoAv5w=mo,"ngelek ,,,,ngelek ,,,ngelek ,para",3,0,8.6.2,2025-04-11 06:44:14,"Hai Kak Frengki, Mohon maaf untuk ketidaknyamanannya ya, silakan coba cara berikut ya Kak:
1. Clear cache aplikasi
2. Force close aplikasi
lalu coba login kembali, apabila masih mengalami kendala, silakan hubungi kami melalui DM Instagram @Telkomsel atau chat di tsel.id/chatva. Semoga membantu. :) -Edo",2025-04-11 11:33:47,8.6.2
3e843e61-a6b3-4fec-93d5-839004a56257,Jujun Junaedi,https://play-lh.googleusercontent.com/a-/ALV-UjWG3Wv1mkuL_xZQ56RS0MxwDDvmckEgCA8GfgbB_hx2kIV7WQtY,"kenapa si apk ini legnya parah pahal sinya bagus kouta ada, masih ajah lag. kesel banget lama lama gw ganti juga ni kartu, gw mau beli kouta ajah mesti minta hotspot dulu beli pake jaringa si bapuk Telkomsel ini najis, kaga bisa bisa",1,0,8.7.0,2025-04-11 06:40:31,"Hai Kak Jujun, Mohon maaf untuk ketidaknyamanannya ya, silakan coba cara berikut ya Kak:
1. Clear cache aplikasi
2. Force close aplikasi
lalu coba login kembali, apabila masih mengalami kendala, silakan hubungi kami melalui DM Instagram @Telkomsel atau chat di tsel.id/chatva. Semoga membantu. :) -Edo",2025-04-11 13:18:56,8.7.0
86021f7a-973e-4097-98f0-23e65914aa72,sidiq fajri,https://play-lh.googleusercontent.com/a-/ALV-UjV9ORLsgLDcLznFFI6s44ShdZgTYCVbybHKtBiqw1AWziqR-B9_,lemot KLO aplikasiny my Telkom di buka,2,0,8.7.0,2025-04-11 06:37:47,"Hai Kak Sidiq, Mohon maaf untuk ketidaknyamanannya ya, silakan coba cara berikut ya Kak:
1. Clear cache aplikasi
2. Force close aplikasi
lalu coba login kembali, apabila masih mengalami kendala, silakan hubungi kami melalui DM Instagram @Telkomsel atau chat di tsel.id/chatva. Semoga membantu. :) -Edo",2025-04-11 10:14:50,8.7.0
8655120c-a8db-48b5-890c-56b90b2a8c6a,Mustofa syahriel,https://play-lh.googleusercontent.com/a-/ALV-UjWiWtudGvNTZnHM6cQO9P8BY7bwbANhqTFKk0H8Dp4-brcjLqA,apknya sering ngelag sering tidak bisa menampilkan apk.. tolong segera di perbaiki,1,0,8.7.0,2025-04-11 06:34:42,"Hai Kak Mustofa, Mohon maaf untuk ketidaknyamanannya ya, silakan coba cara berikut ya Kak:
1. Clear cache aplikasi
2. Force close aplikasi
lalu coba login kembali, apabila masih mengalami kendala, silakan hubungi kami melalui DM Instagram @Telkomsel atau chat di tsel.id/chatva. Semoga membantu. :) -Edo",2025-04-11 12:52:54,8.7.0
cc530f28-212f-4060-a5cc-a34bf6851657,Heldy Yuhel,https://play-lh.googleusercontent.com/a/ACg8ocK8QAJ_2P5zYowbrGOY-BiQeCBQRdbY1hJwagZVUQ38-KNDzQ=mo,aplikasi lelet/ngelag bikin tidak namyaman di gunakan,1,0,8.6.2,2025-04-11 06:33:26,"Hai Kak Heldy, Mohon maaf untuk ketidaknyamanannya ya, silakan coba cara berikut ya Kak:
1. Clear cache aplikasi
2. Force close aplikasi
lalu coba login kembali, apabila masih mengalami kendala, silakan hubungi kami melalui DM Instagram @Telkomsel atau chat di tsel.id/chatva. Semoga membantu. :) -Edo",2025-04-11 12:53:23,8.6.2
f018fbb1-5045-47f4-8482-a19863156b46,Lamsar Simangunsong,https://play-lh.googleusercontent.com/a-/ALV-UjVWoOA6e20-bHIQ56T-smqK3IovL6XlATWi5wcykeBy-6AHcRS0,"TOLONG JANGAN BIKIN KESAL, MAIN GAME TIBA² LAG, TADI MAIN PAS JAM 13:15WIB. KESALLLLLL",1,0,8.6.2,2025-04-11 06:29:52,"Hai Kak Lamsar, Mohon maaf untuk ketidaknyamanannya, silakan coba restart handphone kakak. Apabila masih terdapat kendala silakan hubungi kami di DM Instagram @telkomsel atau chat di tsel.id/chatva. Semoga membantu. :) -Edo",2025-04-11 12:54:12,8.6.2
b5391694-685c-4e99-aa4c-ebff04550c53,Hamid,https://play-lh.googleusercontent.com/a/ACg8ocInzdazMgvNC1BJRFATT2YqD7XLgSVpkrkb8oyPECK1svZzDg=mo,okk,5,0,,2025-04-11 06:24:27,"Hai Kak Hamid, terima kasih. Tetap pakai aplikasi MyTelkomsel ya 😊 -Sekar",2025-04-11 07:21:07,
28f93841-4fab-47ed-ad6f-bb9039143d49,Diaz Ardiansyah,https://play-lh.googleusercontent.com/a-/ALV-UjUHiWyw8dcylk-FSm95wrJyVK2ToeLZe6eCEjOmVVxlbRYgZA0,eror mulu enggak ada perbaikan sama sekali,1,0,7.5.0,2025-04-11 06:22:47,"Hai Kak Diaz, Mohon maaf untuk ketidaknyamanannya ya, silakan coba cara berikut ya Kak:
1. Clear cache aplikasi
2. Force close aplikasi
lalu coba login kembali, apabila masih mengalami kendala, silakan hubungi kami melalui DM Instagram @Telkomsel atau chat di tsel.id/chatva. Semoga membantu. :) -Edo",2025-04-11 13:02:10,7.5.0
c8b80dc1-ebf0-42a5-8d2d-2fab44b9ea9a,Deli Melina,https://play-lh.googleusercontent.com/a/ACg8ocJSu2HPEF0qpUn6-bB17HAvtKipFw1cJU8dk-YBWm9su0Lssg=mo,Telkomsel selalu di depan #Mantul,5,0,8.6.2,2025-04-11 06:21:35,"Hai Kak Deli, terima kasih tetap setia menggunakan layanan Telkomsel. Apresiasi dari Kakak sangat berarti bagi kami dalam meningkatkan layanan dan performa MyTelkomsel. Have a great day 😊 -Sekar",2025-04-11 07:21:21,8.6.2
fd654c16-1d3c-4cbf-acf0-db6c0f039c65,Ade Budiman,https://play-lh.googleusercontent.com/a/ACg8ocJEfspxm2MRgoj6JUsmR1Qja3DyJuzh1MxyuC5_72fAKP6XaQ=mo,good,5,0,8.6.2,2025-04-11 06:20:14,"Hai Kak Ade, terima kasih. Tetap pakai aplikasi MyTelkomsel ya 😊 -Sekar",2025-04-11 07:21:43,8.6.2
f209e3e5-853c-4bcd-8504-5efde73e39f9,Ahmad Yani,https://play-lh.googleusercontent.com/a/ACg8ocITZdwtVB6wmcoQxIM-nnhyVSlOxs6UwiBu62ayBcCEAWKcFA=mo,knpa setiap masuk aplikasinya selalu leg terus,1,0,8.7.0,2025-04-11 06:19:02,"Hai, Kak Ahmad. Mohon maaf untuk ketidaknyamanannya ya, apabila aplikasi MyTelkomsel terlalu berat di handphone Kakak, silakan coba unduh MyTelkomsel Basic. Aplikasi ini sudah tersedia di PlayStore. Apabila masih mengalami kendala, silakan hubungi kami melalui DM Instagram @Telkomsel atau chat di tsel.id/chatva. Semoga membantu. :) -Ken",2025-03-02 09:25:16,8.7.0
ce8f6288-1c9c-4b3c-9996-f020d65f86ee,Febry Theo,https://play-lh.googleusercontent.com/a-/ALV-UjUjQ56yfXKMk_ZSAufjN46sUDyUvM9mttaN8-wEYcvGSShj4pareA,lama banget loadingnya. mau cek kuota dan update paket tampilannya ga refresh dan lambat booting,3,0,7.2.0,2025-04-11 06:17:31,"Hai Kak Febry, Mohon maaf untuk ketidaknyamanannya ya, silakan coba cara berikut ya Kak:
1. Clear cache aplikasi
2. Force close aplikasi
lalu coba login kembali, apabila masih mengalami kendala, silakan hubungi kami melalui DM Instagram @Telkomsel atau chat di tsel.id/chatva. Semoga membantu. :) -Edo",2025-04-11 11:34:31,7.2.0
58bc602d-b8cf-489a-8c2d-b2c75106565a,Alijar Alijar,https://play-lh.googleusercontent.com/a/ACg8ocJyS5scQ46_W8tAZDI17BIK86HVmCmcAoR8fOVCJWthiXNW-w=mo,mantap,5,0,,2025-04-11 06:16:17,"Hai Kak Alijar, terima kasih. Tetap pakai aplikasi MyTelkomsel ya 😊 -Sekar",2025-04-11 06:28:32,
c1effa71-e88f-4e4c-af62-7b475b4ea15e,Jajang Bin selamet,https://play-lh.googleusercontent.com/a/ACg8ocJmcOKq1hcVYu5vOgNUhY7V99oy2KmrfeErFTYVEblmNWF-BsE=mo,sya turunin ratingnya..karena apk ny nge lag trus..sklas telkomsel ko aok nya bgini..hadeuuhhj,2,0,7.5.0,2025-04-11 06:14:47,"Hai Kak Jajang, Mohon maaf untuk ketidaknyamanannya ya, silakan coba cara berikut ya Kak:
1. Clear cache aplikasi
2. Force close aplikasi
lalu coba login kembali, apabila masih mengalami kendala, silakan hubungi kami melalui DM Instagram @Telkomsel atau chat di tsel.id/chatva. Semoga membantu. :) -Edo",2025-04-11 10:15:27,7.5.0
a2aadf38-243d-444a-9e51-9d127617d8d5,Yandra Gusfira,https://play-lh.googleusercontent.com/a-/ALV-UjVGrQuwJCsDgaGTSAzcr-Q5Z8utn1o0Jos7T5JAePEFUymD5tI,mantap,5,0,,2025-04-11 06:14:30,"Hai Kak Yandra, terima kasih. Tetap pakai aplikasi MyTelkomsel ya 😊 -Sekar",2025-04-11 06:28:41,
92f6605d-6bab-4327-a887-e9721426466e,Hana Chatlen,https://play-lh.googleusercontent.com/a-/ALV-UjUa768cgs7nycXD3vq88ONIxbKMBWoii_ahZF4J79XnVQwZ9_3C,👍,5,0,8.6.1,2025-04-11 06:14:28,"Hai, Kak Hana. Makasih ya atas feedback yang diberikan. Kami terus berupaya agar bisa memudahkan seluruh pengguna Telkomsel. Sehat selalu ya Kak :) -Alma",2023-03-04 03:40:26,8.6.1
b9a68686-6728-49a7-8d18-a3127ec175f7,aprial andika,https://play-lh.googleusercontent.com/a-/ALV-UjXvLx6lg9q8_pnlo7WN2WPFnOw68dIzZRuPgBECFrHrc-o_Nq2k,"aplikasinya kok ngelag, harus uninstall dulu trus install balik baru bisa bagus , kan gak enak, tolonglah mytelkomsel, masa jaringan bagus tapi begitu buka aplikasi mytelkomsel tiba-tiba ngelag",1,0,8.7.0,2025-04-11 06:11:28,"Hai Kak Aprial, Mohon maaf untuk ketidaknyamanannya ya, silakan coba cara berikut ya Kak:
1. Clear cache aplikasi
2. Force close aplikasi
lalu coba login kembali, apabila masih mengalami kendala, silakan hubungi kami melalui DM Instagram @Telkomsel atau chat di tsel.id/chatva. Semoga membantu. :) -Edo",2025-04-11 13:02:44,8.7.0
e500a939-18d7-45cd-91d5-aaeb13421bb4,Rizky Ramadhan,https://play-lh.googleusercontent.com/a/ACg8ocKlh9KEARYEOS4oLtV9W4yIjXwxzbMwIBOMhJHQqcXkJPfEYQ=mo,"terlalu berat kurang simple.. fitur yg penting 2 aja kyk beli kuota, cek kuota & pulsa , bayar IndiHome, pdhl wifi udah kenceng masih loading aja",3,0,8.6.2,2025-04-11 06:09:31,"Hai Kak Rizky, Mohon maaf untuk ketidaknyamanannya ya, silakan coba cara berikut ya Kak:
1. Clear cache aplikasi
2. Force close aplikasi
lalu coba login kembali, apabila masih mengalami kendala, silakan hubungi kami melalui DM Instagram @Telkomsel atau chat di tsel.id/chatva. Semoga membantu. :) -Edo",2025-04-11 11:35:07,8.6.2
6b082393-796e-4375-8719-35e945c155f5,Rendi Siregar,https://play-lh.googleusercontent.com/a/ACg8ocJU7JO8OEvJ7bfFI6ANrS9TqZIEAkfgpUk8vLR5vVKKQQ0YAQ=mo,#Luarbiasa Paket Internet Telkomsel bisa dibeli dalam beberapa klik aja di MyTelkomsel #Tukar POIN di MyTelkomsel lebih mudah dengan hadiah yang selalu #luarbiasa #Luarbiasa nya du MyTelkomsel stabil gak pernah ada crash atau error,5,0,8.7.0,2025-04-11 06:09:23,"Hai Kak Rendi, terima kasih tetap setia menggunakan layanan Telkomsel. Apresiasi dari Kakak sangat berarti bagi kami dalam meningkatkan layanan dan performa MyTelkomsel. Have a great day 😊 -Sekar",2025-04-11 06:29:07,8.7.0
6b923f4c-fd94-4ad6-9d54-8367f7904acc,Marcelino,https://play-lh.googleusercontent.com/a-/ALV-UjWGVCi6wfVUoj4TJjC4wOCqLNBUddh8riKhfTTV-k7Xe2cOUF4e,MyTelkomsel selalu selalu memberikan harga kouta terbaik. ayo segera gunakan aplikasi MyTelkomsel untuk Pembelian paket,5,0,8.6.2,2025-04-11 06:08:52,"Hai Kak Marcelino, terima kasih tetap setia menggunakan layanan Telkomsel. Apresiasi dari Kakak sangat berarti bagi kami dalam meningkatkan layanan dan performa MyTelkomsel. Have a great day 😊 -Sekar",2025-04-11 06:30:06,8.6.2
fa93d466-523b-4dbf-bfb5-354825d40be2,D1smound,https://play-lh.googleusercontent.com/a-/ALV-UjW7Wwqk8VJlbfh3383XviwgGYRGIDFDNBWz9gymmTUmei2bSPDU,terbaek,5,0,8.6.2,2025-04-11 06:07:27,"Hai Kak D1smound, terima kasih. Tetap pakai aplikasi MyTelkomsel ya 😊 -Sekar",2025-04-11 06:30:25,8.6.2
b5272cc7-a3c3-415e-84dc-e5913055dcc9,Frisca Aditya,https://play-lh.googleusercontent.com/a-/ALV-UjWxH8WTNedSzRgLTNF0lUBg7FvB1kr-kY2agk6lovTdH6MfjSel,sinyal paling stabil dan kencang 👍👍👍👍,5,0,8.4.2,2025-04-11 06:06:53,"Hai Kak Frisca, terima kasih tetap setia menggunakan layanan Telkomsel. Apresiasi dari Kakak sangat berarti bagi kami dalam meningkatkan layanan dan performa MyTelkomsel. Have a great day 😊 -Sekar",2025-04-11 06:30:38,8.4.2
5f0ca5df-97d6-4dde-ab79-c7a39c8aba7c,adison s,https://play-lh.googleusercontent.com/a-/ALV-UjX3C3m2BjF_GKKoJHcb_q9aIyI5gpwclZa3DiNkRkv9eIFDS_8p,kebanyakan popup.,1,0,8.6.2,2025-04-11 06:05:12,,,8.6.2
846700d1-f26d-4f2a-a294-44da45bbf38f,Arif Horiq,https://play-lh.googleusercontent.com/a/ACg8ocJ1ErPteM0AuqOk8RI--1kHcbv6_DfjeuurWHkn-kF3w3oUBA=mo,my Telkomsel terabaik dan #spektakuler untuk beli paket internet,5,0,8.7.0,2025-04-11 06:04:42,"Hai Kak Arif, terima kasih tetap setia menggunakan layanan Telkomsel. Apresiasi dari Kakak sangat berarti bagi kami dalam meningkatkan layanan dan performa MyTelkomsel. Have a great day 😊 -Sekar",2025-04-11 06:31:05,8.7.0
a9598739-91ef-45a1-b345-17a0696fcc94,Suta Sullivan,https://play-lh.googleusercontent.com/a/ACg8ocI_wn8JO-3rqFpSe8HkkPd63jIRnKJdPiYWYzimJW4v2ucJtQ=mo,gue turunin jadi 2 star karena buat cek kuota aja kgak bsa.. kan bangke!!,2,0,8.7.0,2025-04-11 06:03:57,"Hai Kak Suta, Mohon maaf untuk ketidaknyamanannya ya, silakan coba cara berikut ya Kak:
1. Clear cache aplikasi
2. Force close aplikasi
lalu coba login kembali, apabila masih mengalami kendala, silakan hubungi kami melalui DM Instagram @Telkomsel atau chat di tsel.id/chatva. Semoga membantu. :) -Edo",2025-04-11 10:16:02,8.7.0
c6804848-a7af-4480-9548-f01104e0c713,Supri Supri,https://play-lh.googleusercontent.com/a/ACg8ocJGBMMbTvvGvj8lMZ2kDBwJAh2p7lcIy_dExBlaHgPIBlX1Dg=mo,bagus,5,0,8.7.0,2025-04-11 05:59:21,"Hai Kak Supri, terima kasih. Tetap pakai aplikasi MyTelkomsel ya 😊 -Sekar",2025-04-11 06:31:34,8.7.0
5591c103-b8e1-4f1e-bb33-3d75df80f845,sutiyan ramadhana,https://play-lh.googleusercontent.com/a/ACg8ocJFJdReiF8WQkKVFXDStZvcZVsWofuBghrCY5HjEB7LI6-6gw=mo,"Tolong diperbaiki bug, terlalu lama loadit",5,0,8.7.0,2025-04-11 05:59:18,,,8.7.0
df33dc1e-c020-4d0c-b6ff-c990810536e0,muhamad elvano vano,https://play-lh.googleusercontent.com/a-/ALV-UjX_MIQiyLBHAoGG5XcBzwQwcZynpfaLs_Q_ieU9mBDQOl4ko5U,"apaan si,sering log out sendiri,pas mau login terjadi kesalahan Mulu...makin kesini bukannya makin bagus malah makin busuk...!!!",1,0,8.7.0,2025-04-11 05:57:48,"Hai Kak Elvano, Mohon maaf untuk ketidaknyamanannya ya, silakan coba cara berikut ya Kak:
1. Clear cache aplikasi
2. Force close aplikasi
lalu coba login kembali, apabila masih mengalami kendala, silakan hubungi kami melalui DM Instagram @Telkomsel atau chat di tsel.id/chatva. Semoga membantu. :) -Edo",2025-04-11 13:03:23,8.7.0
95f232c4-8573-4806-a96c-725cd434f433,Ahmad Andika,https://play-lh.googleusercontent.com/a-/ALV-UjWXAeeUVWTkXFfv1GAUHhy_OWPQffF99Zr7n1YLq4yO-Ehdkjo,Ini apk klo sinyal gk kenceng gk bakalan keluar data nya.. bilng sat set nyatanya mana? Tinjau ulng dong nih apk,1,0,8.7.0,2025-04-11 05:57:19,"Hai Kak Ahmad, Mohon maaf untuk ketidaknyamanannya ya, silakan coba cara berikut ya Kak:
1. Clear cache aplikasi
2. Force close aplikasi
lalu coba login kembali, apabila masih mengalami kendala, silakan hubungi kami melalui DM Instagram @Telkomsel atau chat di tsel.id/chatva. Semoga membantu. :) -Edo",2025-04-11 09:14:11,8.7.0
513ee333-5ce9-4b9e-8f8d-cd95a0454575,Maikki Giovanni,https://play-lh.googleusercontent.com/a-/ALV-UjWoADMHMZrIKc4v7NWHh9yz4mBYbWp--KmIvuOaGmrkT41mH3Vu,"diperbaiki lagi untuk masalah jaringan.. Buka aplikasi ini saja, loadingnya lama walaupun sudah pakai Indihome sekalipun..",2,0,8.6.2,2025-04-11 05:57:09,"Hai Kak Maikki, Mohon maaf untuk ketidaknyamanannya ya, silakan coba cara berikut ya Kak:
1. Clear cache aplikasi
2. Force close aplikasi
lalu coba login kembali, untuk kendala jaringan silakan coba restart handphone kakak. Apabila masih berkendala silakan hubungi kami di DM Instagram @telkomsel atau chat di tsel.id/chatva. Semoga membantu. :) -Edo",2025-04-11 10:17:38,8.6.2
2f86b977-c91f-4d2b-be94-a7f81485b627,KA OZ,https://play-lh.googleusercontent.com/a/ACg8ocKqdROp0PmMibYpl-v_4GUd4fZV7Sh0uLrTqWaVwaZw5iG96A=mo,"aplikasinya gak bisa di refresh, cek kuota gak berkurang tp giliran pakai UMB baru bisa cek kuota",1,0,8.7.0,2025-04-11 05:53:51,"Hai Kak, Mohon maaf untuk ketidaknyamanannya ya, silakan coba cara berikut ya Kak:
1. Clear cache aplikasi
2. Force close aplikasi
lalu coba login kembali, apabila masih mengalami kendala, silakan hubungi kami melalui DM Instagram @Telkomsel atau chat di tsel.id/chatva. Semoga membantu. :) -Edo",2025-04-11 13:04:21,8.7.0
05ab2d23-372e-41c8-a0e1-5ef9761e2dc5,Mulyadi Yadi,https://play-lh.googleusercontent.com/a/ACg8ocJqABmxH6k4XR7rCyrZCbYtEq3Qtye9jeuEDiTDsr3JDvYSFg=mo,makin ga jelas ini Telkomsel sinyal makin lemot dongo bego kaya iT Telkomsel,1,0,8.6.2,2025-04-11 05:52:34,"Hai Kak Mulyadi, Mohon maaf untuk ketidaknyamanannya, silakan coba restart handphone kakak. Apabila masih terdapat kendala silakan hubungi kami di DM Instagram @telkomsel atau chat di tsel.id/chatva. Semoga membantu. :) -Edo",2025-04-11 13:19:28,8.6.2
a622b393-f154-4e74-af55-84da92891b77,Arian Nurhayadi,https://play-lh.googleusercontent.com/a-/ALV-UjVAPDMKJgP8xakwpOaGZgMnfZNxfyZa1Dly8Y4RLq2cbsn9v7g,aplikasi jadi berat,1,0,7.2.0,2025-04-11 05:51:17,"Hai Kak Arian, Mohon maaf untuk ketidaknyamanannya ya, apabila aplikasi MyTelkomsel terlalu berat di handphone kakak, silakan coba unduh MyTelkomsel Basic. Aplikasi ini sudah tersedia di PlayStore. Apabila masih mengalami kendala, silakan hubungi kami melalui DM Instagram @Telkomsel atau chat di tsel.id/chatva. Semoga membantu. :) -Edo",2025-04-11 08:30:51,7.2.0
ecda89aa-bda7-41f8-bdfc-cf3e5e244efb,Alvi Muftin,https://play-lh.googleusercontent.com/a-/ALV-UjUgoQEpeMFQHrExPOKqkc8jN9RibOM0vpJL0KDGtgepDjKzxXVZ,"Jangan sampe kita ganti provider nih , di cek ulasannya min,liat sebanyak apa orang yang resah,gimana caranya beli paket kl aplikasinya aja gamasuk"" , jaringan dah kenceng gini masih aja gabisa d buka",1,0,8.6.2,2025-04-11 05:49:24,"Hai Kak Alvi, Mohon maaf untuk ketidaknyamanannya ya, silakan coba cara berikut ya Kak:
1. Clear cache aplikasi
2. Force close aplikasi
lalu coba login kembali, apabila masih mengalami kendala, silakan hubungi kami melalui DM Instagram @Telkomsel atau chat di tsel.id/chatva. Semoga membantu. :) -Edo",2025-04-11 13:20:07,8.6.2
45f548e3-0693-4b21-a761-ec01f882c147,Sf Supfar,https://play-lh.googleusercontent.com/a/ACg8ocKW0ljXZCrdaxYig_0eirEe71YCbx67Eu0yJMTciSESFCIFkg=mo,"jaringan kayak taik kuota banyak tpi main game ml malah merah kau perbaiki lah jaringan nya udah kuota blik mahal"" malah jaringan nya kek gitu seharusnya yg mahal itu kualitas nya tinggi lah ini apa",1,0,8.6.2,2025-04-11 05:48:45,"Hai Kak Supfar, Mohon maaf untuk ketidaknyamanannya, silakan coba restart handphone kakak. Apabila masih terdapat kendala silakan hubungi kami di DM Instagram @telkomsel atau chat di tsel.id/chatva. Semoga membantu. :) -Edo",2025-04-11 13:20:39,8.6.2
adb0b490-2e3e-4b99-b1dc-2ea204237367,Laorensius Laorensius,https://play-lh.googleusercontent.com/a-/ALV-UjVLzsT3pxnE_q4k5kMOX_odAO4-ibUAy-A92Nom_zrp7Iqd1YL6,tolong lah developer masa pulsa yg udh di kunci tetap hangus jadi apa artinya fitur penguncian pulsa kalau tetap hangus kalau gk bisa memperbaiki masalahnya lebih baik di hapus fitur penjaga pulsa itu,1,0,8.6.2,2025-04-11 05:47:07,"Hai Kak Laorensius, Mohon maaf untuk ketidaknyamanannya, karena kami memerlukan informasi lebih lanjut untuk membantu kakak, silakan hubungi kami di DM Instagram @telkomsel atau chat di tsel.id/chatva. Semoga membantu. :) -Edo",2025-04-11 13:21:24,8.6.2
a7287d8a-3274-4db6-8057-5b725f11c4db,Effandera S,https://play-lh.googleusercontent.com/a/ACg8ocLfVT87R5tgXihDvgqB_CfFWwVVunio1hdbXiLcb4Quj470iaA=mo,"Paket kuota : Biasanya cuma bisa pakai paket internet biasa, tapi setelah lihat ada paket streaming buat netflix sama Disney+ jadi lebih hemat dibanding cuma beli kuota reguler #Spektakuler",5,0,8.7.0,2025-04-11 05:39:18,"Hai Kak Effandera, terima kasih tetap setia menggunakan layanan Telkomsel. Apresiasi dari Kakak sangat berarti bagi kami dalam meningkatkan layanan dan performa MyTelkomsel. Have a great day 😊 -Sekar",2025-04-11 06:41:11,8.7.0
b40aa3a4-12e2-428e-b801-9705d3abfc4b,hansensTAz Gamerz Glory,https://play-lh.googleusercontent.com/a-/ALV-UjVE_Rhs9H3xCwnH13f5LDbP6yy7NP-OwbMyHPvSzGX7paabiUfG,masih 2x 3x batu bisa kebuka,3,0,8.6.1,2025-04-11 05:30:59,"Hai Kak Hansens, Mohon maaf untuk ketidaknyamanannya ya, silakan coba cara berikut ya Kak:
1. Clear cache aplikasi
2. Force close aplikasi
lalu coba login kembali, apabila masih mengalami kendala, silakan hubungi kami melalui DM Instagram @Telkomsel atau chat di tsel.id/chatva. Semoga membantu. :) -Edo",2025-04-11 11:35:47,8.6.1
89be0158-6490-497f-b79b-77d3fc24f024,Okcti Pidiyanti,https://play-lh.googleusercontent.com/a-/ALV-UjU7lLiiJOBNeIGwJ_ZfUbM9cq5csZtihOs-959BgszC9TnPaZAn,Tampilan MyTelkomsel terupdate rapi #Spektakuler dan gampang digunakan,5,0,8.6.2,2025-04-11 05:28:39,"Hai Kak Okcti, terima kasih tetap setia menggunakan layanan Telkomsel. Apresiasi dari Kakak sangat berarti bagi kami dalam meningkatkan layanan dan performa MyTelkomsel. Have a great day 😊 -Sekar",2025-04-11 06:56:21,8.6.2
7189a434-0103-4dd6-a07f-3f9b512a8ee8,Dede asep Sumantri,https://play-lh.googleusercontent.com/a/ACg8ocJyUjjB-2X6QSPPS-OwLzFUksft6GCDUad5IsiL58qf_huYZQ=mo,"Sinyal parah, sering komplen tapi ga ada perubahan sama sekali. Waktu dimana sinyal lancar cuma tengah malem aja. Mahal doang tapi kualitas buruk",1,0,8.6.2,2025-04-11 05:27:09,"Mohon maaf ya, Kak Dede. Perihal kendala sinyal lemah, agar bisa dibantu lebih lanjut. Yuk hubungi mimin melalui Instagram @Telkomsel atau email cs@telkomsel.com. Makasih :) -Sekar",2023-11-07 05:07:47,8.6.2
2877ecb8-d115-47c5-bfff-ec7f0eee9769,Rengga Dwi Pamungkas,https://play-lh.googleusercontent.com/a/ACg8ocIz6CePpMy1OGus1cbyU4xzllApsJg03QEKNdGiL7m0wTSKKA=mo,sinyalnya sekarang jelek banget,1,0,8.6.2,2025-04-11 05:25:01,"Hai Kak Rengga, Mohon maaf untuk ketidaknyamanannya, silakan coba restart handphone kakak. Apabila masih terdapat kendala silakan hubungi kami di DM Instagram @telkomsel atau chat di tsel.id/chatva. Semoga membantu. :) -Edo",2025-04-11 08:45:31,8.6.2
61589f0d-ade2-4fc0-86b1-8efeb28dd417,hendra cipta wijaya,https://play-lh.googleusercontent.com/a-/ALV-UjVN2LiD2-Zv0Hk2HgCKwowLPBEkEU5jh94dirmqnNaClOaC8Pyf,simpati gembel sinyalnya,1,0,7.5.0,2025-04-11 05:23:05,"Hai Kak Hendra, Mohon maaf untuk ketidaknyamanannya, silakan coba restart handphone kakak. Apabila masih terdapat kendala silakan hubungi kami di DM Instagram @telkomsel atau chat di tsel.id/chatva. Semoga membantu. :) -Edo",2025-04-11 13:22:03,7.5.0
0c001441-5e02-4c07-9ae5-9dd6de555d0b,TRI PANJI PAMUNGKAS,https://play-lh.googleusercontent.com/a-/ALV-UjXhGuJpb9_83eiQz4sHDb1dFmJSd3-9dplogtKonqWvUL54MdjxTg,"selalu kaya saing sama provider lainnya, lebih mahal dan jaringan suka gangguan kalau pakai di modem, padahal 13 Tahun Pakai no ini",1,29,8.7.0,2025-04-11 05:22:41,"Hai, Kak Tri. Maaf atas kendala akses aplikasi Lambat. Makasih untuk masukannya, berharga banget untuk pengembangan versi MyTelkomsel selanjutnya. Terus pakai nomor Telkomselnya ya Kak. Telkomsel proudly growing with you. -Noela",2021-01-03 05:54:20,8.7.0
8d9b32e1-a290-4e0a-9f27-cc34582b0a87,Eddo Azzah,https://play-lh.googleusercontent.com/a/ACg8ocIZUXgNfwftkSsO7_2rg81aLMatCguWAsiOJsyVMKwxbmebDg=mo,Rekomen Abdeth Lagi Ke Mode 5G 6G dan Seterus Nya Apa Bisa Ya Bisa dong 🤫,5,0,8.7.0,2025-04-11 05:15:28,"Hai Kak Eddo, terima kasih tetap setia menggunakan layanan Telkomsel. Apresiasi dari Kakak sangat berarti bagi kami dalam meningkatkan layanan dan performa MyTelkomsel. Have a great day 😊 -Sekar",2025-04-11 06:57:03,8.7.0
94da9e29-b478-40dc-9399-29f2517c94bf,Tamsil Abrori,https://play-lh.googleusercontent.com/a/ACg8ocKnKufMAWgKaqjlLUaijBxPI-3n0PLjzVDlas0JFWq1UumNNg=mo,aplikasi ga jelas ngeleg Mulu sampah,1,0,8.6.2,2025-04-11 05:06:23,"Hai Kak Tamsil, Mohon maaf untuk ketidaknyamanannya ya, silakan coba cara berikut ya Kak:
1. Clear cache aplikasi
2. Force close aplikasi
lalu coba login kembali, apabila masih mengalami kendala, silakan hubungi kami melalui DM Instagram @Telkomsel atau chat di tsel.id/chatva. Semoga membantu. :) -Edo",2025-04-11 09:24:54,8.6.2
08a99740-53a3-409f-b16e-4db1eec63116,Sehun Exohh,https://play-lh.googleusercontent.com/a/ACg8ocKr8y41dQ1PRrS9_8xSiRHQ4p-g38lc1bl8F49eZ7hmlj8EoQ=mo,aplikasi berat,1,0,,2025-04-11 05:01:44,"Hai Kak Sehun, Mohon maaf untuk ketidaknyamanannya ya, apabila aplikasi MyTelkomsel terlalu berat di handphone kakak, silakan coba unduh MyTelkomsel Basic. Aplikasi ini sudah tersedia di PlayStore. Apabila masih mengalami kendala, silakan hubungi kami melalui DM Instagram @Telkomsel atau chat di tsel.id/chatva. Semoga membantu. :) -Edo",2025-04-11 09:26:10,
604478e0-9ed9-4045-940a-f14ea51f094b,AGUS 22,https://play-lh.googleusercontent.com/a-/ALV-UjVLXu_-X9PPo8f8kjE265wVSZkmftOzJhePdtO5a4LvAroPQ2Rg,gak jelas mau cari paket lama banget buka aplikasi loding nya setengah jam ganti di hp satunya sama aja,2,0,8.7.0,2025-04-11 04:57:46,,,8.7.0
fab1b52c-409f-4736-88ef-b57da933e0c0,Yusuf Ali,https://play-lh.googleusercontent.com/a-/ALV-UjXaJJ5uBOL5-GVobl9xLHjKbNDfdOPKodmi9JocLQQHH7aGKV4,min perbaiki dong aplikasinya. abis diupdate kok gak bisa dibuka ya? udah dibersihkan cache dan datanya tetap aja keluar sendiri. HP IQOO 12.,1,0,7.2.0,2025-04-11 04:50:43,"Hai Kak Yusuf, Mohon maaf untuk ketidaknyamanannya ya, silakan coba cara berikut ya Kak:
1. Clear cache aplikasi
2. Force close aplikasi
lalu coba login kembali, apabila masih mengalami kendala, silakan hubungi kami melalui DM Instagram @Telkomsel atau chat di tsel.id/chatva. Semoga membantu. :) -Edo",2025-04-11 09:28:37,7.2.0
a6937d28-5c2f-4261-a30f-363fdc2c852e,DGrey Project,https://play-lh.googleusercontent.com/a-/ALV-UjWwq0ymvdqn-DjG0G8xB_O2ZYk6nkf-L5ly1y-0_dO7DoSlf-s-,untuk tukar poin undian apakah bisa secara multiple atau keseluruhan poin soalnya ribet dan lama kalau tukar secara satu persatu.,4,0,8.7.0,2025-04-11 04:37:49,,,8.7.0
9d08f032-0b36-43d0-af3d-6ffac74a5d71,Supriyadi Supriyadi,https://play-lh.googleusercontent.com/a/ACg8ocLB0Zj8HX55zb1Z-y1tqvw1esTmxnEuYp_vBC4xIscdUFkx=mo,sangat baik,4,0,8.6.2,2025-04-11 04:28:49,"Hai Kak Supriyadi, terima kasih. Tetap pakai aplikasi MyTelkomsel ya 😊 -Sekar",2025-04-11 06:27:03,8.6.2
7a101a17-d8ca-47ef-ab39-3fbc9e18df94,Xmods,https://play-lh.googleusercontent.com/a/ACg8ocKURg24tDRS7DqztngBLkmsdXivjrXgCb0Rf-jI_eBxYgprog=mo,"sumpah, sinyal di area musi banyuasin sangatlah susah bahkan biasanya bisa unggul dalam bermain game aktivitas lain lain sekarang sangat susah orang orang sekarang beralih ke operator lain karna lebih murah dan jaringan lebih bagussss",2,0,8.6.2,2025-04-11 04:28:06,,,8.6.2
6e117ea7-493c-42d5-b58d-c3f8f37250a4,Denny Satriadi,https://play-lh.googleusercontent.com/a/ACg8ocLw42-8I0HpQ_mYndrptj9MhEA8wm0kdjZV5Wb25Ii29sdrdg=mo,Telkomsel selalu di depan #Mantul,5,0,,2025-04-11 04:21:57,"Hai Kak Denny, terima kasih. Tetap pakai aplikasi MyTelkomsel ya 😊 -Sekar",2025-04-11 06:58:34,
628c31f7-e532-46c0-8831-cf689a171263,Alkholic Syakha,https://play-lh.googleusercontent.com/a-/ALV-UjUzW2gJAxiKkPbPHa7b8fqJRrAaNdVB1IY6VAdhFHImypdlrHLf,"tolong di benahi, saya pelanggan setia telkomsel dari dulu sekali.. tapi saya merasa kurang nyaman dengan aplikasi my telkomsel di karenakan loading yang lambat/terlalu berat, hingga terkadang susah untuk mengaksesnya...",3,0,8.7.0,2025-04-11 04:14:23,,,8.7.0
29de5078-666b-4ba9-a310-958cc4712408,nadya r,https://play-lh.googleusercontent.com/a/ACg8ocIqGpHZ8HfVrHN1zNflWt9Euf0N9-tDNe_94PTbvLe1Shb6Bw=mo,skrg ko aneh udh di bagi2 kuotany saya beli di aplikasi ini kuota lokal ny ko bisa di sukabumi saya di jkt gimana dong biar bisa dipakai ini masih byk sayang ga ke pake sama skli,1,0,8.7.0,2025-04-11 04:10:21,,,8.7.0
90f82874-9691-4f31-b7ef-5c9befd6aeb0,Mevita Alfarisi,https://play-lh.googleusercontent.com/a/ACg8ocLpjBm5tOWb8XdSGnWg8c80_R6jBRWFTJ2XRoeC_BREaIXhYA=mo,"luar biasa lag nya, gak bisa login 2 hari muser2 terus",1,0,8.6.2,2025-04-11 04:08:08,"Hai Kak Mevita, Mohon maaf untuk ketidaknyamanannya ya, silakan coba cara berikut ya Kak:
1. Clear cache aplikasi
2. Force close aplikasi
lalu coba login kembali, apabila masih mengalami kendala, silakan hubungi kami melalui DM Instagram @Telkomsel atau chat di tsel.id/chatva. Semoga membantu. :) -Edo",2025-04-11 09:29:31,8.6.2
cf00f396-14a1-4d53-8e7e-ea3c610cfdfa,Chep Arjun,https://play-lh.googleusercontent.com/a/ACg8ocI_wA8CT5c-cIxGbyI3Oh4MuekQ4D3sgKqd6Jd6hIFf4IobIA=mo,"sy kasih bintang 5 biar diperbaiki, ngeleg terus, harus di buang trus install lagi",5,0,5.7.3,2025-04-11 04:07:28,,,5.7.3
f635b505-6859-4d42-9496-3995f08387b0,Arjuna,https://play-lh.googleusercontent.com/a-/ALV-UjVM2KMtcilUlK5xVt-I5x9lPzgF15rGsDkK9vtzlb6ByhZOVeoX,"transaksi pembelian lewat dana gangguan terus, payah nih telkomsel",1,0,,2025-04-11 04:06:17,"Hai Kak Arjuna, Mohon maaf untuk ketidaknyamanannya ya, silakan coba cara berikut ya Kak:
1. Clear cache aplikasi
2. Force close aplikasi
lalu coba login kembali, apabila masih mengalami kendala, silakan hubungi kami melalui DM Instagram @Telkomsel atau chat di tsel.id/chatva. Semoga membantu. :) -Edo",2025-04-11 09:30:07,
1ba517a9-171c-416f-9fdc-8b6d8989ee9c,Rezky dava Pradita,https://play-lh.googleusercontent.com/a-/ALV-UjW3tVVLk3geRm1AikL1_kkKIWxxIYIy3Bmf-XeZDsbdRt6ADGA,"bintang 1 dulu,, apk nya lelet",1,0,8.6.2,2025-04-11 04:01:21,"Hai Kak Rezky. Mohon maaf untuk ketidaknyamanannya ya, silakan coba cara berikut ya Kak:
1. Clear cache aplikasi
2. Force close aplikasi
lalu coba login kembali, apabila masih mengalami kendala, silakan hubungi kami melalui DM Instagram @Telkomsel atau chat di tsel.id/chatva. Semoga membantu. 😊 -Sekar",2025-04-11 04:39:46,8.6.2
f53710e7-e510-4c2b-a46e-a4d21e170a42,Aydi Farhan,https://play-lh.googleusercontent.com/a/ACg8ocKBvAO6GQ2jxvt92Bt6Pl3d0ZsPHb6NPjvOEj4P68iyPr9_7w=mo,"Banyak bug setelah update, pulsa tiba-tiba ilang",1,0,8.6.2,2025-04-11 04:01:09,"Hai Kak Aydi. Mohon maaf untuk ketidaknyamanannya ya, silakan coba cara berikut ya Kak:
1. Clear cache aplikasi
2. Force close aplikasi
lalu coba login kembali. Untuk keluhan pulsa berkurang, silakan hubungi kami melalui DM Instagram @Telkomsel atau chat di tsel.id/chatva. Semoga membantu. 😊 -Sekar",2025-04-11 04:41:48,8.6.2
46af7866-5992-424c-be31-526389a21986,Abimanyu Adam,https://play-lh.googleusercontent.com/a-/ALV-UjWOfVYWv7xloF7Sf5GV_Z_FZNoSnsmVE_VsGEqV1bd9kVIn81Y,"Sinyal babiiiiii, beli kuota 20 gb yang bsa kepake cuman brp mb doang, scam banget sih",1,1,8.7.0,2025-04-11 04:00:15,"Hai Kak Adam. Mohon maaf untuk ketidaknyamanannya. Untuk kendala penggunaan kuota, Kakak bisa langsung menghubungi kami di DM Instagram @Telkomsel atau hubungi kami di tsel.id/chatva. Semoga membantu. 😊 -Sekar",2025-04-11 04:46:43,8.7.0
ce8d118c-c62b-40a0-9464-bd2f4f979838,nursal,https://play-lh.googleusercontent.com/a/ACg8ocJKMJDs0WDgXcy0SHyLSXfZVUD9OpNLYeIS6R0aAC73Fu_YSw=mo,Telkomsel selalu di hati#Mantul,5,0,6.18.0,2025-04-11 04:00:02,"Hai Kak Nursal, terima kasih. Tetap pakai aplikasi MyTelkomsel ya 😊 -Sekar",2025-04-11 06:59:19,6.18.0
e02c5caf-616b-40be-a46b-8a9161dceaa0,Kun Official,https://play-lh.googleusercontent.com/a-/ALV-UjX9w7TPEPzhhswKe6-MlRhfPKSLd937vKLxVN_wrXHzAvaQ9Cs_,KENAPAA SKARANG BUKA APLIKASI LOADING BANGET SII .... PDHL SINYAL BAGUS..BUAT SOSMED LAINNYA OKE..,1,0,8.6.2,2025-04-11 03:59:24,"Hai Kak Kun. Mohon maaf untuk ketidaknyamanannya, silakan coba restart handphone Kakak. Apabila masih terdapat kendala silakan hubungi kami di DM Instagram @telkomsel atau chat di tsel.id/chatva. Semoga membantu. :) -Sekar",2025-04-11 04:47:09,8.6.2
b0a12655-5c2a-4697-844a-c1f26740d80e,Yubi Kar,https://play-lh.googleusercontent.com/a/ACg8ocJ59Q0vmQhEFVluAB2_tZqjOZq82H9IAEnAIsS0qGBZtPa-WQ=mo,"aplikasi berat banget, loading lama kayak nungguin kebijakan pemerintah.",1,0,,2025-04-11 03:57:22,"Hai Kak Yubi. Mohon maaf untuk ketidaknyamanannya ya, apabila aplikasi MyTelkomsel terlalu berat di handphone kakak, silakan coba unduh MyTelkomsel Basic. Aplikasi ini sudah tersedia di PlayStore. Apabila masih mengalami kendala, silakan hubungi kami melalui DM Instagram @Telkomsel atau chat di tsel.id/chatva. Semoga membantu.😊 -Sekar",2025-04-11 04:47:30,
957e63eb-165e-4ba5-80fd-8c5ff3967542,Fadil Fadil,https://play-lh.googleusercontent.com/a-/ALV-UjVXJN7KK-aPyG9sxMoawSNeJS_BcgFc_I2vX376o-r7YS0t5q0,baru update bukannya makin bagus malah makin jelek hadeh,3,0,,2025-04-11 03:56:56,,,
5e9835b6-4a2f-4f89-a6ee-324938f9540a,Fazryan Ariabhatya,https://play-lh.googleusercontent.com/a-/ALV-UjXt7KykIi-q_iftlkVZnKbdZDBzLh4mPY6HUGnAKf6TVbnahiYm,susah masuknya keluar mulu,2,0,8.7.0,2025-04-11 03:54:58,"Hai Kak Fazryan. Mohon maaf untuk ketidaknyamanannya ya, silakan coba cara berikut ya Kak:
1. Clear cache aplikasi
2. Force close aplikasi
lalu coba login kembali, apabila masih mengalami kendala, silakan hubungi kami melalui DM Instagram @Telkomsel atau hubungi kami di tsel.id/chatva. Semoga membantu. :) -Alma",2025-04-12 05:10:51,8.7.0
2415654d-b6dd-4f9c-ba46-2e3b15a0e350,ZAKI ZULFAQAR,https://play-lh.googleusercontent.com/a-/ALV-UjUusyuOXdceHgrrhaR6N27mQ5K43AlP2dNsocf3G-m0ba3aPb1-,"makin lama makin lemot, ngecek paketan aja ngeleg ga selesai"" padahal sinyal bagus, mau beli paketan aja susahnya minta ampun padahal posisi paketan jg udh mau habis malah disuruh hadapin apk yg ngeleg"" gini, buat admin tolong evaluasi LG dan di benerin ya, jangan mentingin update update terus percuma update tp ngeleg terus",1,0,,2025-04-11 03:49:35,"Hai Kak ZAKI. Mohon maaf untuk ketidaknyamanannya ya, silakan coba cara berikut ya Kak:
1. Clear cache aplikasi
2. Force close aplikasi
lalu coba login kembali. Untuk keluhan cek kuota dan aktivasi paket, silakan hubungi kami melalui DM Instagram @Telkomsel atau chat di tsel.id/chatva. Semoga membantu. 😊 -Sekar",2025-04-11 05:00:36,
c5b470a1-6621-45a6-8105-07b680111d6d,Parulian Hutapea,https://play-lh.googleusercontent.com/a-/ALV-UjUXsMibLFMCASX1vNuMLkdPH-2UVnLZ79pUt0ponWMlPgmBtvTZ,"kalau ada bonus dari point yg bersifat pulsa,langsung masukkan sj ke no hp peserta",5,0,8.6.2,2025-04-11 03:49:34,"Hai Kak Parulian, terima kasih tetap setia menggunakan layanan Telkomsel. Apresiasi dari Kakak sangat berarti bagi kami dalam meningkatkan layanan dan performa MyTelkomsel. Have a great day 😊 -Sekar",2025-04-11 06:59:39,8.6.2
a288456b-1529-4d3c-bb6a-b4f9435ceec9,Teguh HN,https://play-lh.googleusercontent.com/a/ACg8ocK0IxSIXy1zrUEh7NY-4D3u7qgEBGdSPpZsc0RglaboH3eGZw=mo,tidak bisa dibuka di POCO X6 PRO,1,0,8.6.2,2025-04-11 03:49:26,"Hai Kak Teguh. Mohon maaf untuk ketidaknyamanannya. Untuk kendala akses aplikasi MyTelkomsel, Kakak bisa langsung menghubungi kami di DM Instagram @Telkomsel atau hubungi kami di tsel.id/chatva. Semoga membantu. 😊 -Sekar",2025-04-11 05:00:55,8.6.2
e7d69f8f-30df-4d5b-a3ee-b409b6769a79,seputar info menarik,https://play-lh.googleusercontent.com/a-/ALV-UjWlBj6Um2oFI7kz-DtAFdSkURVRTkiQVvwKFDwTf_txw9ya_QIG,tiba-tiba keluar sendiri,1,0,8.7.0,2025-04-11 03:48:05,"Hai Kak Seputar. Mohon maaf untuk ketidaknyamanannya, silakan coba login kembali setelah beberapa saat. Apabila tetap mengalami kesulitan login, silakan hubungi kami melalui DM Instagram @telkomsel atau chat di tsel.id/chatva. Semoga membantu. 😊 -Sekar",2025-04-11 05:01:18,8.7.0
eacb6503-ee58-467b-a415-f9b3e73882ef,Laguna mama laut,https://play-lh.googleusercontent.com/a-/ALV-UjVMqiMwY1ITg739Jyt2tR_W-LEfdq4DznljL17zx6I3CJI4O2gj,"habis di update malah ga bisa dibuka,,makin aneh ini telkomsel,,,",1,0,,2025-04-11 03:48:04,"Hai Kak Laguna. Mohon maaf untuk ketidaknyamanannya. Untuk kendala akses aplikasi MyTelkomsel, Kakak bisa langsung menghubungi kami di DM Instagram @Telkomsel atau hubungi kami di tsel.id/chatva. Semoga membantu. 😊 -Sekar",2025-04-11 05:02:16,
6b268716-a149-4c44-9213-f222e4f70387,MUHAMMAD QODIR,https://play-lh.googleusercontent.com/a/ACg8ocK0_gKaSjhl0m9zWr8ZKkrvGuvNJCAGrS5kxGjdpXiKul1cIQ=mo,"kenapa tiba-tiba keluar dari aplikasi, padahal saya baru buka aplikasi, seperti itu terus setiap saya buka aplikasi, dan juga, harus masukkan nomor pengguna setiap buka aplikasi, padahal, sebelumnya sudah pernah, apakah tidak ada fitur simpan data pengguna?",1,0,8.7.0,2025-04-11 03:48:03,"Hai Kak QODIR. Mohon maaf untuk ketidaknyamanannya, silakan coba login kembali setelah beberapa saat. Apabila tetap mengalami kesulitan login, silakan hubungi kami melalui DM Instagram @telkomsel atau chat di tsel.id/chatva. Semoga membantu. 😊 -Sekar",2025-04-11 05:01:53,8.7.0
6b698cf3-4d1a-48e3-b7e8-e2f8117a111c,Mulyono akbar,https://play-lh.googleusercontent.com/a-/ALV-UjWXhoEYHqYDZOlWp-3bVYWMjrWDtxvuaHBDoofN9g7N3GUz-Pc,my Telkomsel setelah dibuka ngelag dan mental,5,0,8.7.0,2025-04-11 03:46:51,,,8.7.0
4d93a4f0-48c8-4641-ab24-17506398b2ae,Rizka Dwi 31,https://play-lh.googleusercontent.com/a/ACg8ocLwE1jPoCKKOMESepRBjiXkbyhTSGez40WxOrBaOvsqjrSq_WU=mo,gk jelas banget ini apk masa mau beli kouta malah gangguan sistem terus. Niat bikin apk gk sih????,1,0,8.6.2,2025-04-11 03:46:36,"Hai Kak Rizka. Mohon maaf untuk ketidaknyamanannya. Untuk kendala gak bisa aktivasi paket, Kakak bisa langsung menghubungi kami di DM Instagram @Telkomsel atau hubungi kami di tsel.id/chatva. Semoga membantu. 😊 -Sekar",2025-04-11 05:02:54,8.6.2
13cb55af-188d-40f1-a28f-a94d04ee16ba,Enyli,https://play-lh.googleusercontent.com/a-/ALV-UjWpZl9o8zy9hKYgiMo8pQh1KRhkJxfvvILKwG6s_AVmRJJIcUeYMg,suka keluar sendiri kalo di buka aplikasi nya,1,0,8.6.2,2025-04-11 03:46:35,"Hai Kak Enyli. Mohon maaf untuk ketidaknyamanannya, silakan coba login kembali setelah beberapa saat. Apabila tetap mengalami kesulitan login, silakan hubungi kami melalui DM Instagram @telkomsel atau chat di tsel.id/chatva. Semoga membantu. 😊 -Sekar",2025-04-11 05:03:12,8.6.2
37d98f19-66cf-4cb1-8bb5-18879ad1760a,neilsya,https://play-lh.googleusercontent.com/a-/ALV-UjWbSjlpqqm752j-sft2EyuPJPMcMGOkc8ZRD0oKUSaLsPrvqMeH,SUKA LEMOT NGEBUG,2,0,8.6.2,2025-04-11 03:46:28,"Hai Kak Neilsya. Mohon maaf untuk ketidaknyamanannya ya, silakan coba cara berikut ya Kak:
1. Clear cache aplikasi
2. Force close aplikasi
lalu coba login kembali, apabila masih mengalami kendala, silakan hubungi kami melalui DM Instagram @Telkomsel atau hubungi kami di tsel.id/chatva. Semoga membantu. :) -Alma",2025-04-12 05:11:37,8.6.2
88b36faf-9642-4a4a-92a1-b5353ee3c5da,Afifah,https://play-lh.googleusercontent.com/a/ACg8ocIiTn3d3TrkHiRExwKlwvIxuP92B5FeTzgPwKtHouWDBJP8og=mo,#Luar biasa paket internet Telkomsel bisa dibeli dalam beberapa klik aja di My telkomsel,5,0,8.7.0,2025-04-11 03:46:14,"Hai Kak Afifah, terima kasih tetap setia menggunakan layanan Telkomsel. Apresiasi dari Kakak sangat berarti bagi kami dalam meningkatkan layanan dan performa MyTelkomsel. Have a great day 😊 -Sekar",2025-04-11 07:00:14,8.7.0
337af7f4-2bd2-4c7e-b269-e6dbb57e4fb0,Shanum Ayna,https://play-lh.googleusercontent.com/a/ACg8ocIWFl2pnqD2aXiBvnEVaCvSyY2N7dl_2H_uROTOP5VZQZBhww=mo,Telkomsel Ter setres masa pulsa baru masuk udah di ambilin ma ni aplikasi mna gede lagi hampir hangus,1,0,8.6.2,2025-04-11 03:45:30,"Hai Kak Ayna. Mohon maaf untuk ketidaknyamanannya, karena kami memerlukan informasi lebih lanjut untuk membantu kakak, silakan hubungi kami di DM Instagram @telkomsel atau chat di tsel.id/chatva. Semoga membantu. 😊 -Sekar",2025-04-11 05:04:14,8.6.2
5f50f185-1f5c-47c1-a89b-3543f01e78b0,M Ikhsan Rifa'i,https://play-lh.googleusercontent.com/a/ACg8ocIJp1sWsnvgvguIbp95JvKQtptVgXFtWRScKfCNBxaWyN5ewA=mo,"masih dengan harapan yang sama🥲hehehe, untuk saat ini fine lah tolong dong untuk sinyal dioptimalisasi, dibuat jadi lite aja dah apk nya min yg penting fungsional nya itu loh",1,0,8.3.0,2025-04-11 03:45:20,"Hai Kak Ikhsan, terima kasih untuk saran dan masukannya ya Kak. Hal ini sangat berarti bagi kami untuk meningkatkan Layanan dan performance aplikasi MyTelkosmel. :) -Edo",2024-09-25 12:04:15,8.3.0
f31fb3bb-8f99-4869-afab-14586f17d9a0,Ry an,https://play-lh.googleusercontent.com/a/ACg8ocJSiwRLXnnnSDWCjOnvBnDueT_s95pKvjLr8b0PKAOncZ6WWQ=mo,bagus sekali apak iyoo,2,0,8.7.0,2025-04-11 03:44:34,,,8.7.0
ad13ad72-0ed2-4aab-9223-0d2c6ccd6b4b,SuperStar GAMING,https://play-lh.googleusercontent.com/a-/ALV-UjXgyUOXtR5HMvKgrFATptPC7j1_odDBm_EflTD82nNh-xoiP-nK,kenapa my telkkmsel tidak bisa masuk terkeluar dari aplikasi perbaiki donk,2,0,8.7.0,2025-04-11 03:42:34,"Hai Kak. Mohon maaf untuk ketidaknyamanannya ya, silakan coba cara berikut ya Kak:
1. Clear cache aplikasi
2. Force close aplikasi
lalu coba login kembali, apabila masih mengalami kendala, silakan hubungi kami melalui DM Instagram @Telkomsel atau hubungi kami di tsel.id/chatva. Semoga membantu. :) -Alma",2025-04-12 05:13:36,8.7.0
90380117-1284-4188-acd8-ca40ce96309d,Haris Kurniawan,https://play-lh.googleusercontent.com/a-/ALV-UjXD3QTlu8wiH5dPt_EhdciaCUlLOauIKT20fZD_Y2O4P1PkT1kwPg,"fiturnya semakin lengkap, dan #Nyaman untuk digunakan",5,0,8.6.2,2025-04-11 03:41:21,"Hai Kak Haris, terima kasih tetap setia menggunakan layanan Telkomsel. Apresiasi dari Kakak sangat berarti bagi kami dalam meningkatkan layanan dan performa MyTelkomsel. Have a great day 😊 -Sekar",2025-04-11 07:00:50,8.6.2
29f56882-b4f7-48b9-a778-5f5ff74433ec,sehanovic xjeglo,https://play-lh.googleusercontent.com/a/ACg8ocK91TppDHWkGFBef7dVwLz7oWMldoaKW4vDmAd8F-bARxOZYw=mo,sangat bagus buat komonikasi,5,0,8.6.2,2025-04-11 03:41:16,"Hai Kak Sehanovic, terima kasih tetap setia menggunakan layanan Telkomsel. Apresiasi dari Kakak sangat berarti bagi kami dalam meningkatkan layanan dan performa MyTelkomsel. Have a great day 😊 -Sekar",2025-04-11 07:01:03,8.6.2
53eda795-b5d0-4982-bf12-8a08ef9e2acf,Ahmad Rofiudin,https://play-lh.googleusercontent.com/a-/ALV-UjUh78kLrg680CMJe9YbTxnIfIk-8rAb5CwjhIgTjSD28ffgpFDjSg,kirain gw doang yang lag pas masuk aplikasi ini padahal cek kuota di *888# kuota masih 50GB kenapa aplikasinya muter muter gak kebuka Tolong lah perbaiki sekelas Telkomsel masa aplikasinya ngehe wkwkwkk,5,0,8.6.2,2025-04-11 03:40:34,,,8.6.2
115be91e-0ca6-4118-9842-91feaea24430,Goro Sukartono,https://play-lh.googleusercontent.com/a-/ALV-UjUKyGxCmwbA1LsVXBpHXlPYynwhXRJXZ1Q5aIHJ0X04FxwGZAY,Semakin mudah dan #Nyaman di MyTelkomsel,5,0,7.0.1,2025-04-11 03:40:32,,,7.0.1
b4c36ef7-0e7e-4c59-83b7-c35859883870,Ahbab Jepot,https://play-lh.googleusercontent.com/a/ACg8ocLnbFeyYoOw7OjJRA-GUwrR0emGxY3aY4tYNQL7ALlHOwPA3g=mo,kalau di buka aplikasinya keluar terus,2,0,,2025-04-11 03:40:24,"Hai Kak Ahbab, Mohon maaf untuk ketidaknyamanannya ya, silakan coba cara berikut ya Kak:
1. Clear cache aplikasi
2. Force close aplikasi
lalu coba login kembali, apabila masih mengalami kendala, silakan hubungi kami melalui DM Instagram @Telkomsel atau chat di tsel.id/chatva. Semoga membantu. :) -Edo",2025-04-11 10:42:06,
410a9704-dbc2-4052-9643-ffa2b2a4beb6,Puspa Kirana,https://play-lh.googleusercontent.com/a-/ALV-UjU3poHxHNNRYFvYhsBD63BD0xSD3ojGzyHtf4RiMV5INCyMJUe1,baru download tapi force closed terus. perbaiki bug ini secepatnya.,1,0,8.6.2,2025-04-11 03:36:55,"Hai Kak Kirana. Mohon maaf untuk ketidaknyamanannya, silakan coba login kembali setelah beberapa saat. Apabila tetap mengalami kesulitan login, silakan hubungi kami melalui DM Instagram @telkomsel atau chat di tsel.id/chatva. Semoga membantu. 😊 -Sekar",2025-04-11 05:05:13,8.6.2
8163b4ad-9f14-42bf-853c-bdb2119b4813,Indera Sakti,https://play-lh.googleusercontent.com/a/ACg8ocK0ezAhw6puFcZfIVVlQvr02TQkl96z9rc6F3AEHi6399EMpcM=mo,Lama membukanya sering error pula. Adakah progress perbaikan darimu Provider yang sudah banyak banget penggunanya tapi tidak menjaga stabilitas kualitasnya,1,0,8.0.1,2025-04-11 03:36:31,"Hai Kak Indera. Mohon maaf untuk ketidaknyamanannya. Untuk kendala akses aplikasi MyTelkomsel, Kakak bisa langsung menghubungi kami di DM Instagram @Telkomsel atau hubungi kami di tsel.id/chatva. Semoga membantu. 😊 -Sekar",2025-04-11 05:04:49,8.0.1
f7c1bb3c-1134-4676-9f50-df2bca4e4bb4,Muherni Muherni,https://play-lh.googleusercontent.com/a/ACg8ocKGz9T21WWRMGPmxqVrwsX5A4ourf4n9S7CWuxSx_YIsrpPJQ=mo,#mantunya mytekkomsel,5,0,6.13.0,2025-04-11 03:34:11,,,6.13.0
2ad5678c-768a-4841-8e5d-955cecd3c552,Saepul Bahri,https://play-lh.googleusercontent.com/a-/ALV-UjVhlBIqk7qyujdoJh6ceAm2L5UGyUfYShkgjoWS4B0VhxOg3A6X,aplikasi banyak bug nya keluar terus mana buru2 gua mau beli paket,1,1,8.6.2,2025-04-11 03:32:18,"Hai Kak Saepul. Mohon maaf untuk ketidaknyamanannya. Untuk kendala aktivasi paket melalui aplikasi MyTelkomsel, Kakak bisa langsung menghubungi kami di DM Instagram @Telkomsel atau hubungi kami di tsel.id/chatva. Semoga membantu. 😊 -Sekar",2025-04-11 05:05:51,8.6.2
1b552d97-df84-4660-9792-ad6dc6bbff8a,Hasim Ganteng,https://play-lh.googleusercontent.com/a-/ALV-UjUMbqN48smgE-yL3pxWIxh7a8ZTwnU5Gbqp_W3MwvCVtIbYoLJv,Baik,5,0,8.6.2,2025-04-11 03:31:44,,,8.6.2
ef88aa60-1b9e-4a60-8a43-0999b4cdbc87,platinum furniture,https://play-lh.googleusercontent.com/a/ACg8ocJXddj1tdu9w47fTj6kDLlN4KcsEF2NBnVl5czObTNkedpRSA=mo,apk tolol,1,0,8.6.2,2025-04-11 03:30:58,Hai Kak Platinum. Mohon maaf untuk ketidaknyamanannya. Untuk kendalanya Kakak bisa langsung menghubungi kami di DM Instagram @Telkomsel atau hubungi kami di tsel.id/chatva. Semoga membantu. 😊 -Sekar,2025-04-11 05:06:12,8.6.2
9d7dfee3-0454-4f68-8e45-b84d8c4bbb00,bebegame,https://play-lh.googleusercontent.com/a-/ALV-UjW4-3L0YRrpEOARiw_a0-NqON0aOTgbe8l6JtX25NtpiDwheg80,"sering bug dan sekarang suka keluar sendiri dari aplikasi,g bisa dibuka aplikasinya,tolong diperbaiki",3,0,8.6.2,2025-04-11 03:30:14,,,8.6.2
15dc865d-164d-4889-b2d8-31a2116b12e5,Soto Kudus Delima,https://play-lh.googleusercontent.com/a/ACg8ocLkV5uWgu3dFlSiGx3iWvt57fBzEywjMwHqbaILKenNYR0tbw=mo,bagus,5,0,8.6.2,2025-04-11 03:29:03,"Hai Kak Delima, terima kasih. Tetap pakai aplikasi MyTelkomsel ya 😊 -Sekar",2025-04-11 07:54:20,8.6.2
7baa0d7a-4b92-4d15-a2b2-53be1472bc5a,Heri Taz Ngoprek!,https://play-lh.googleusercontent.com/a-/ALV-UjUfWVNv4HTFN5SqyhfpCZm6Qh3mX_PRO92O0letdaI84aSjnFDI,waw banyak banget pilihan video streaming series yang #Spektakuler di MyTelkomsel. Lancar dan jernih,5,0,8.7.0,2025-04-11 03:28:22,"Hai Kak Heri, terima kasih tetap setia menggunakan layanan Telkomsel. Apresiasi dari Kakak sangat berarti bagi kami dalam meningkatkan layanan dan performa MyTelkomsel. Have a great day 😊 -Sekar",2025-04-11 07:59:15,8.7.0
7ed80712-8bbf-4006-8090-e763c6292244,Madsuni,https://play-lh.googleusercontent.com/a-/ALV-UjXDwaWLgku_IsyeZdXW_ADr9-_9Mb1y0EMZKh0w80Zg02iACE6E,apk tdk bsa dibuka,1,0,8.7.0,2025-04-11 03:26:13,"Hai Kak Madsuni. Mohon maaf untuk ketidaknyamanannya. Untuk kendala akses aplikasi MyTelkomsel, Kakak bisa langsung menghubungi kami di DM Instagram @Telkomsel atau hubungi kami di tsel.id/chatva. Semoga membantu. 😊 -Sekar",2025-04-11 05:06:59,8.7.0
290c4c13-af46-4b9b-9974-be7df2928af4,Wayan Marayasa,https://play-lh.googleusercontent.com/a/ACg8ocIKMD38gpIfqpaze7HuGwow9_SDgA_AGl8q0CdD3KRHq81kUA=mo,lumayan jelek...gak fungsi maunya nukar poin. ehh lemot banget.kaai bintang 1aj,1,0,,2025-04-11 03:24:39,"Hai Kak Wayan. Mohon maaf untuk ketidaknyamanannya ya, silakan coba cara berikut ya Kak:
1. Clear cache aplikasi
2. Force close aplikasi
lalu coba login kembali. Untuk keluhan redeem Telkomsel Poin, silakan hubungi kami melalui DM Instagram @Telkomsel atau chat di tsel.id/chatva. Semoga membantu. 😊 -Sekar",2025-04-11 05:08:11,
0ea9392d-2a42-4ae7-8856-cc9677f30100,Desi Chetoz,https://play-lh.googleusercontent.com/a/ACg8ocJNmxEXW3Ub8Juv8sulRaX4pSGWAawwSGKSOT24T3AulkNkYA=mo,ada apa ini dengan my Telkomsel gj bngt,1,0,8.6.2,2025-04-11 03:24:26,Hai Kak Desi. Mohon maaf untuk ketidaknyamanannya. Untuk kendalanya Kakak bisa langsung menghubungi kami di DM Instagram @Telkomsel atau hubungi kami di tsel.id/chatva. Semoga membantu. 😊 -Sekar,2025-04-11 05:08:30,8.6.2
fb8e2c4b-eb8e-4d31-ad14-9819ff7be86f,Yimca Juanla,https://play-lh.googleusercontent.com/a/ACg8ocLzo1GQsTEpar8-6maiFiybGNJ8gn-vjHGwnbMI9hnEXwsQYw=mo,"pelayanan sangat lama dan buruk, cuih",1,0,,2025-04-11 03:23:19,Hai Kak Juanla. Mohon maaf untuk ketidaknyamanannya. Untuk kendalanya Kakak bisa langsung menghubungi kami di DM Instagram @Telkomsel atau hubungi kami di tsel.id/chatva. Semoga membantu. 😊 -Sekar,2025-04-11 05:08:46,
10d87770-f888-4bb6-b788-e721dfff3c1c,Linda Fajar,https://play-lh.googleusercontent.com/a-/ALV-UjWoosiLP1Ryoe1k5Zfwq_3G6LrJzOFL3ye1m_sHA5cxW5F_38bb,lemot,3,0,8.6.2,2025-04-11 03:21:03,"Hai Kak Linda, Mohon maaf untuk ketidaknyamanannya ya, silakan coba cara berikut ya Kak:
1. Clear cache aplikasi
2. Force close aplikasi
lalu coba login kembali, apabila masih mengalami kendala, silakan hubungi kami melalui DM Instagram @Telkomsel atau chat di tsel.id/chatva. Semoga membantu. :) -Edo",2025-04-11 11:36:27,8.6.2
f018f448-2eb8-4f9d-952f-6507f7390f76,Etty Noorjadayati Baki,https://play-lh.googleusercontent.com/a-/ALV-UjUUF9JFvVpXW-NOqkJwGPW6mTCnEcYsJyxZdq3BpAZeK2OEmiw,saya sangat senang dengan telkomcel...,5,0,8.7.0,2025-04-11 03:20:56,"Hai Kak Etty, terima kasih. Tetap pakai aplikasi MyTelkomsel ya 😊 -Sekar",2025-04-11 07:59:47,8.7.0
f84e7076-637f-424e-abad-f1d0b6e25453,Annisa putry,https://play-lh.googleusercontent.com/a/ACg8ocLsN012NO6tPlqYb98nRAxC8h0QgPsqhjR_ko-EyQDZ6tqvzQ=mo,keren juga,5,0,,2025-04-11 03:19:27,"Hai Kak Annisa, terima kasih. Tetap pakai aplikasi MyTelkomsel ya 😊 -Sekar",2025-04-11 08:01:42,
f9e2833d-218f-4db1-9923-51c9cc95c171,Rahayu Humaira,https://play-lh.googleusercontent.com/a-/ALV-UjVdp_NaNodqCkfvP6MrF-pTylPKBzwt4GOibTznBPoKMbw7tCI,ga bisa digunakan di infinix hot 50,1,0,8.6.2,2025-04-11 03:19:27,"Hai Kak Rahayu, Mohon maaf untuk ketidaknyamanannya ya, silakan coba cara berikut ya Kak:
1. Clear cache aplikasi
2. Force close aplikasi
lalu coba login kembali, apabila masih mengalami kendala, silakan hubungi kami melalui DM Instagram @Telkomsel atau chat di tsel.id/chatva. Semoga membantu. :) -Edo",2025-04-11 09:30:35,8.6.2
786b5dab-ae81-4ff6-8bde-578092b58de4,Alga Bima Anggara,https://play-lh.googleusercontent.com/a-/ALV-UjVLRX6sNExuFreRP1RcJfNR3I_AjGepv7x8oRFjqbBJkV3UWqBO,tolong diperbaiki sering keluar-keluar sendiri.,1,0,8.7.0,2025-04-11 03:18:44,"Hai Kak Alga, Mohon maaf untuk ketidaknyamanannya, silakan coba login kembali setelah beberapa saat. Apabila tetap mengalami kesulitan login, silakan hubungi kami melalui DM Instagram @telkomsel atau chat di tsel.id/chatva. Semoga membantu. -Edo",2025-04-11 09:31:22,8.7.0
221df6df-8183-4cc8-8d04-34598d2818ee,Pengguna Google,https://play-lh.googleusercontent.com/EGemoI2NTXmTsBVtJqk8jxF9rh8ApRWfsIMQSt2uE4OcpQqbFu7f7NbTK05lx80nuSijCz7sc3a277R67g,"sumpah jelek bgt ni apk belakangan ini, tiba tiba kluar sendiri, gabisa ngecek sisa kuota jd harus manual, jaringan lg ga bagus juga ampuunnn dah",1,0,6.9.1,2025-04-11 03:17:24,"Hai Kak, Mohon maaf untuk ketidaknyamanannya, silakan coba login kembali setelah beberapa saat. Apabila tetap mengalami kesulitan login, silakan hubungi kami melalui DM Instagram @telkomsel atau chat di tsel.id/chatva. Semoga membantu. -Edo",2025-04-11 09:31:53,6.9.1
1c46c66d-ee88-4f2b-99fb-e894ff6e29bd,Firdaus Daus,https://play-lh.googleusercontent.com/a/ACg8ocKqstGzoJqr6WJh5ZOthZrr7jZEfQq92PaYSH-TI6GQdF9mAQ=mo,bagus,5,0,8.6.2,2025-04-11 03:16:00,"Hai Kak Daus, terima kasih. Tetap pakai aplikasi MyTelkomsel ya 😊 -Sekar",2025-04-11 08:02:49,8.6.2
c7add0bc-85fa-483e-9837-fd0fc8a3d9dc,Rahmat Hidayat,https://play-lh.googleusercontent.com/a/ACg8ocLF0QN9R-zXxt75BqWyg0bGS-HGNRcl2rJSC4-lwduGtzsjlQ=mo,"afk keluar terus saat masuk, parah",1,0,,2025-04-11 03:13:06,"Hai Kak Rahmat, Mohon maaf untuk ketidaknyamanannya ya, silakan coba cara berikut ya Kak:
1. Clear cache aplikasi
2. Force close aplikasi
lalu coba login kembali, apabila masih mengalami kendala, silakan hubungi kami melalui DM Instagram @Telkomsel atau chat di tsel.id/chatva. Semoga membantu. :) -Edo",2025-04-11 09:33:01,
d0b207b3-3439-405a-bdd2-a2e451107359,feri andika,https://play-lh.googleusercontent.com/a/ACg8ocIUCE7CmVMu9OrI2039RF5jyge1RUdaU8MnVCbgywngfDwu=mo,gagal trus,1,0,8.7.0,2025-04-11 03:12:49,"Hai Kak Feri, Mohon maaf untuk ketidaknyamanannya ya, silakan coba cara berikut ya Kak:
1. Clear cache aplikasi
2. Force close aplikasi
lalu coba login kembali, apabila masih mengalami kendala, silakan hubungi kami melalui DM Instagram @Telkomsel atau chat di tsel.id/chatva. Semoga membantu. :) -Edo",2025-04-11 09:33:31,8.7.0
ee983db6-c122-4a77-b794-59758610f01c,Zaitun Arif,https://play-lh.googleusercontent.com/a-/ALV-UjW7EOvnCY0OsUeNdbeJntg78SSRnfVkqTqM2qUfw29SqSQjEBM,pulsa sering kesedottt itu gmn caranya mengatasi ny yh,3,0,8.6.2,2025-04-11 03:12:17,"Hai Kak Zaitun, Mohon maaf untuk ketidaknyamanannya, karena kami memerlukan informasi lebih lanjut untuk membantu kakak, silakan hubungi kami di DM Instagram @telkomsel atau chat di tsel.id/chatva. Semoga membantu. :) -Edo",2025-04-11 11:41:17,8.6.2
d9255b86-ae4c-4f75-a82a-e63a384055a4,annisa Ulmardiah,https://play-lh.googleusercontent.com/a/ACg8ocKaFCds0KCZzkKdilEGi2gvddAr65xC8Jw2V1S-mwk8IVfiHw=mo,keren sekali,5,0,,2025-04-11 03:10:19,"Hai Kak Annisa, terima kasih. Tetap pakai aplikasi MyTelkomsel ya 😊 -Sekar",2025-04-11 07:34:14,
222037c3-de0c-4e24-b5d3-f69be5bb517c,Dede Candra,https://play-lh.googleusercontent.com/a/ACg8ocJMfBpiK_x4qA92gTLT54PANd1QGrbZxONCRHTwwACdJhha4A=mo,"apk tidak bisa digunakan, tiba tiba keluar dengan sendirinya",1,0,6.16.1,2025-04-11 03:08:15,"Hai Kak Dede, Mohon maaf untuk ketidaknyamanannya ya, silakan coba cara berikut ya Kak:
1. Clear cache aplikasi
2. Force close aplikasi
lalu coba login kembali, apabila masih mengalami kendala, silakan hubungi kami melalui DM Instagram @Telkomsel atau chat di tsel.id/chatva. Semoga membantu. :) -Edo",2025-04-11 09:34:21,6.16.1
684c525a-83fb-40ac-8b31-a47b5633b2a1,KONDON MELON,https://play-lh.googleusercontent.com/a-/ALV-UjXu2wXXo5UG5b2VR8S6PYDrBLdPzELi6Ase4XN32QDD25woI5U1,"tolong perbaiki mengapa apk sering bug keluar"" terus",1,0,8.6.2,2025-04-11 03:08:03,"Hai Kak. Mohon maaf untuk ketidaknyamanannya ya, silakan coba cara berikut ya Kak:
1. Clear cache aplikasi
2. Force close aplikasi
lalu coba login kembali, apabila masih mengalami kendala, silakan hubungi kami melalui DM Instagram @Telkomsel atau hubungi kami di tsel.id/chatva. Semoga membantu. :) -Alma",2025-04-12 00:23:33,8.6.2
4ce37646-648e-4cde-879e-f61f7d9ab208,Arsyl Rifuji,https://play-lh.googleusercontent.com/a/ACg8ocJukb89gfC26LkQpCa-BKh_XifWZPQIRDh4GTqcmYR0GFPHXV4=mo,"kenapa apk nya semakin lama semakin lemot buat liat sisa paket data ,tidak seperti dulu.. setiap kali masuk apk slalu muter2 lemot, padahal buat liat video atau yg lain2 lancar,,",2,0,8.7.0,2025-04-11 03:07:59,"Hai Kak Arsyl. Mohon maaf untuk ketidaknyamanannya ya, silakan coba cara berikut ya Kak:
1. Clear cache aplikasi
2. Force close aplikasi
lalu coba login kembali, apabila masih mengalami kendala, silakan hubungi kami melalui DM Instagram @Telkomsel atau hubungi kami di tsel.id/chatva. Semoga membantu. :) -Alma",2025-04-12 05:14:30,8.7.0
611d2d0a-42ce-4475-a483-d3ecf7ccd212,Sadew wa,https://play-lh.googleusercontent.com/a/ACg8ocISLYP6wl-Yr3d4ktyfIRVJpU6lcZHfuHW2CbI7P1mTB0rYwg=mo,baru di tinggalkan satu bulan padahal sering update terus pembaruan kok sekarang saya suruh download LG terus udh di download malah keluar notip akhir gk masuk masuk mau ngecek berapa lagi kuota nya mlh errornya udh bulak balik saya hps download lgi ttp sama ke mana ini,3,0,8.6.2,2025-04-11 03:07:35,,,8.6.2
178b0de9-9c8b-4512-95fe-e9679728d7fd,Selena Tiktok,https://play-lh.googleusercontent.com/a/ACg8ocKJjNctayLiyIDb5GyUeJ8D8jXyPGAYdcKgeLZK1L-YnZIJEA=mo,terlalu jelek,1,0,,2025-04-11 03:06:28,,,
5309cde3-8541-4a23-b6a8-d24df6dae5f2,rina istiawati,https://play-lh.googleusercontent.com/a/ACg8ocIkCu0wzfu8LF5kui8OHge1xwper6W8R2OL6QEFAxdg3iu1Cg=mo,sering banget ngelag aplikasinya,1,0,8.6.2,2025-04-11 03:05:34,"Hai Kak Rina, Mohon maaf untuk ketidaknyamanannya ya, silakan coba cara berikut ya Kak:
1. Clear cache aplikasi
2. Force close aplikasi
lalu coba login kembali, apabila masih mengalami kendala, silakan hubungi kami melalui DM Instagram @Telkomsel atau chat di tsel.id/chatva. Semoga membantu. :) -Edo",2025-04-11 13:30:48,8.6.2
7e7d7909-fc04-4312-9753-95b7b3a03184,MUHLISIN “Zaky Laros”,https://play-lh.googleusercontent.com/a-/ALV-UjXad9rosZxzW_eG0ctXqATy4hknT1nZh_Vq11rX-Ql1_Uiqcwuo,aplikasi My Telkomsel gak bisa di buka kena bug,5,0,8.6.2,2025-04-11 03:04:53,,,8.6.2
113e2237-d280-4277-88d5-24f1c9436746,Agus Minardi,https://play-lh.googleusercontent.com/a-/ALV-UjUMqR_5d42a5MJemu6fhMj7FGbrpRveGTHFzYqjuinabZYQt1g,akses susah... sering trouble. bisa masuk tapi gak bisa lihat kuota. kuota internet masih..tapi tidak ada akses internet.. akhirnya uninstal..trs instal ulang.. hrs ACC semua akses smp akses diatas aplikasi lain ... ribet.. bukti2 ada di SS. cuma gak bisa di upload disini/menu upload gak tau,3,0,8.6.2,2025-04-11 03:03:54,,,8.6.2
64dc4c34-c50d-4b9c-b895-686636cf7287,Riki Gadogado,https://play-lh.googleusercontent.com/a/ACg8ocIIcqbTZqZpluUD1Gnr-PLVdggQKtUVozvFV_aZoZ0Kn0jYWg=mo,"kasih 3 dulu, sekarang setelah update malah sering fore close",3,0,8.7.0,2025-04-11 03:03:36,"Hai Kak Riki, Mohon maaf untuk ketidaknyamanannya ya, silakan coba cara berikut ya Kak:
1. Clear cache aplikasi
2. Force close aplikasi
lalu coba login kembali, apabila masih mengalami kendala, silakan hubungi kami melalui DM Instagram @Telkomsel atau chat di tsel.id/chatva. Semoga membantu. :) -Edo",2025-04-11 11:41:53,8.7.0
c6fc93fd-da63-4e8b-ae55-8f329333bc46,Kazami Ryuuki,https://play-lh.googleusercontent.com/a/ACg8ocJIn2HFlQZPWDuTG2hmjHLJVK0ceXN9KVq57GpJq7YhotBOsg=mo,Ampas,1,0,,2025-04-11 03:02:07,"Hai Kak Kazami, Mohon maaf untuk ketidaknyamanannya ya, silakan coba cara berikut ya Kak:
1. Clear cache aplikasi
2. Force close aplikasi
lalu coba login kembali, apabila masih mengalami kendala, silakan hubungi kami melalui DM Instagram @Telkomsel atau chat di tsel.id/chatva. Semoga membantu. :) -Edo",2025-04-11 13:31:16,
7e403b7f-3d85-42a6-a484-90ba3b36969d,Teds,https://play-lh.googleusercontent.com/a-/ALV-UjW64P6Vqt-Qx46x4-drZoVyJPs43Dv-1vugp5-nPZyZ7ugeERy92Q,"coba ask Vero trnyta masih ribet.. masih jauh dibawah si biru utk bantuan/panduan yg diberikan. penjualan paket data di outlet"" pun harganya banyak yg lebih mahal jadi perlu kontroler dari pihak Telkomsel agar harga gk beda jauh via aplikasi.",3,0,8.7.0,2025-04-11 03:01:09,,,8.7.0
18107b97-9676-4a86-907a-2252e10dbb3d,Fazila Zila,https://play-lh.googleusercontent.com/a/ACg8ocJFMELQYhglOZ79N3pUBjvnWnBjV9zJe6PW77klMx_jaUinrw=mo,semakin hari semakin gak bagus my Telkomsel gak bisa d buka my Telkomsel nya uda apdete malah gak bisa juga apa mau mu TELKOMSEL,1,0,8.6.2,2025-04-11 02:57:54,"Hai Kak Fazila, Mohon maaf untuk ketidaknyamanannya ya, silakan coba cara berikut ya Kak:
1. Clear cache aplikasi
2. Force close aplikasi
lalu coba login kembali, apabila masih mengalami kendala, silakan hubungi kami melalui DM Instagram @Telkomsel atau chat di tsel.id/chatva. Semoga membantu. :) -Edo",2025-04-11 13:48:24,8.6.2
5e87ea28-b82c-4674-a066-f4438aef682a,Janu Prakasa,https://play-lh.googleusercontent.com/a/ACg8ocIQaPVzYbyNSOIxFtF5mMD84X1GG_12Ai2N2IA6bSJOzTC6kQ=mo,aplikasinya.....,2,0,8.6.2,2025-04-11 02:55:59,,,8.6.2
da0837a8-db55-4d67-bdf0-90f2f990e8d4,YuliusAde,https://play-lh.googleusercontent.com/a-/ALV-UjVZM1HULNA5zUhqOpLqTiR8rUdSHMyvN2qtHQqlwpWP0O4ke_fX,"Aplikasi terlalu besar, memakan banyak memori gesss...... sinyal makin parah di Surabaya, lu niat jualan aplikasi atau jualan sinyal?? parah bener lu... sinyal mu itu lih jancokkkk bener... makin lama kok makin ancur, minimal perbaiki dulu jaringan, baru lainnya mengikuti",1,0,8.6.2,2025-04-11 02:55:13,,,8.6.2
4a736f11-113c-432a-aaee-f2abd4d8d074,Rita Hafifah,https://play-lh.googleusercontent.com/a/ACg8ocIJiGeKLCOxcmsOkSJ-z6CicTg3G32cYtJUrxONdhwWdyLpuQ=mo,Sering eror aplikasinya,3,0,8.7.0,2025-04-11 02:55:09,,,8.7.0
9050807b-2c94-4fb4-9335-2deb5e068ced,hafidz verara,https://play-lh.googleusercontent.com/a-/ALV-UjWtQ52zqpGSCuHpEk2EYwlsPqzJO9YvcbWFHaNVvqgo58V0YOyK9Q,"setelah pembaruan yg terbaru. aplikasi ngebug dan tidak bisa dibuka, sudah diinstal brp kali jg tetep sama saja!",4,0,,2025-04-11 02:53:04,,,
cfae9bb0-f7e1-40a5-a3d0-b0d8d3cf8efb,ebot narrative,https://play-lh.googleusercontent.com/a-/ALV-UjXfaXhPzkLOaVKsN4hNDPZ63mUA60HndJzUo5QtGKfaIho0Ba7P,ok,5,0,8.7.0,2025-04-11 02:53:00,"Hai Kak Ebot, terima kasih. Tetap pakai aplikasi MyTelkomsel ya 😊 -Sekar",2025-04-11 07:34:34,8.7.0
16888805-16d7-4c4e-917b-18016a62b5b6,Iknar datau,https://play-lh.googleusercontent.com/a/ACg8ocIovKir1qgwveIKG4WqbDfmUtor9W6uyO3Y4HQamy8Xcypljw=mo,"sering force close, tolong di perbaiki, padahal kemarin kemarin nggk gitu",2,0,8.7.0,2025-04-11 02:52:48,"Hai Kak Iknar. Mohon maaf untuk ketidaknyamanannya ya, silakan coba cara berikut ya Kak:
1. Clear cache aplikasi
2. Force close aplikasi
lalu coba login kembali, apabila masih mengalami kendala, silakan hubungi kami melalui DM Instagram @Telkomsel atau hubungi kami di tsel.id/chatva. Semoga membantu. :) -Alma",2025-04-12 05:14:59,8.7.0
611f31f1-bb22-42ff-9aef-2382f110dd14,Antonio Jamie,https://play-lh.googleusercontent.com/a-/ALV-UjWE3OfcTwoJyN_YQh3Ec-ocZs1n-DVTbjLNbUOxDr2_SFExNnxccg,"kok jadi susah buka aplikasinya sejak ganti perangkat, apa signalnya lemot atau aplikasinya yang bermasalah. 😪",1,0,8.6.2,2025-04-11 02:52:42,"Hai, Kak Antonio . Mohon maaf ya jadi ga nyaman karena kendala aplikasi MyTelkomsel ga bisa diakses setelah update aplikasi ke versi terbaru. Agar mimin bisa bantu Kakak lebih optimal, yuk hubungi mimin melalui akun Twitter @Telkomsel , Instagram @telkomsel , atau email cs@telkomsel.com. Mimin tunggu ya Kak . Makasih :) -Dan",2023-07-23 14:13:17,8.6.2
7d0e295f-3ae7-46c3-a4b9-b06081569126,Haryanto Teja,https://play-lh.googleusercontent.com/a/ACg8ocI4jLBgT1XegUeBTWWKdV_0tTDeXn9jfuRpeZ8rPetu2BjZ9g=mo,"kenapa sekarang susah buka aplikasinya, dalam",5,0,8.7.0,2025-04-11 02:52:34,"Hai Kak Teja. Mohon maaf untuk ketidaknyamanannya. Untuk kendala akses aplikasi MyTelkomsel, Kakak bisa langsung menghubungi kami di DM Instagram @Telkomsel atau hubungi kami di tsel.id/chatva. Semoga membantu. 😊 -Sekar",2025-04-11 07:46:35,8.7.0
d10b2bb2-c376-4002-aa66-c7c6e9068a6c,Hanindita Lutfi,https://play-lh.googleusercontent.com/a-/ALV-UjV40x2FZCzwb4_sip96CcuIaMtQkMjoA2jxJvafRr4BOWoajCjS,Sering gak jalan aplikasinya,1,0,8.6.2,2025-04-11 02:51:34,"Hai Kak Hanindita, Mohon maaf untuk ketidaknyamanannya ya, silakan coba cara berikut ya Kak:
1. Clear cache aplikasi
2. Force close aplikasi
lalu coba login kembali, apabila masih mengalami kendala, silakan hubungi kami melalui DM Instagram @Telkomsel atau chat di tsel.id/chatva. Semoga membantu. :) -Edo",2025-04-11 13:49:41,8.6.2
10089744-d8cb-42c4-ac37-ebd316baaf98,Setyadi Rachmat Maulana,https://play-lh.googleusercontent.com/a/ACg8ocJYdm-JO-ZFlY6c1rkGkqyTeAY4PbdxDQGfvA-wL0PrRY2qNw=mo,baru instal lagi malah ada bug tolong diperbaiki saya gabisa masuk aplikasi,3,0,8.6.2,2025-04-11 02:51:20,,,8.6.2
b9154c33-9db4-48ab-a36a-5df730f4d2fe,Aai Kepahiang,https://play-lh.googleusercontent.com/a/ACg8ocJKZ1rLprtbn4Takb1OMi7atm1p7WRKx-q_Ny99MhF0-Aav=mo,buruk ga bisa buka aplikasi,1,0,8.6.2,2025-04-11 02:51:02,"Hai Kak Aai, Mohon maaf untuk ketidaknyamanannya ya, silakan coba cara berikut ya Kak:
1. Clear cache aplikasi
2. Force close aplikasi
lalu coba login kembali, apabila masih mengalami kendala, silakan hubungi kami melalui DM Instagram @Telkomsel atau chat di tsel.id/chatva. Semoga membantu. :) -Edo",2025-04-11 09:34:47,8.6.2
fa550252-3fbb-4363-8f13-5bdd13903cec,Jeck Bulukumba,https://play-lh.googleusercontent.com/a-/ALV-UjVos1HrEv9CZ_LHxSynO7QAH9VGAPn-8DpaBRMPP8QOVkA6gSJ0,Kok gak ada bonus bonusnya ini Telkomsel aplikasi nya makin gak jelas ngelek dan banyak lagi kekurangan lain,1,0,8.6.1,2025-04-11 02:49:59,"Maaf ya, Kak Jeck. Untuk keluhan bonus isi ulang, yuk hubungi mimin agar bisa dibantu lebih lanjut melalui akun Instagram @Telkomsel atau email cs@telkomsel.com. Mimin tunggu ya, have a nice day Kak :) -Sekar",2023-09-10 22:55:40,8.6.1
d3205b39-d0f4-46bc-8bf1-4ce7d14d25d9,Risti Aji,https://play-lh.googleusercontent.com/a-/ALV-UjUqJQa_LWIBK38dxfk23_9g2W48r1i2WmzygHD0LmwUV1mEjPdn,kenapa malah ngefrezz dan gk bisa dibuka di saat sdh diupdate.. yg bener aja,1,0,8.7.0,2025-04-11 02:48:01,"Hai Kak Risti, Mohon maaf untuk ketidaknyamanannya ya, silakan coba cara berikut ya Kak:
1. Clear cache aplikasi
2. Force close aplikasi
lalu coba login kembali, apabila masih mengalami kendala, silakan hubungi kami melalui DM Instagram @Telkomsel atau chat di tsel.id/chatva. Semoga membantu. :) -Edo",2025-04-11 09:35:18,8.7.0
18b026ad-4d3f-4280-a268-cee9faee1ca7,Sandi Primadi,https://play-lh.googleusercontent.com/a-/ALV-UjXk-ozhrGO6Js9AxwS9b01Wu-up4zIHf5MKUtSKgPXEZwJwWww,Selalu force close padahal hp bukan hp jadul,1,0,,2025-04-11 02:47:34,"Hai Kak Sandi, Mohon maaf untuk ketidaknyamanannya, silakan coba login kembali setelah beberapa saat. Apabila tetap mengalami kesulitan login, silakan hubungi kami melalui DM Instagram @telkomsel atau chat di tsel.id/chatva. Semoga membantu. -Edo",2025-04-11 09:57:26,
a0b150d2-3675-420c-bd0e-bd6699f0f67c,Gung Ista,https://play-lh.googleusercontent.com/a-/ALV-UjVrHffk4fK1FjeyY_E62P0kkcCkAW2HO-VhLVXFjMz3QydZHllQ,"KATA nya pake telkomsel jaringan nya bgus, buat di pegunungan bagus juga , tapi nyatanya akhir akhir ini malah jelek bngt , gabisa di pake jaringan nya suka ilangan dan ngelag parahh bgt ,,, tolonglah jangan suka ilang ilangan jaringan nya sama ngelag ampe merah gabisa di pke ! , sama harga nya naik klo trus beli",2,0,8.6.2,2025-04-11 02:47:23,,,8.6.2
4bd3428a-1b82-43e3-91c6-16cb88f16205,ST Halipah,https://play-lh.googleusercontent.com/a-/ALV-UjU15br91S4iL4Sh_FsX-Z0DgDg1ywpSznHEltxuBShitY9Xyi9n,"aplikasinya tidak bisa dibuka, sudah uninstal trus di instal lagi tetap aja kyk gitu",1,0,8.6.2,2025-04-11 02:46:47,"Hai Kak Halipah, Mohon maaf untuk ketidaknyamanannya ya, silakan coba cara berikut ya Kak:
1. Clear cache aplikasi
2. Force close aplikasi
lalu coba login kembali, apabila masih mengalami kendala, silakan hubungi kami melalui DM Instagram @Telkomsel atau chat di tsel.id/chatva. Semoga membantu. :) -Edo",2025-04-11 09:59:45,8.6.2
d4f926c0-041d-4682-b5e7-f2ceb50c9380,chandra supriatna,https://play-lh.googleusercontent.com/a/ACg8ocKCqMfCTeOVoeVvtd_engxxKOjJMAGx9zVSNn2JKV17MjvDng=mo,bug woii balik terus baru buka juga belum sempat login,1,0,,2025-04-11 02:46:09,"Hai Kak Chandra, Mohon maaf untuk ketidaknyamanannya ya, silakan coba cara berikut ya Kak:
1. Clear cache aplikasi
2. Force close aplikasi
lalu coba login kembali, apabila masih mengalami kendala, silakan hubungi kami melalui DM Instagram @Telkomsel atau chat di tsel.id/chatva. Semoga membantu. :) -Edo",2025-04-11 10:00:29,
6220a94f-11a8-4dde-b4d8-4de979eb2eae,Dewi Puspitasari,https://play-lh.googleusercontent.com/a/ACg8ocIjHsNB6r29G5X8jgozd43zb8UEwJ4TeQ2bD2CoXqSmDlkRBg=mo,selalu bug.,1,0,8.7.0,2025-04-11 02:45:01,"Hai Kak Dewi, Mohon maaf untuk ketidaknyamanannya ya, silakan coba cara berikut ya Kak:
1. Clear cache aplikasi
2. Force close aplikasi
lalu coba login kembali, apabila masih mengalami kendala, silakan hubungi kami melalui DM Instagram @Telkomsel atau chat di tsel.id/chatva. Semoga membantu. :) -Edo",2025-04-11 10:01:02,8.7.0
943c2e38-f2bf-4902-974e-acaa6e28a4ae,Pujianto Arjuna,https://play-lh.googleusercontent.com/a-/ALV-UjUOi_B99Up0IP6f1v0VgLOIMmLZaXgVcc-EZTh5oFt29-v7QFY,"update 11 april 2025 di relame c53 andro 14, gak bisa kebuka...nutup sendiri",2,0,8.0.1,2025-04-11 02:44:42,,,8.0.1
acfee532-a466-4504-be55-47145d75d817,Windo Syaputra,https://play-lh.googleusercontent.com/a/ACg8ocLNZ-gpZ8T9JvSeBeRFVJaUTsq1CGqnV_kJ97Oa2PP5uhoA9A=mo,saya kasih bintang 2 dulu sampai opsi paket internet kami satu KK murah. mahal2 semua paketnya,2,0,8.6.2,2025-04-11 02:43:17,,,8.6.2
2fabafb7-b0c3-4e6c-b536-66e3daccd7d4,Ria Minnie,https://play-lh.googleusercontent.com/a/ACg8ocIGapnWnE5HYNElWv8RrA1vRISD5SFl4MOYeR2tw2QZnGdJEw=mo,knp sll keluar,4,0,8.7.0,2025-04-11 02:43:13,,,8.7.0
0128d547-1882-40c8-ba14-169b44cf1c38,Nizar Alqorni,https://play-lh.googleusercontent.com/a/ACg8ocL10KsMKgL9t9_3W37BP_XllhezrRTlggrV42u-AyVXSLHw6w=mo,"Aplikasi nge crash,Banyak bug yg harus diperbaiki lagi Ya.Masa di install di 2 hp close terus tidak terbuka forclose.Tolong agar lebih baik lagi dan nyaman digunakan",1,0,8.7.0,2025-04-11 02:42:28,"Hai Kak Nizar, Mohon maaf untuk ketidaknyamanannya ya, silakan coba cara berikut ya Kak:
1. Clear cache aplikasi
2. Force close aplikasi
lalu coba login kembali, apabila masih mengalami kendala, silakan hubungi kami melalui DM Instagram @Telkomsel atau chat di tsel.id/chatva. Semoga membantu. :) -Edo",2025-04-11 10:01:45,8.7.0
f4ecdc25-8ce4-4a42-bb23-b1a3af2a3193,Ahmad sadar Gembira pohan,https://play-lh.googleusercontent.com/a-/ALV-UjV5P10XjNUR3tlIlB61v2rxsifEUSrskM1oHpvN3BFNtY17jQM,erorr terus,5,0,8.6.2,2025-04-11 02:41:57,,,8.6.2
e307dd7f-8997-4475-a317-b348ee19e2ff,Devi Amalia,https://play-lh.googleusercontent.com/a-/ALV-UjUrx6BXpS4GQbzt2zSKtk3vGDprbu5O9Bpvjat4Ti0uLhZFpaM,PAKETNYA MAHAL ANJIR!,1,0,8.6.2,2025-04-11 02:38:44,"Hai Kak Devi, silakan akses aplikasi MyTelkomsel untuk mendapatkan lebih banyak pilihan dan penawaran paket datanya ya Kak. Semoga membantu. :) -Edo",2025-04-11 10:03:42,8.6.2
64705347-6fbd-4deb-9427-bc4d3951ecb2,Agus Triyanto,https://play-lh.googleusercontent.com/a-/ALV-UjXcZHJ0O2-0YkOgxBDwjrz6Eo8ElHCZGxaXGKf85hRhYgdXQw2G,gmn min.. kog makin ribet malah aplikasinya.. mo cek kuota riber amat.. mlh sering log out sendiri..,5,0,7.0.1,2025-04-11 02:37:40,,,7.0.1
52a7f3ee-0c9e-4636-b6e0-bda1b187c5a0,Firmansyah,https://play-lh.googleusercontent.com/a/ACg8ocLs_Y-ECNQU03Mto2Nuwhl_yx09vbaHwaqBWzi6gRxXb3CqvQ=mo,jelek banget aplikasinya gk bisa digunakan...,1,0,,2025-04-11 02:35:08,"Hai Kak Firmansyah, Mohon maaf untuk ketidaknyamanannya ya, silakan coba cara berikut ya Kak:
1. Clear cache aplikasi
2. Force close aplikasi
lalu coba login kembali, apabila masih mengalami kendala, silakan hubungi kami melalui DM Instagram @Telkomsel atau chat di tsel.id/chatva. Semoga membantu. :) -Edo",2025-04-11 13:50:12,
4c2649a3-7d8d-4a4a-9073-878251ff7678,rofik satria,https://play-lh.googleusercontent.com/a-/ALV-UjWg98zQuZBVMngo1eeldd-fV1UqE9CQqvzMBeCAtHEQkygtV5nt,MyTelkomsel selalu kasih harga terbaik dan #Spektakuler untuk beli paket internet,5,0,8.7.0,2025-04-11 02:34:02,"Hai Kak Satria, terima kasih tetap setia menggunakan layanan Telkomsel. Apresiasi dari Kakak sangat berarti bagi kami dalam meningkatkan layanan dan performa MyTelkomsel. Have a great day 😊 -Sekar",2025-04-11 07:02:46,8.7.0
29ead2d2-75a6-4f0d-af68-bc7c7b89b8a9,Eva Subekti,https://play-lh.googleusercontent.com/a/ACg8ocKy3D6JgB3FBHVpuPnMOXi8MlA6Psk101kHSGipnQRCjqUHeA=mo,"ngelag terus, aplikasi ga guna padahal sinyall full bagus",1,0,8.7.0,2025-04-11 02:31:40,"Hai Kak Eva. Mohon maaf untuk ketidaknyamanannya ya, silakan coba cara berikut ya Kak:
1. Clear cache aplikasi
2. Force close aplikasi
lalu coba login kembali, apabila masih mengalami kendala, silakan hubungi kami melalui DM Instagram @Telkomsel atau hubungi kami di tsel.id/chatva. Semoga membantu. :) -Alma",2025-04-12 04:06:23,8.7.0
1b5423c3-291f-455a-a689-23edde5ee250,Budi Utama,https://play-lh.googleusercontent.com/a-/ALV-UjXodOw53Xatctt6JvE820AIfSJDvkoXwa44xKK1HhxzxTOUn94,makin kesini bukan makin bagus malah semakin susah dibuka.. sdh uninstall da install ulang tetap aj gk bisa dibuka.. bikin malu aj ini..,1,0,,2025-04-11 02:30:51,"Hai Kak Budi. Mohon maaf untuk ketidaknyamanannya ya, silakan coba cara berikut ya Kak:
1. Clear cache aplikasi
2. Force close aplikasi
lalu coba login kembali, apabila masih mengalami kendala, silakan hubungi kami melalui DM Instagram @Telkomsel atau hubungi kami di tsel.id/chatva. Semoga membantu. :) -Alma",2025-04-12 00:24:04,
64c3436f-5b3c-448e-b58b-c7ec9e815711,tri hadi,https://play-lh.googleusercontent.com/a-/ALV-UjWILLQTRr3YaD2y-Z_aCxOsIzatCIGsdWtXODG3PYdab9GMz18X,"jaringan tidak stabil . capek , kualitas mu tak sebesar namamu .",1,0,8.6.2,2025-04-11 02:29:41,"Hai Kak Tri Hadi. Mohon maaf untuk ketidaknyamanannya, silakan coba restart handphone Kakak. Apabila masih terdapat kendala silakan hubungi kami di DM Instagram @telkomsel atau hubungi kami di tsel.id/chatva. Semoga membantu. :) -Alma",2025-04-12 04:07:48,8.6.2
a7f57310-a25f-4bdf-9f33-4c1d2fa7b9fd,Ashar Sati,https://play-lh.googleusercontent.com/a/ACg8ocIHYcPd3eyXR7rfqFDUjayNEC-czlFJrB1xPsBaBa8v3cQrVA=mo,mantap,5,0,8.6.2,2025-04-11 02:28:49,"Hai Kak Sati, terima kasih. Tetap pakai aplikasi MyTelkomsel ya 😊 -Sekar",2025-04-11 07:02:58,8.6.2
4f8a510e-79ba-49cf-abf4-efc205fc6754,Wismelli Sk,https://play-lh.googleusercontent.com/a/ACg8ocLJrYVi7itnoKxlbC_E0DVQaClGazKbbbnG2HAn7CkHWu_RLg=mo,aplikasi my telkomsel terbaik,5,0,,2025-04-11 02:28:34,"Hai Kak Wismelli, terima kasih. Tetap pakai aplikasi MyTelkomsel ya 😊 -Sekar",2025-04-11 07:02:50,
2277f5b3-e72c-4e6d-b80c-911c97c5943a,ahmad hizaz,https://play-lh.googleusercontent.com/a-/ALV-UjUO8VJ9KIaWk4JWcUzlaESi9CLA0LrTlKgsQcwGOLTDXLAI2V2j,suka kluar sendiri ini aplikasi nya,1,0,8.7.0,2025-04-11 02:28:05,"Hai Kak Hizaz. Mohon maaf untuk ketidaknyamanannya, silakan coba login kembali setelah beberapa saat. Apabila tetap mengalami kesulitan login, silakan hubungi kami melalui DM Instagram @telkomsel atau hubungi kami di tsel.id/chatva.Semoga membantu. -Alma",2025-04-12 00:24:58,8.7.0
43c0173c-5d43-4a42-a16c-cb2e8a8106f7,Fidel Ramos,https://play-lh.googleusercontent.com/a/ACg8ocJ1D6OKBq2sysqx8LjfNnsWCSNMurS_7yKPoKSQWLV1lH-LGw=mo,jelek amat aplikasi mau isi data aja error mulu cih,1,0,8.7.0,2025-04-11 02:25:59,"Hai Kak Fidel. Mohon maaf untuk ketidaknyamanannya ya, silakan coba cara berikut ya Kak:
1. Clear cache aplikasi
2. Force close aplikasi
lalu coba login kembali, apabila masih mengalami kendala, silakan hubungi kami melalui DM Instagram @Telkomsel atau hubungi kami di tsel.id/chatva. Semoga membantu. :) -Alma",2025-04-12 00:25:22,8.7.0
7147e43e-3d23-46a8-aa4c-dca428618cb7,Densi Shiren,https://play-lh.googleusercontent.com/a-/ALV-UjWQJ98OXvJB2AL16he_JgjvbChQ9NHligpQis8iugSD3dCYSK0,"tolong yaa pihak my telkomsel, ini aplikasinya bener² jelek, suka keluar sendiri, kadang disuruh login kembali tapi pas mau login malah gabisa karena suka keluar sendiri, tolong dong developernya nihh perbaikin bug nya, gimana sih developer, beda sama operator lain, app nya lancar jaya, lah ini yang katanya operator terbaik, tapi malah paling jelek hadehhhhhh, pr juga nih, jangan kebanyakan fitur klo ga gunaa😂",1,0,8.7.0,2025-04-11 02:24:50,,,8.7.0
7f42d68d-dcdd-46b9-be0f-04dd69f505cb,Rafie Khalas imam,https://play-lh.googleusercontent.com/a/ACg8ocICZzJjylLyAgue64gRqwKWtEEwnoPA1qLXNvc-HofERtSQqQ=mo,"tampilan mytelkomsel terupdate rapi, #spektakuler, dan gampang digunakan",5,0,8.7.0,2025-04-11 02:21:45,"Hai Kak Rafie, terima kasih tetap setia menggunakan layanan Telkomsel. Apresiasi dari Kakak sangat berarti bagi kami dalam meningkatkan layanan dan performa MyTelkomsel. Have a great day 😊 -Sekar",2025-04-11 07:03:21,8.7.0
c8f6aebf-79f8-4423-a75c-e2802c9b8d2f,Apiq Ibrahim,https://play-lh.googleusercontent.com/a/ACg8ocK0fZzfAm--suqnFoL5RBRZhDWqpcX4vZUnw5HaqyEsmCgjgg=mo,my Telkomsel selalu kasih harga terbaik dan #spektakuler untuk beli paket internet,5,0,8.7.0,2025-04-11 02:21:39,"Hai Kak Ibrahim, terima kasih tetap setia menggunakan layanan Telkomsel. Apresiasi dari Kakak sangat berarti bagi kami dalam meningkatkan layanan dan performa MyTelkomsel. Have a great day 😊 -Sekar",2025-04-11 07:04:26,8.7.0
06bfd957-ac03-4dfa-9c28-5a82f3c35156,ahmadjianto antony,https://play-lh.googleusercontent.com/a/ACg8ocLJ6UWiGWo4jhu0gIz3_iRvVsaV1vGncNyJDxdfOSCxLcdYXrk=mo,"apk keluar sendiri waktu digunakan, sudah instal ulang masih sama saja",5,0,8.6.2,2025-04-11 02:20:01,,,8.6.2
d4e35838-1a0f-468f-bd19-f0b5c006cf42,Efsartua Butarbutar,https://play-lh.googleusercontent.com/a/ACg8ocJqwBHumUYdZw9FepW7qHmCThbN0lsK9pihpX_jm5mhUAWj7g=mo,luar biasa leletnya. mau dipakai di HP manapun.,1,0,8.6.2,2025-04-11 02:19:46,"Hai Kak Efsartua, Mohon maaf untuk ketidaknyamanannya ya, silakan coba cara berikut ya Kak:
1. Clear cache aplikasi
2. Force close aplikasi
lalu coba login kembali, apabila masih mengalami kendala, silakan hubungi kami melalui DM Instagram @Telkomsel atau chat di tsel.id/chatva. Semoga membantu. :) -Edo",2025-04-11 10:05:41,8.6.2
258b73f9-350f-4609-9aae-29bb45948f22,safi'i banimawardi,https://play-lh.googleusercontent.com/a/ACg8ocIZ87LuLAvh8WE5CmkaFU6xOg8pdeTUcpTFT3PLNLgBOKfBUg=mo,Telkomsel ok,5,0,,2025-04-11 02:15:46,"Hai Kak Safi'i, terima kasih. Tetap pakai aplikasi MyTelkomsel ya 😊 -Sekar",2025-04-11 07:05:08,
27f7357a-caf6-47f4-ba53-829daf781f9e,Rosit Abdullah,https://play-lh.googleusercontent.com/a-/ALV-UjWs5GynfaGllnQ528WMcx_ENXvm4Mmy-p0-tpX44ehezrTDC9Q,"aplikasi super lemot,",1,0,8.7.0,2025-04-11 02:14:56,"Hai Kak Rosit, Mohon maaf untuk ketidaknyamanannya ya, silakan coba cara berikut ya Kak:
1. Clear cache aplikasi
2. Force close aplikasi
lalu coba login kembali, apabila masih mengalami kendala, silakan hubungi kami melalui DM Instagram @Telkomsel atau chat di tsel.id/chatva. Semoga membantu. :) -Edo",2025-04-11 10:07:12,8.7.0
14bd2e74-cc28-4736-8558-7141985b46ca,Salahuddin Al-ayyubi,https://play-lh.googleusercontent.com/a/ACg8ocI6iFemYCGPVsc6qn70BUUQxi9L3U74qF2f0oMljHtcEKHNsw=mo,aplikasi GK bisa di buka. udah ngirim pulsa sampe 500 ribu TPI gak bisa di buka aplikasi nya malah keluar terus aneh kan,1,0,8.6.2,2025-04-11 02:11:58,"Hai Kak Salahuddin, Mohon maaf untuk ketidaknyamanannya ya, silakan coba cara berikut ya Kak:
1. Clear cache aplikasi
2. Force close aplikasi
lalu coba login kembali, apabila masih mengalami kendala, silakan hubungi kami melalui DM Instagram @Telkomsel atau chat di tsel.id/chatva. Semoga membantu. :) -Edo",2025-04-11 10:07:31,8.6.2
dd257308-e70e-49fb-962c-9d271a707937,Akun google Berikutnya,https://play-lh.googleusercontent.com/a/ACg8ocIm0lhAz7cEe7J_irfbMb6zKu0dBFhYMqnqQ0eMZ_GSb9urtQ=mo,"habis update kok force close terus ya pas mau login,ada yang sama?",5,0,,2025-04-11 02:10:20,,,
4676a4b8-15b5-4b52-abad-1fdbf724de72,Wardatun Ulfa,https://play-lh.googleusercontent.com/a-/ALV-UjVx5oTCo5FQ_5sG9dBHXPpMr4Pidp4HAPxK05Xv8r9zp_QCo34,aplikasinya mantap,5,0,8.6.2,2025-04-11 02:09:46,,,8.6.2
03c1dc08-c4b5-4de6-9d67-c6543aa0d2e2,Arxa Lian,https://play-lh.googleusercontent.com/a-/ALV-UjXiZWIyvJ5nKwszfHN2n2D7lgDFNul9uYGs9bBy92ra-FHC3GPo,"banyak pilihan video streaming series yang terbaik #spektakuler di my Telkomsel ,lancar dan jernih",5,0,8.7.0,2025-04-11 02:09:20,,,8.7.0
1bb66bae-2703-490c-945c-515cccd02f56,Riski Amelia,https://play-lh.googleusercontent.com/a/ACg8ocJbbk-rxmRhaK6r1hXz4FzIhj0RSJcrl9YjcU6ZPbDCXWfr2A=mo,"tampilan my telkomsel terupdate rapi #spektakuler,dan gampang digunakan",5,0,,2025-04-11 02:06:57,"Hai Kak Amelia, terima kasih tetap setia menggunakan layanan Telkomsel. Apresiasi dari Kakak sangat berarti bagi kami dalam meningkatkan layanan dan performa MyTelkomsel. Have a great day 😊 -Sekar",2025-04-11 07:35:10,
a57e03e8-9eb1-4ffa-b2ee-090a811e3405,Dus laini,https://play-lh.googleusercontent.com/a-/ALV-UjXnonDAVyrm9S9zvlkgycm43tu3AK81NpU14iwNUvVbM7M54ri-,ngebug keluar sendiri tolong diperbaiki,1,0,,2025-04-11 02:05:04,,,
05048cdc-5074-4505-8510-36182beb0f6d,Ridho Febrian,https://play-lh.googleusercontent.com/a/ACg8ocIA8HlxIlbl7BSxdg23Bm7OEzXehI5gb_g3CLqvz2QLO-4lyQ=mo,"Banyak pilihan video streaming series yang #Spektakuler di MyTelkomsel. Lancar dan jernih * Tampilan MyTelkomsel terupdate rapi, #Spektakuler, dan gampang digunakan",5,0,8.7.0,2025-04-11 02:04:55,"Hai Kak Febrian, terima kasih tetap setia menggunakan layanan Telkomsel. Apresiasi dari Kakak sangat berarti bagi kami dalam meningkatkan layanan dan performa MyTelkomsel. Have a great day 😊 -Sekar",2025-04-11 07:36:03,8.7.0
ae880967-62cd-43a2-b7ef-029cce949331,maurits lesar,https://play-lh.googleusercontent.com/a/ACg8ocKfWKw36sGap9HXxGQPXj-yetgvAQqInUceZ56G-F5C86uQ7A=mo,udah ga uninstall kartu telkom gw buang udah mahal paketnya jaringan kaya t41,1,0,8.6.2,2025-04-11 02:04:51,,,8.6.2
cf2f1194-457c-47bc-8c6c-559e3f8dc9f6,Tomi Syahputra06,https://play-lh.googleusercontent.com/a/ACg8ocINf4lFcNZotBqfPudn0BaqpI2HFcjbD8RvM9nQt6xktldj6w=mo,banyak pilihan vidio streaming series yang #streaming di my telkomsel lancar dan jernih,5,0,8.7.0,2025-04-11 02:03:25,"Hai Kak Tomi, terima kasih tetap setia menggunakan layanan Telkomsel. Apresiasi dari Kakak sangat berarti bagi kami dalam meningkatkan layanan dan performa MyTelkomsel. Have a great day 😊 -Sekar",2025-04-11 07:37:41,8.7.0
876a428a-7a16-42d0-b73b-0fd7207d97d9,Nurul Chimbek,https://play-lh.googleusercontent.com/a-/ALV-UjXXWMJKVx3UOCud-19hfNHs58sx4t9HXIgn8n3CTU7ybe5-RBoo,banyak pilihan vidio streaming series yang#spektakuler my Telkomsel. lancar dan jernih,5,0,8.7.0,2025-04-11 02:03:00,,,8.7.0
e65fbce1-9be8-4761-bf57-e064f1d2a2d2,Bung Helena Laka,https://play-lh.googleusercontent.com/a/ACg8ocL4EnUKHrBDpQZ_n4c-C5WRLJhJyOCLt_FDYOPD8NU9cADBfA=mo,"Semakin di update semakin ribet penggunaan my telkomsel, Parah!!!",1,6,8.7.0,2025-04-11 02:02:56,,,8.7.0
19257881-e77c-4ec3-a789-b93a756deaa7,Ryan Lapendos,https://play-lh.googleusercontent.com/a-/ALV-UjXdWTDIrkflVvPYvbzTTRuqF19Ttxua7Ms3g2nngBDhgc7M1hs,aplikasi nya bagus dan sangat berguna gue suka ni aplikasi,5,0,8.7.0,2025-04-11 02:02:52,,,8.7.0
163dc392-5db5-456c-99e0-229311b47854,Alvi Muhammad Rizki,https://play-lh.googleusercontent.com/a/ACg8ocKpbmphGCM4F2xkcXWravaJOXrWm8PrOOWBFyywh1yZh1HaOA=mo,"sangat tidak direkomendasikan untuk yang pake telkomsel apk nyaa suram sekalii gajelas gabisa masuk ke apk mending beli voucher aja,buat mimin hapus aja apk nya",1,0,8.7.0,2025-04-11 02:02:44,,,8.7.0
7f79fe8b-5917-4c75-9b17-4d438330ec0e,Yindri Yindri,https://play-lh.googleusercontent.com/a/ACg8ocIbB4NzHClOxlmA-56CKF4FTzxw7_WPrKLHB75fHNc3sOWGpw=mo,"apk sampah, pelayanan sangat tidak akurat, aplikasinya juga suka eror eror, nih skrng kondisinya gabisa masuk, udh masuk kluar mlu, dasar apk rusak",1,0,,2025-04-11 02:02:28,"Hai Kak Yindri. Mohon maaf untuk ketidaknyamanannya ya, silakan coba cara berikut ya Kak:
1. Clear cache aplikasi
2. Force close aplikasi
lalu coba login kembali, apabila masih mengalami kendala, silakan hubungi kami melalui DM Instagram @Telkomsel atau hubungi kami di tsel.id/chatva. Semoga membantu. :) -Alma",2025-04-12 04:10:11,
700455c1-9361-4cd5-ad3f-804c014b839e,Suryati Heryanto,https://play-lh.googleusercontent.com/a/ACg8ocJi59OAms4GvshlyVKcJ04qE-XRSLd8Cg4C9rpHI2ih-UpVBA=mo,tidak bisa dibuka aplikasi my telkomsel dihp saya,1,0,,2025-04-11 02:02:06,"Hai Kak Suryati. Mohon maaf untuk ketidaknyamanannya ya, silakan coba cara berikut ya Kak:
1. Clear cache aplikasi
2. Force close aplikasi
lalu coba login kembali, apabila masih mengalami kendala, silakan hubungi kami melalui DM Instagram @Telkomsel atau hubungi kami di tsel.id/chatva. Semoga membantu. :) -Alma",2025-04-12 00:26:12,
207dd725-ec75-4ad1-9dec-6e98ca69c462,dwi nugroho,https://play-lh.googleusercontent.com/a-/ALV-UjU5QkaqIwBBNNZ3egopZ4j1mlAM-gDrmxL3fl8ud4hR5dSlQmptQA,masalah lag kaga kelar kelar,1,0,8.6.2,2025-04-11 02:01:56,"Hai Kak Dwi. Mohon maaf untuk ketidaknyamanannya ya, silakan coba cara berikut ya Kak:
1. Clear cache aplikasi
2. Force close aplikasi
lalu coba login kembali, apabila masih mengalami kendala, silakan hubungi kami melalui DM Instagram @Telkomsel atau hubungi kami di tsel.id/chatva. Semoga membantu. :) -Alma",2025-04-12 00:26:39,8.6.2
25eb5a96-42d8-468d-b227-97464e500e72,Dewa Adnyana,https://play-lh.googleusercontent.com/a-/ALV-UjX1QUeIY7IzCaQ7WS6Yiz_HopekUoyVUahB2K03Dsjvp3nv_15B,"ini aplikasi sudah di update masih ngeleg juga, buruk lah...👎👎👎👎👎",1,0,8.7.0,2025-04-11 02:01:50,"Hai Kak Dewa. Mohon maaf untuk ketidaknyamanannya ya, silakan coba cara berikut ya Kak:
1. Clear cache aplikasi
2. Force close aplikasi
lalu coba login kembali, apabila masih mengalami kendala, silakan hubungi kami melalui DM Instagram @Telkomsel atau hubungi kami di tsel.id/chatva. Semoga membantu. :) -Alma",2025-04-12 00:27:03,8.7.0
affa453f-dfc9-40f3-a093-33c070d52a17,Rizqi Wildan Hariri,https://play-lh.googleusercontent.com/a-/ALV-UjVbNWaDWv5_WXDn8Tr1TpLv-TvntgQaneu-ACB2A9FVgAys_Tc3,sok asik force close terus,1,0,8.7.0,2025-04-11 02:00:52,"Hai Kak Rizqi. Mohon maaf untuk ketidaknyamanannya ya, silakan coba cara berikut ya Kak:
1. Clear cache aplikasi
2. Force close aplikasi
lalu coba login kembali, apabila masih mengalami kendala, silakan hubungi kami melalui DM Instagram @Telkomsel atau hubungi kami di tsel.id/chatva. Semoga membantu. :) -Alma",2025-04-12 00:27:28,8.7.0
a91dfc52-8882-413c-b8f2-8f1b83b9982a,Muhamad Rafli Al farozi,https://play-lh.googleusercontent.com/a-/ALV-UjVYZCnCeNFxcU1JYMvro4vWABntZr8ZDnxN_JTznPqj42b22hdW,"Tolong dong perbaiki lagi aplikasinya saya beli paket data, dan statusnya udah aktif tapi pas di cek ngak ada terus tiba-tiba ada notif memakai internet non tarif malah pulsa saya berkurang padahal udah pakai jaga pulsa jujur ini merugikan sih",2,0,8.7.0,2025-04-11 02:00:51,,,8.7.0
82f4b0ba-eb8e-4506-9f46-0dc000a179fa,GACOR Ga2h,https://play-lh.googleusercontent.com/a-/ALV-UjUqC7anly3CtKcpgH0hXT3QllQijIfyrBUZGyH3oNNlV1ZYOzI,"Kpd TELKOMSEL layanan Anda di aplikasi ini sudah bagus, akan tetapi aplikasi ini selalu ngelag, malahan terlalu sering jadi saya sarankan mohon ini diperbaiki jangan bikin para konsumen Anda kecewa termasuk saya, mengertikan?",1,0,8.6.2,2025-04-11 01:58:12,,,8.6.2
1df3e7fd-9499-4f8b-9bc4-3c1bc63594b7,Mament 74,https://play-lh.googleusercontent.com/a-/ALV-UjUQueds7D0AlkoHSmILFD9R1ttGW0t9ltllIAm0GjFbDK3RDvv6,Banyak pilihan video streaming series yang #Spektakuler di My Telkomsel. Lancar dan Jernih,5,0,8.6.2,2025-04-11 01:58:09,,,8.6.2
1f403117-5896-4f70-a6d5-6328cb6a94a1,Ryan Kurnaedi,https://play-lh.googleusercontent.com/a/ACg8ocLRHjQIwjqHFU84q_An9OL6UhrdCUZII7tb8mqlAuAjojjRTQ=mo,knpa giliran di klik apk trus mau login malah keluar sendri kaya ngbug,1,0,8.6.2,2025-04-11 01:57:13,,,8.6.2
b33dc22e-ce6d-4aa7-923b-cd54b45ddd30,ferry andy,https://play-lh.googleusercontent.com/a/ACg8ocJ2GWslB5ITUMBPVKFWxxfg2NcdEwwJxprE7FRlNAEf8BzqDQ=mo,knp setiap mau login selalu keluar,3,0,8.7.0,2025-04-11 01:56:04,,,8.7.0
5216d795-84ae-466c-93fe-1149b7e964cb,Asal 555,https://play-lh.googleusercontent.com/a/ACg8ocKe-bvOGyftulW5AHL9usYch4blNzuWZHaejjpNro2NqjKs=mo,"aplikasi sering ngebug sudah hapus cache, sudah update tetap ga bisa di pakai",2,0,,2025-04-11 01:55:29,,,
7a8f1a34-6d2e-4353-85ea-4d8c0d0a6fdf,Jefr Orllys,https://play-lh.googleusercontent.com/a/ACg8ocL8WB8V1zfFNsRf4p0CKR65QjGKOd09QEVje_nRSsmCdcDLJQ=mo,"jaga pulsa aktif, masih di potong saya kecewa! sinyal juga buruk!",1,0,8.6.2,2025-04-11 01:54:55,"Hai Kak. Mohon maaf untuk ketidaknyamanannya, karena kami memerlukan informasi lebih lanjut untuk membantu Kakak, silakan hubungi kami di DM Instagram @telkomsel atau hubungi kami di tsel.id/chatva. Semoga membantu. :) -Alma",2025-04-12 00:27:56,8.6.2
7dac454e-1c12-4159-a8dd-f4665e828438,Nurvia Yenti,https://play-lh.googleusercontent.com/a-/ALV-UjUdW613fbnEpFWHOa3xzmz33jw1Ip2aguibDUOZkHxgsLb_4CY,sumpah jelek bgt,1,0,,2025-04-11 01:54:33,,,
9e4fe55d-c4fd-4eb6-9b7b-599b6922533a,Fikri Firmansyah,https://play-lh.googleusercontent.com/a/ACg8ocIOfL4Bq1wUTpLS3GFzTyqHOnP3h59hFmVDsSazhrSdpe__7mo=mo,aplikasi gajelas keluar sendiri sering banyak bug nya!!!,1,0,8.6.2,2025-04-11 01:52:50,,,8.6.2
79926580-ebbd-4469-812a-15098f334094,hendi januari,https://play-lh.googleusercontent.com/a/ACg8ocL3gmvoD3KvSW9-8XCl5-9jHPMpGcsaktQZKgkgXB85bq0teQ=mo,Good,5,0,8.4.2,2025-04-11 01:50:09,,,8.4.2
17e1f41c-d64d-4278-8855-26736da93613,Serdan Tobs,https://play-lh.googleusercontent.com/a/ACg8ocIsHcdbRFjx7AZ46Fkcp7YsJaKE9M9Ax-n9wUDOX2m5u061Dg=mo,aplikasi bisa di gunakan dengan pembelian paket murah,5,0,8.6.2,2025-04-11 01:49:45,,,8.6.2
e3688a7d-ee81-441c-a489-5ad3b241cae7,Muhamad Ikbal (Ciki),https://play-lh.googleusercontent.com/a/ACg8ocJJPamcyCKoOZIIxXuUJTYqOArJcQ1YBJ2goYMsVVDl8Xlh-Q=mo,"maaf yaa di uninstal ,, berat bngt aplikasinya",1,0,8.7.0,2025-04-11 01:49:43,,,8.7.0
22912056-c00f-429a-a93d-e859739739b8,Bastiar Tiar,https://play-lh.googleusercontent.com/a/ACg8ocInlEn0bSaFwQYVgcx6TvYxndo-nqjtQGl5XLrIPrAWLgbP=mo,Banyak pilihan vidio streaming series yg #spektakuler di my telkomsel.lancar dan jernih,5,0,8.6.2,2025-04-11 01:49:34,,,8.6.2
b44ce0fb-b1cc-4156-80b0-ce3b382dc0bc,May Maymay,https://play-lh.googleusercontent.com/a/ACg8ocIN9ckku4nwfX0ZXG3iqyvBPesDp95s7eAS192wChL0s_ordg=mo,"tampilan mytelkomsel terupdate, spektakuler,dan gampang di gunakan",5,0,8.7.0,2025-04-11 01:48:45,,,8.7.0
06213196-544f-404d-951d-590cc184ac3e,al ayyubi Ihza Zailani,https://play-lh.googleusercontent.com/a/ACg8ocKwahBJt45557UzxkfIqQzVPbC-5gNJh2MxW26RUQ3jY1LXlQ=mo,tolong kasi bener jaringan Telkomsel babi susah susah gue beli kartu Telkomsel jaringan gk bagus,1,0,8.7.0,2025-04-11 01:48:11,"Hai Kak Ihza. Mohon maaf untuk ketidaknyamanannya, silakan coba restart handphone Kakak. Apabila masih terdapat kendala silakan hubungi kami di DM Instagram @telkomsel atau chat di tsel.id/chatva. Semoga membantu. :) -Sekar",2025-04-11 02:34:14,8.7.0
9d88b4f3-88a1-4fb3-b895-bd443f141eb3,syahril Rayhan,https://play-lh.googleusercontent.com/a/ACg8ocLeUJu4Hhk8XTmGBE7VTSSBfPiz-3gZsB9Bi4njmk1vDlnWBw=mo,siap,5,0,8.7.0,2025-04-11 01:48:04,,,8.7.0
a51a7064-2ccc-4fee-a0a1-67cc3e892aef,Redmi 11,https://play-lh.googleusercontent.com/a/ACg8ocJQmoILxYuo-2fVuii6dBuRmAGDhiY9foVpqpjmKVYA7t-lzg=mo,"Tampilan my Telkomsel terupdate rapi , #spektakuler , dan gampang di gunakan",5,0,8.6.2,2025-04-11 01:48:01,,,8.6.2
777f1503-0095-4f86-b8ae-1228c9103fc6,Very Agustia,https://play-lh.googleusercontent.com/a-/ALV-UjVPBftlolSCkhxK4E8AVcvqLQfn1ykuYp36PlXooWk-oUKwymUQ,makin lama apk telkomsel makin kacau. susah login...lelet,1,0,8.7.0,2025-04-11 01:47:52,"Hai Kak Very. Mohon maaf untuk ketidaknyamanannya ya, silakan coba cara berikut ya Kak:
1. Clear cache aplikasi
2. Force close aplikasi
lalu coba login kembali, apabila masih mengalami kendala, silakan hubungi kami melalui DM Instagram @Telkomsel atau chat di tsel.id/chatva. Semoga membantu. 😊 -Sekar",2025-04-11 02:34:40,8.7.0
9d16b71f-e748-4fba-b5fc-feb545bcf29f,ANAK KALTENG,https://play-lh.googleusercontent.com/a-/ALV-UjUja_5hRyG9X5TuwTvJhJxp1aMjRHSu3i3tVNAWljNbM3cecu5x,sangat² puas,5,0,,2025-04-11 01:47:33,,,
3d3ade6d-d3e2-4b50-9b0c-fe7e7e733150,Cepoot Thea,https://play-lh.googleusercontent.com/a/ACg8ocLg0rUXScUx1EcIbYlZ-4o3Fun8LZaVxNkA_H3Sw0ugJd2hPw=mo,sinyal internet udh g bisa d andelin... mau akses jadi ribet,1,0,8.7.0,2025-04-11 01:47:31,"Hai Kak Thea. Mohon maaf untuk ketidaknyamanannya, silakan coba restart handphone Kakak. Apabila masih terdapat kendala silakan hubungi kami di DM Instagram @telkomsel atau chat di tsel.id/chatva. Semoga membantu. :) -Sekar",2025-04-11 02:35:01,8.7.0
033554d5-6425-4bd2-904c-8d775e118413,Rizalpelani Pelani,https://play-lh.googleusercontent.com/a/ACg8ocLu0dYoC2eyw6VABcapLWYMwwzWMFkSSo3PxvUux_D_1H78OQ=mo,terbaik,5,0,,2025-04-11 01:47:24,,,
452cd787-b200-405c-8b94-b6008f6215eb,Qr_ Bee,https://play-lh.googleusercontent.com/a-/ALV-UjXRWl3nlGsi_amHlyGXgLSgKBjDJgPW75HydXGry36fxJcD4sk,my telkomsel selalu kasih harga terbaik dan #spektakuler untuk beli paket internet,5,0,8.7.0,2025-04-11 01:46:47,,,8.7.0
17fe0e1b-58cb-4c8e-a01b-a90a73db9c3f,Rendra christian,https://play-lh.googleusercontent.com/a-/ALV-UjWadOM54gj7Ke8lF_xU1JIx2RviAyGyLpTPh-1eG7OnkWwFAZC0,"Aplikasi ini mau gmana sih, udah banyak bug, gak bisa buka apliksi, disuruh restart, centang semua notifikasi juga sudah, uninstal terus instal lg juga sudah tapi kenapa masih gak bisa buka? buriik, dan buruk sekali mytelkomsel ini.",1,0,8.7.0,2025-04-11 01:46:36,"Hai Kak Rendra. Mohon maaf untuk ketidaknyamanannya. Untuk kendala akses aplikasi MyTelkomsel, Kakak bisa langsung menghubungi kami di DM Instagram @Telkomsel atau hubungi kami di tsel.id/chatva. Semoga membantu. 😊 -Sekar",2025-04-11 02:47:33,8.7.0
bf622a6d-54ab-4ef3-9621-60630541b6d6,Amri Rizal,https://play-lh.googleusercontent.com/a/ACg8ocKzoU5pIngVUvZ9vG0zQK_WW0CdJ0bhbNXVJcmq6aJBoH1Rvw=mo,harga paket data semakin lama semakin mahal,1,0,,2025-04-11 01:46:22,"Hai Kak Rizal. Mohon maaf untuk ketidaknyamanannya, silakan akses aplikasi MyTelkomsel untuk mendapatkan lebih banyak pilihan dan penawaran paket datanya ya Kak. Semoga membantu. 😊 -Sekar",2025-04-11 02:47:58,
237096a8-b2a7-4959-a33d-8acfb7ef61ac,Ronay Rosaday,https://play-lh.googleusercontent.com/a/ACg8ocIjy9wo5TMs_St9to6MASqqQq8YTtyVtWahtq8nZqALS0tkiw=mo,kenapaya aplikasi ini ga bisa login,5,0,8.7.0,2025-04-11 01:46:22,,,8.7.0
7963a42d-0456-499b-9580-8e6d008670af,steel fizter lolo,https://play-lh.googleusercontent.com/a-/ALV-UjWeLThwzkketfAXJBjUd2KAm6HyAd_AXDtDzCNIsqDlhAzl2Bk,1. berkali kali buka app selalu auto closed. ga bisa di akses auto unistall.. 2. dualitas aplikasi bikin user bingung untuk apa?,1,0,8.7.0,2025-04-11 01:45:35,"Hai Kak Steel. Mohon maaf untuk ketidaknyamanannya, silakan coba login kembali setelah beberapa saat. Apabila tetap mengalami kesulitan login, silakan hubungi kami melalui DM Instagram @telkomsel atau chat di tsel.id/chatva. Semoga membantu. 😊 -Sekar",2025-04-11 02:48:26,8.7.0
e7b41a93-940d-47b1-b251-64e3ee6a4e27,dedek kibo,https://play-lh.googleusercontent.com/a/ACg8ocJfe3PaIvdrCOrnKk2ZrRQ7WWrweAOqaVza9DIaagZ2q9kyZQ=mo,aplikasinya kerenn harga kuotanya murah meria,5,0,,2025-04-11 01:45:29,,,
03c01025-d7a9-48c1-a28b-22ad2b3a10d2,Fadil Radityia,https://play-lh.googleusercontent.com/a-/ALV-UjVv7OarcdWnpPXpXz7WcH64cfhkvtSBIrY4qyiWbdORF3slpf7c,aplikasi apaan di buka ajh ga bisa BUg ajh,1,0,8.7.0,2025-04-11 01:43:39,"Hai Kak Fadil. Maaf bikin gak nyaman, silakan coba cara berikut ya Kak:
1. Clear cache aplikasi
2. Force close aplikasi
lalu coba login kembali, jika masih berkendala bisa coba uninstall aplikasinya lalu download ulang di Google Play Store. Silakan hubungi kami melalui DM Instagram @Telkomsel atau chat di tsel.id/chatva. Semoga membantu. 😊 -Sekar",2025-04-11 02:48:46,8.7.0
25570629-82dc-4d37-9b65-2826a15f1b2b,Ilham ham,https://play-lh.googleusercontent.com/a/ACg8ocLQPoWLBLC9QplT1KVXit_CFt_H8cj-23QgCj36TH3fhfN9WQ=mo,#spektakuler dan gampang digunakan. kerennnn,5,0,,2025-04-11 01:41:37,,,
681e9e2a-4ece-425f-bf1f-9d8708cd563a,Tri widya,https://play-lh.googleusercontent.com/a-/ALV-UjVewPexE4E8o-b-RmTmKsHDgamHcZX1MEvsfAn8slregFeBHTT8,"rekomended, ok",4,0,8.6.2,2025-04-11 01:39:26,"Hai Kak Tri, terima kasih. Tetap pakai aplikasi MyTelkomsel ya 😊 -Sekar",2025-04-11 06:27:16,8.6.2
894db02d-0dcf-4fd7-ae7e-bb5ec676ac15,Mini Grapari,https://play-lh.googleusercontent.com/a/ACg8ocLnwLy619JgJppBJsP-FL-WmJ097MR5_ay19A8iW0Yy3DEb3w=mo,"tampilan mytelkomsel terupdate,spektakuler,dan gampang di gunakan",5,0,8.6.2,2025-04-11 01:39:13,,,8.6.2
6bda6489-8929-4922-8feb-6c8af6e8c4ff,Ari andri Hermawan,https://play-lh.googleusercontent.com/a-/ALV-UjXTbzk3xOpGS8B9nPeVQt4DUe6Ldu34AdWIVCcdndjbN5MIuBGe,banyak pilihan video streaming series yang #Spektakuler di My Telkomsel. Lancar dan jernih,5,0,8.6.2,2025-04-11 01:39:05,,,8.6.2
c3127899-2571-4899-88b1-34002fa952d9,Putu Artana,https://play-lh.googleusercontent.com/a-/ALV-UjU9433Dw4ySG2-RqnuFhMTQzGRyd9XAt5wQGkYM5gKX2wSsFOY7,terlalu banyak bug,2,0,8.7.0,2025-04-11 01:38:23,"Hai Kak Putu. Mohon maaf untuk ketidaknyamanannya ya, silakan coba cara berikut ya Kak:
1. Clear cache aplikasi
2. Force close aplikasi
lalu coba login kembali, apabila masih mengalami kendala, silakan hubungi kami melalui DM Instagram @Telkomsel atau hubungi kami di tsel.id/chatva. Semoga membantu. :) -Alma",2025-04-12 05:39:44,8.7.0
b5ef9bc5-437d-4dd4-aa6d-ca5022796324,Raisy Laila,https://play-lh.googleusercontent.com/a/ACg8ocI7BuPY-e5H1LwdqOpqLNkttiwOgWXznPrGNgd3OvZ1LmTJhg=mo,"Tampilan MyTelkomsel terupdate rapi, spektakuler dan gampang digunakan",5,0,,2025-04-11 01:38:18,,,
8687d54c-a6ab-4c33-b279-aabb96092eac,Dadin Gilang,https://play-lh.googleusercontent.com/a/ACg8ocLbueLiMkvw4O0x6PrQSILViEH90JnCIWPsuNOOHqCgJBdqnQ=mo,"EMANG HARUS SETIAP BUKA APLIKASI HAPUS DATA DULUU??? KALO GA GITU LOADING AJA TERUS, PAKE WIFI/DATA SAMA AJAAA!!!",1,0,,2025-04-11 01:37:59,Hai Kak Dadin. Mohon maaf untuk ketidaknyamanannya. Untuk kendalanya Kakak bisa langsung menghubungi kami di DM Instagram @Telkomsel atau hubungi kami di tsel.id/chatva. Semoga membantu. 😊 -Sekar,2025-04-11 03:03:53,
97198e5c-5cbd-4ad9-bd43-6bcfb8bd2660,Iqbaal Rinaldi,https://play-lh.googleusercontent.com/a-/ALV-UjVMcVKeDIlNh4CYId6oQO2bCYSiiWJUlWfRQ3cjXLgfjbADCrYh,Banyak pilihan video streaming series yang #spektakuler di MyTelkomsel. Lancar dan jernih.,5,0,8.6.2,2025-04-11 01:37:46,,,8.6.2
7dafa00b-a5da-49d8-8316-234a54174e59,Muhammad Rayhan,https://play-lh.googleusercontent.com/a-/ALV-UjUvX58ey3umfifcYjhqhy1qnQqGw0HPP7beK8U1P1KIB1BI8Q,"Mau lu apa sih, Force close mulu ni app",1,0,,2025-04-11 01:37:39,"Hai Kak Rayhan. Mohon maaf untuk ketidaknyamanannya, silakan coba login kembali setelah beberapa saat. Apabila tetap mengalami kesulitan login, silakan hubungi kami melalui DM Instagram @telkomsel atau chat di tsel.id/chatva. Semoga membantu. 😊 -Sekar",2025-04-11 03:04:18,
a16737c0-c559-4bf3-98a0-9eef0d087ad1,gb gaming,https://play-lh.googleusercontent.com/a-/ALV-UjUtz5CVjY4_qdVH2wAOdTKK0N-UyquFfHJ_N8FoQfcznbdn06ym,"Tampilan My Telkomsel terupdate rapi #spektakuler,dan gampang digunakan",5,0,8.7.0,2025-04-11 01:36:52,,,8.7.0
58830f8a-ba41-4817-99fc-fac702e8324a,Sutamin Rembasa,https://play-lh.googleusercontent.com/a/ACg8ocL4wRUTK7rZFRcZ3Hnkwrmoi1cvC9JY2_MNikAtYH8vKvhJ9Q=mo,bagus,5,0,8.6.2,2025-04-11 01:36:38,,,8.6.2
06da9d73-1e2b-4a47-95cd-1433c631dc42,Rizka Oktarina,https://play-lh.googleusercontent.com/a/ACg8ocIzAFzGA6Kd81sCKU-rtM_D0gtPMq147rmA0bmHBGVfyMp6pQ=mo,mytelkomsel susah dibuka aplikasinya,2,0,8.6.2,2025-04-11 01:36:14,"Hai Kak Rizka. Mohon maaf untuk ketidaknyamanannya ya, silakan coba cara berikut ya Kak:
1. Clear cache aplikasi
2. Force close aplikasi
lalu coba login kembali, apabila masih mengalami kendala, silakan hubungi kami melalui DM Instagram @Telkomsel atau hubungi kami di tsel.id/chatva. Semoga membantu. :) -Alma",2025-04-12 05:40:14,8.6.2
12e67633-6ce3-4e95-81b4-da970ad03f74,Yusril Iza Mahendra,https://play-lh.googleusercontent.com/a/ACg8ocInvLGH-MZ_nqPK2S-Qz5RXAa697cXeQxpr3eCe9v3nl8CB0LE=mo,Tampilan Mytelkomsel terupdate rapi #spektakuler dan gampang d gunakan,5,0,8.6.2,2025-04-11 01:36:04,,,8.6.2
e27870b6-9bc1-44ee-bd38-f25f2804868e,Ela Akmal,https://play-lh.googleusercontent.com/a/ACg8ocLdUwKEPVGIbspyfdASWUPnFyGOGWXSFZ9ELYjnn5CExvzAVg=mo,mantap,5,0,8.7.0,2025-04-11 01:35:00,,,8.7.0
e1ed928d-e881-4a9a-bd96-cf6c7ee6c14f,Nur Raihan,https://play-lh.googleusercontent.com/a/ACg8ocLmekdnHyc9e6aB7XuX_mGeZ3Au2mgUMFK78LEBUb3mOqb89g=mo,👍👍👍,5,0,,2025-04-11 01:34:55,,,
94034d04-46eb-4be2-a350-3845e4e93614,andy kurniawan,https://play-lh.googleusercontent.com/a/ACg8ocJ6n623J94kWDimRffDrvHto4hHrkiRsQGmpyRlRhBJcA3MBw=mo,poor...setiap buka aplikasi selalu lama proses nya dan aplikasi force close...setelah update malah paraahh...,1,0,8.7.0,2025-04-11 01:33:44,"Hai Kak Andy. Mohon maaf untuk ketidaknyamanannya ya, silakan coba cara berikut ya Kak:
1. Clear cache aplikasi
2. Force close aplikasi
lalu coba login kembali, apabila masih mengalami kendala, silakan hubungi kami melalui DM Instagram @Telkomsel atau hubungi kami di tsel.id/chatva. Semoga membantu. :) -Alma",2025-04-12 00:28:25,8.7.0
aab968f9-406c-4375-b38e-f8469fb82b5b,M. Alfan Edi,https://play-lh.googleusercontent.com/a-/ALV-UjWmF-iN-qJltWO7ZsRNkDHLbH_0gcoAyx3J99HL5NTvv0VsZzlT,bug lo benerin ga!!!! capekk kon,1,0,8.6.2,2025-04-11 01:32:42,"Halo, Kak Alfan. Maaf ya atas keluhan jaringan. Agar Mimin bisa bantu Kakak, hubungi Mimin melalui fitur bantuan di aplikasi MyTelkomsel, atau kirim email ke cs@telkomsel.com, Twitter @Telkomsel, Facebook Messenger 'Telkomsel', atau WhatsApp Telkomsel Virtual Asisten ya Kak. Makasih :) -Darlan",2022-05-06 15:46:18,8.6.2
d86541fa-61d9-4195-9788-88443c54418f,abdul haqim,https://play-lh.googleusercontent.com/a-/ALV-UjWmUu8FXbAcXgpk95BnEeSdkT5McPFmAwcCDlt-P-c11xWa2j-7,gk bisa di buka,1,0,8.7.0,2025-04-11 01:32:36,"Hai Kak Haqim. Mohon maaf untuk ketidaknyamanannya ya, silakan coba cara berikut ya Kak:
1. Clear cache aplikasi
2. Force close aplikasi
lalu coba login kembali, apabila masih mengalami kendala, silakan hubungi kami melalui DM Instagram @Telkomsel atau hubungi kami di tsel.id/chatva. Semoga membantu. :) -Alma",2025-04-12 00:54:48,8.7.0
741421fe-546a-4d47-9d25-79a3fe568ec2,Adi Suryana,https://play-lh.googleusercontent.com/a-/ALV-UjU1_4kqLCmaACJ_Y_oETc48Ehxr-6_rnrxSsM0ByGdQcwJSmLY,apk bug terossss,1,0,8.6.2,2025-04-11 01:31:43,"Hai Kak Adi. Mohon maaf untuk ketidaknyamanannya ya, silakan coba cara berikut ya Kak:
1. Clear cache aplikasi
2. Force close aplikasi
lalu coba login kembali, apabila masih mengalami kendala, silakan hubungi kami melalui DM Instagram @Telkomsel atau hubungi kami di tsel.id/chatva. Semoga membantu. :) -Alma",2025-04-12 00:55:10,8.6.2
43e371b6-157c-4d2d-ae33-a1532eb8c362,Riyan Febrinugraha,https://play-lh.googleusercontent.com/a/ACg8ocJxKexg8mkmMFi-Eb82rHZJh0BtSnv2tjufdQYFLqfg9xOHow=mo,aplikasi selalu close sendiri,1,0,8.6.2,2025-04-11 01:31:23,"Hai Kak Riyan. Mohon maaf untuk ketidaknyamanannya ya, silakan coba cara berikut ya Kak:
1. Clear cache aplikasi
2. Force close aplikasi
lalu coba login kembali, apabila masih mengalami kendala, silakan hubungi kami melalui DM Instagram @Telkomsel atau hubungi kami di tsel.id/chatva. Semoga membantu. :) -Alma",2025-04-12 00:55:37,8.6.2
51de2855-0605-44e2-81d3-ec8d6344fdc1,Fita Arum Ningtyas,https://play-lh.googleusercontent.com/a/ACg8ocK1gPJy071O-6-T1kA9s7DcUqupymCZLEZlH7k-g6aApFumog=mo,kenapa punyaku force close mulu dah 😭 gabisa login,3,0,,2025-04-11 01:30:16,,,
9eb210c7-e0c5-4d5f-b0c5-ead7cc3089cd,Sidoick Coin,https://play-lh.googleusercontent.com/a/ACg8ocLp4MTtDpg-uqMNeBgghJe23LBfbQebNb5-YEsUTBJGvjvgnQ=mo,Sangat buruk,1,0,,2025-04-11 01:29:25,,,
11966caa-b836-452f-a17a-a7a924922ebe,duan erlando,https://play-lh.googleusercontent.com/a/ACg8ocIplnvTy0ofxkUbBNw2p18dYIJp8vwO4nfVLh1MwBWpxW_igJI=mo,"kenapa sih apk nya telkomsel,udah mahal2 kuota nya, untuk masuk ke aplikasi nya aja susah banget,gw sebagai user platinum males bnget,3 x instal ulang masih aja debug tlol bngt dh",5,0,8.7.0,2025-04-11 01:29:09,,,8.7.0
68326733-4097-427d-a644-156f77325d43,Dim,https://play-lh.googleusercontent.com/a/ACg8ocIVfCwLX4Q4QTqukdB5GkXLXkdAvJAy3piqTdEingT98C4BVA=mo,oy aplikasi tolol.... force close terus.,1,0,,2025-04-11 01:28:23,"Hai Kak Dim. Mohon maaf untuk ketidaknyamanannya ya, silakan coba cara berikut ya Kak:
1. Clear cache aplikasi
2. Force close aplikasi
lalu coba login kembali, apabila masih mengalami kendala, silakan hubungi kami melalui DM Instagram @Telkomsel atau hubungi kami di tsel.id/chatva. Semoga membantu. :) -Alma",2025-04-12 00:56:00,
874a3f50-e9d1-4511-9a5d-690290923a25,Sani Maybach,https://play-lh.googleusercontent.com/a-/ALV-UjVjtCUSxoKX54lufOOai5miUDzHG-LQYMCVeH_uiR0J7VuupSbx,wah keren banget aplikasinya.bsa dibuka kalao pas ada wifi. klao pake pakai jaringn lemotnya minta ampun. good job telkomsel keep the good work 👍👍👍,5,0,8.7.0,2025-04-11 01:28:02,,,8.7.0
e62ee40f-24aa-4f46-a2a4-1cb1802399ae,Oof Sofiah,https://play-lh.googleusercontent.com/a/ACg8ocL3LblZ5qP8r-vP3mA53fVU3OAqKRUbCjcm9C8rG3r_RGQY_g=mo,ngeleg parah,3,0,8.7.0,2025-04-11 01:26:53,,,8.7.0
ca22d732-47a8-47b7-bf84-e56ea279b567,OTG CELL,https://play-lh.googleusercontent.com/a-/ALV-UjXgBxMzsZ7Gq-3jJPtv5uxbRTpxFKx6sJhDrrqgV03Gwe0Omy0,semenjak TSEL jadi BUMN aplikasinya menjadi semakin ampasss! ngelag parah BUG dimana mana,1,0,,2025-04-11 01:26:34,"Hai Kak. Mohon maaf untuk ketidaknyamanannya ya, silakan coba cara berikut ya Kak:
1. Clear cache aplikasi
2. Force close aplikasi
lalu coba login kembali, apabila masih mengalami kendala, silakan hubungi kami melalui DM Instagram @Telkomsel atau hubungi kami di tsel.id/chatva. Semoga membantu. :) -Alma",2025-04-12 01:04:03,
0a83a853-d1b4-402c-b731-2146d1e0ca41,Rian Johnder,https://play-lh.googleusercontent.com/a-/ALV-UjXd670IsJEBzYboh7Tz1mx1Bn907bJkAcQcXCdZyYxRROFa3I6Y,"lemot, sering keluar sendiri. apa nggak ada niat dari tim nya ini untuk memperbaiki masalahnya? katanya provider nomor 1 tapi kok gini",1,0,6.16.1,2025-04-11 01:26:26,,,6.16.1
91e78c0d-8fca-416d-860c-fe2a42acdbb8,Infi King,https://play-lh.googleusercontent.com/a-/ALV-UjVmLbp3-Sy-8UBOW6wImjXaRcVRREGxy9T6AhJ7SXWWd02OW-4,ini knpa tiba2 apk nya fc sendiri gajelas,1,0,,2025-04-11 01:22:51,"Hai Kak. Mohon maaf untuk ketidaknyamanannya ya, silakan coba cara berikut ya Kak:
1. Clear cache aplikasi
2. Force close aplikasi
lalu coba login kembali, apabila masih mengalami kendala, silakan hubungi kami melalui DM Instagram @Telkomsel atau hubungi kami di tsel.id/chatva. Semoga membantu. :) -Alma",2025-04-12 01:07:28,
e1677a1b-dd6d-4d34-a83e-e78f9513e603,Andri Setiawan,https://play-lh.googleusercontent.com/a-/ALV-UjXZrbKIU4AOmPvWIaXNa6Kuh2WPXsc7zcGDeDTzqwpTt-nLpAR6,"sangat tidak memuaskan sekali dengan fitur my Telkomsel ini. saya sudah cukup lama pakai Telkomsel, namun untuk kali ini sangat sangat buruk sekali pelayanannya. tolong di tingkatkan kembali fitur serta aplikasinya. saya sudah update beberapakali utk apk ini namun sampe sekarang sulit sekali untuk mengaksesnya entah trjadi trouble atau tidaknya. Namun harus adanya peningkatan layanan .",1,0,8.7.0,2025-04-11 01:22:05,,,8.7.0
16a04823-cd9d-49f9-9c52-33154b9911ba,Malaika Saida,https://play-lh.googleusercontent.com/a/ACg8ocLB8yu6HcRHUEIjbKstdxjAB7qYUrNvQz0mClbTCCAr8yW34A=mo,Aplikasinya sangat membantu untuk bayar tagihan kartu Halo. nda usah ngantri di t4 pembayaran lagi. Aplikasi yg bikin #Greget 💚,5,0,,2025-04-11 01:21:47,,,
56caf99d-4a81-4511-bce4-adb578a13c12,Aml Cell,https://play-lh.googleusercontent.com/a/ACg8ocKlX4TqBrw26Y189xXx3WgacBDXhVR2x7Acu6WL-g_4stlu1w=mo,"ngerestart sendiri aplikasi ny, gak bisa di buka, di oppo a60",1,0,5.9.0,2025-04-11 01:19:57,"Hai Kak. Mohon maaf untuk ketidaknyamanannya ya, silakan coba cara berikut ya Kak:
1. Clear cache aplikasi
2. Force close aplikasi
lalu coba login kembali, apabila masih mengalami kendala, silakan hubungi kami melalui DM Instagram @Telkomsel atau hubungi kami di tsel.id/chatva. Semoga membantu. :) -Alma",2025-04-12 01:07:46,5.9.0
1c2ec2ff-dbe5-4c15-957e-4acb1979423c,Mamah Ghina,https://play-lh.googleusercontent.com/a-/ALV-UjW9kwX2nCUVcYit-MS9Y1l495jiJdRuEYwu1joxKAUdNi9zdF8,knp ko gk bisa d buka aplikasi nya,4,0,8.7.0,2025-04-11 01:19:09,,,8.7.0
a562cf78-8dc1-48d8-a119-ecf8cd8b7169,Raka Outsutsuki,https://play-lh.googleusercontent.com/a-/ALV-UjXjmB2Jmoy9UJKiyp52bYTp7DTCOxmo3J7-DkFHKgMy7-xg5sSf,"apk is useless, still faster using dial number.",1,0,8.6.2,2025-04-11 01:18:45,,,8.6.2
96fb9ff8-d1b6-43b9-abb8-de9daf88153d,Rizqy Hidayatullah,https://play-lh.googleusercontent.com/a/ACg8ocLs5zEe4lsNZBoMn2GAq8xFNBRxpUKxq6ciR9iq75npJISyoTM=mo,aplikasinya berat banget,1,0,8.6.2,2025-04-11 01:18:02,"Hai, Kak Rizqy. Mohon maaf untuk ketidaknyamanannya ya, apabila aplikasi MyTelkomsel terlalu berat di handphone Kakak, silakan coba unduh MyTelkomsel Basic. Aplikasi ini sudah tersedia di PlayStore. Apabila masih mengalami kendala, silakan hubungi kami melalui DM Instagram @Telkomsel atau chat di tsel.id/chatva. Semoga membantu. :) -Alma",2025-04-12 01:08:17,8.6.2
41efdaf1-eb67-4ea2-8b46-91967aa0a179,Hendra Vikia,https://play-lh.googleusercontent.com/a/ACg8ocIA4vBSZi1ILjB8BgAvNCHIYKm8oTl7MXPNy286uAO3U2jiQ82J=mo,"Tampilan My Teelkomsel terupdate rapi, #Spektakuler dan gampang digunakan",5,0,8.6.2,2025-04-11 01:15:55,,,8.6.2
73d906ff-df53-498a-b16a-de3018411353,Kang Agus,https://play-lh.googleusercontent.com/a-/ALV-UjWXJyCtTO7KEM-jvdVW7_HI_oxSr990URNV3I4mu3Yse-1zoxw,"aplikasinya lemot, sudah coba refresh, sudah coba keluar masuk aplikasi tetep aja gak muncul datanya, tolong lah perbaiki masalah seperti ini, setidak nya ini berguna untuk banyak orang, jangan hanya harga paketan aja di mahalin jaringan dan aplikasi nya juga di perbaiki, ini saya pengguna lama, dari dulu kesel saya pendem masalah jaringan aja, udah berapa kali laporan masalah jaringan cuma di kasih saran yg tidak ada solusinya sama sekali, kecewa..",1,0,8.7.0,2025-04-11 01:15:27,,,8.7.0
3c4a994b-1f01-400a-8931-83ce03aea7f9,Dedi Setiawan,https://play-lh.googleusercontent.com/a-/ALV-UjXMRDLkUHdg-bxGQlOTgqMtZc9821Rf-pdF8bsspotca8w1zexK,bagus,5,0,,2025-04-11 01:14:30,,,
54365dbd-47f2-44b7-a774-cbc7c694cc81,Hafiz Muliadi,https://play-lh.googleusercontent.com/a-/ALV-UjWjHFu-xMDkGxR2yCpiTyYpH-ANKD_lsZvI1kuBHgJOynimBEu7,"Bang sel, ini aplikasi mental-mental di oppo a57 4g saat aku mau login, aku coba hapus cache dan data juga tidak bisa, aku coba update juga tidak bisa, aku coba hapus dan download lagi juga tidak bisa, mana perizinan aplikasi banyak lagi buat apa bang sel, terakhir aku coba buka aplikasi tanpa hidupin data malah muncul opsi loginnya. buat user yang pakai aplikasi ini harus belajar oprek-oprekan lagi ya😵‍💫😒.",3,0,8.7.0,2025-04-11 01:14:00,,,8.7.0
d3fd88ac-0d2d-4583-b3d3-7fabcb91a4b3,Adrianus Narek,https://play-lh.googleusercontent.com/a-/ALV-UjWpsXEQd0-iBjwb25M38pdr-5-6Drv_j684IfzXzcK_pzzylU2-,"Aplikasi tersampah yg pernah sya instal,",1,0,8.6.2,2025-04-11 01:13:25,,,8.6.2
be3828ed-e0f8-4b9c-b526-eb8c45a3deba,Wahyu Ramadhan,https://play-lh.googleusercontent.com/a-/ALV-UjUO9qmvjiTStSGEKvts5IQ_86F9PdRlOWE6c3vuuqEDUY-fMZI,lag,1,0,8.6.2,2025-04-11 01:11:34,,,8.6.2
82e8da56-31d9-43ed-9f1a-1aecf0e07c68,MUSYAFA,https://play-lh.googleusercontent.com/a-/ALV-UjWd9jAyvvmvyazEhW06XST2QKv23qxM6p60Rq3aA4OY7MyMRu8,slow respon SMS buat verifikasi sangat lama hampir 3x kirim ulang belum nyampe padahal saya sudah benar memasukkan nomor,1,0,8.7.0,2025-04-11 01:10:13,,,8.7.0
2a695d72-ad58-44b2-ae94-c8a2415d26e1,ghems jims,https://play-lh.googleusercontent.com/a-/ALV-UjWePuTt3j1hWaof4BnnaTNdVpaFRqtXqanMjc1sVx1-ijje6Q,Aplikasi nya sering gangguan... Tolong diperbaiki... Masa tiap kali buka aplikasi loading terus untuk cek kuota .. makin parah aja ini aplikasi nya... tolong segera di perbaiki,1,0,8.7.0,2025-04-11 01:10:10,"Hai Kak. Mohon maaf untuk ketidaknyamanannya ya, silakan coba cara berikut ya Kak:
1. Clear cache aplikasi
2. Force close aplikasi
lalu coba login kembali, apabila masih mengalami kendala, silakan hubungi kami melalui DM Instagram @Telkomsel atau hubungi kami di tsel.id/chatva. Semoga membantu. :) -Alma",2025-03-13 07:02:38,8.7.0
9819989b-dad1-4fa9-82f8-0d578524ccd6,Tata Bray,https://play-lh.googleusercontent.com/a/ACg8ocL3wQCmU_Ph7KNWYBMj_ZDFZu8LJoikxVX4lV9p-LFOcOS5Uw=mo,mantap,5,0,8.6.2,2025-04-11 01:09:41,,,8.6.2
31b44ed3-304c-43eb-889b-7f229db3ec20,riza akbari,https://play-lh.googleusercontent.com/a-/ALV-UjVJ2YyJmK9WpRc2tSO8eYa1nl59Bf9jRYz8dDlGjeV1AfTh-h8w,"Sering bermasalah, Keluar keluar terus dari aplikasi",1,0,8.6.2,2025-04-11 01:08:54,,,8.6.2
c98356b3-72b2-47f9-ac5c-f8e6a04be87d,syamsul arif,https://play-lh.googleusercontent.com/a/ACg8ocKc71e8Dxh9OhYULjUCUblcJMbFeBtdEEIxjjceeiF2HVjzIQ=mo,"mati lampu sinyal hilang, paket darurat merugikan pengguna, quota mahal",1,0,8.6.2,2025-04-11 01:07:50,"Hai Kak Syamsul, silakan akses aplikasi MyTelkomsel untuk mendapatkan lebih banyak pilihan dan penawaran paket datanya ya, untuk kendala sinyal silakan coba restart handphone kakak. Apabila masih terdapat kendala silakan hubungi kami di DM Instagram @telkomsel atau chat di tsel.id/chatva. Semoga membantu. :) -Edo",2025-03-15 10:52:46,8.6.2
a5bf4110-8222-419f-87be-745ebb3f91e1,Kavivarma,https://play-lh.googleusercontent.com/a-/ALV-UjXBFWKsnns9kEyEADIHy3WPYSLZ5KTnIbbK8P_Ad1O0VlGPMGs,"kebanyakan bug, parah banget",1,0,,2025-04-11 01:03:26,"Hai Kak Kavivarma. Mohon maaf untuk ketidaknyamanannya ya, silakan coba cara berikut ya Kak:
1. Clear cache aplikasi
2. Force close aplikasi
lalu coba login kembali, apabila masih mengalami kendala, silakan hubungi kami melalui DM Instagram @Telkomsel atau hubungi kami di tsel.id/chatva. Semoga membantu. :) -Alma",2025-04-12 01:09:20,
ea4c5c04-e1ca-47ec-8c7e-93803829c7f8,Dicky Marcus,https://play-lh.googleusercontent.com/a-/ALV-UjUyoZNnatby-l8mKpfV6PMlRynJC2HSsNpt0joU4EzXw_PP2xWL,kenapa si aplikasinya kebanyakan loading? tolonglah perbaiki,1,0,8.7.0,2025-04-11 01:03:24,"Hai Kak Dicky. Mohon maaf untuk ketidaknyamanannya ya, silakan coba cara berikut ya Kak:
1. Clear cache aplikasi
2. Force close aplikasi
lalu coba login kembali, apabila masih mengalami kendala, silakan hubungi kami melalui DM Instagram @Telkomsel atau hubungi kami di tsel.id/chatva. Semoga membantu. :) -Alma",2025-04-12 01:16:04,8.7.0
11b2a0a5-fc7d-48b6-bd2d-f63018ccafd7,windy rahmah,https://play-lh.googleusercontent.com/a-/ALV-UjVm3l_YLopDi1g-fw49uJdm4rwpi6suMC3plCXLfIc8pR6WETN_,Install di samsung A06 ngebug mulu kenapa yah 🙃,1,0,8.7.0,2025-04-11 01:02:11,"Maaf ya, Kak Windy. Untuk keluhan tidak bisa aktivasi paket melalui aplikasi MyTelkomsel. Segera hubungi Mimin melalui email ke cs@telkomsel.co.id atau DM Twitter @telkomsel, Mimin siap membantu Kakak. Makasih :) –Lina",2021-03-05 03:55:05,8.7.0
3b642ddf-a180-432a-a4d6-365f1392773a,SALMAN GAMING,https://play-lh.googleusercontent.com/a-/ALV-UjVM5ygvRgAwLDKIUIMAJk_LC5JeIGP92VhoqtTlKFOm5lQ8XeY,"aplikasi lemot, akses lambat, parah si untuk sekelas Telkomsel aplikasi nya seburuk ini",1,0,8.7.0,2025-04-11 01:00:34,"Hai Kak SALMAN. Mohon maaf untuk ketidaknyamanannya ya, silakan coba cara berikut ya Kak:
1. Clear cache aplikasi
2. Force close aplikasi
lalu coba login kembali, apabila masih mengalami kendala, silakan hubungi kami melalui DM Instagram @Telkomsel atau chat di tsel.id/chatva. Semoga membantu. 😊 -Sekar",2025-04-11 01:51:52,8.7.0
e8539809-e435-475e-99ff-7e33b678cf31,Dami Doo,https://play-lh.googleusercontent.com/a/ACg8ocKo_4uj41gC7aGAPmhaA-GOwjs9rMSvcHEEM3snr4YU6Ad5XQ=mo,oke,5,0,8.6.2,2025-04-11 00:59:57,,,8.6.2
bd717505-5516-4491-a2fa-af56d94ed6d4,Yoswa Valent,https://play-lh.googleusercontent.com/a-/ALV-UjXWvuiqMFx3e0qegJEKDFZWx14rpF47Kv5ZlO-zdMelTeeCkmWz,sering bug gajelas,1,0,8.7.0,2025-04-11 00:55:24,"Hai Kak Yoswa. Maaf bikin gak nyaman, silakan coba cara berikut ya Kak:
1. Clear cache aplikasi
2. Force close aplikasi
lalu coba login kembali, jika masih berkendala bisa coba uninstall aplikasinya lalu download ulang di Google Play Store. Silakan hubungi kami melalui DM Instagram @Telkomsel atau chat di tsel.id/chatva. Semoga membantu. 😊 -Sekar",2025-04-11 01:52:17,8.7.0
db59d5d6-d059-467a-88df-9203f2035d8f,Galuh Retno kusuma,https://play-lh.googleusercontent.com/a-/ALV-UjXxitNNKDhtbVzpHlEuAXcpSrDy0WUK4P505KXH1JGkq7-3fXy8,"Kenapa yaaa biasanya beli paketan itu enak aja, udah 2x padahal pulsa mencukupi dan jika mau beli paketan tersebut jawabannya pulsa anda tidak mencukupi, tapi giliran beli paket yg lainnya bisa, sampe² pulsa berkurang cuma gara² beli paket tersebut akhirnya mau ga mau beli paket lainnya. tolong dong telkomsel yg jelas² aja, bikin ga nyaman kek gini",2,0,8.7.0,2025-04-11 00:55:14,,,8.7.0
ffd9e2ce-92f3-4147-879f-f166dc1520aa,Agus Sipenk,https://play-lh.googleusercontent.com/a/ACg8ocJ8x_8npJdJs3_DZofOf1m5i0b9lwuWbcG8KRElWzPUArLwzA=mo,gak bisa login,1,0,8.6.2,2025-04-11 00:52:40,"Hai Kak Agus. Mohon maaf untuk ketidaknyamanannya ya, silakan coba cara berikut ya Kak:
1. Clear cache aplikasi
2. Force close aplikasi
lalu coba login kembali, apabila masih mengalami kendala, silakan hubungi kami melalui DM Instagram @Telkomsel atau chat di tsel.id/chatva. Semoga membantu. 😊 -Sekar",2025-04-11 01:52:38,8.6.2
c7550efa-1bc5-4aa7-948f-66f53f27817e,KVO TV Budi Prianto,https://play-lh.googleusercontent.com/a-/ALV-UjUlI2LcSR_ByDcDEVOPk2gy29LLA7nVbIjLIheVo9JhNg9w2tG1CQ,banyak bug,3,0,,2025-04-11 00:52:37,,,
9d1de611-1bc2-49ad-91ef-641ae69988c6,hepy muin,https://play-lh.googleusercontent.com/a/ACg8ocIuG9PLhacprTFIqNBKfjfv1KMv-uUIXVugz9RbrsWt8-WAlw=mo,aplikasi ngelag terus. kagak bisa buka. lemot bukanya. kagka berguna sekali nih aplikasi bikin emosi buang waktu saja,2,0,8.7.0,2025-04-11 00:49:43,"Hai Kak. Mohon maaf untuk ketidaknyamanannya ya, silakan coba cara berikut ya Kak:
1. Clear cache aplikasi
2. Force close aplikasi
lalu coba login kembali, apabila masih mengalami kendala, silakan hubungi kami melalui DM Instagram @Telkomsel atau hubungi kami di tsel.id/chatva. Semoga membantu. :) -Alma",2025-04-12 05:42:22,8.7.0
3cc509d4-3833-440d-9274-76641466ed43,Elyta Noer wullan,https://play-lh.googleusercontent.com/a/ACg8ocJNQmG2Xup364korguE9Zi3_v0JNK_MfdhpYPscKoQ0pd1kig=mo,apa ini bug..bug..bug.. gal bisa di buka aplikasi,2,0,,2025-04-11 00:49:09,"Hai Kak Elyta. Mohon maaf untuk ketidaknyamanannya ya, silakan coba cara berikut ya Kak:
1. Clear cache aplikasi
2. Force close aplikasi
lalu coba login kembali, apabila masih mengalami kendala, silakan hubungi kami melalui DM Instagram @Telkomsel atau hubungi kami di tsel.id/chatva. Semoga membantu. :) -Alma",2025-04-12 05:42:58,
7c579e00-eb25-420a-a6f8-43032ec9d5a3,Betty Kurniasih,https://play-lh.googleusercontent.com/a/ACg8ocLZUH5QiUVdWml8TUM-xrrnRo3Ts4bSqhRYt3n5oOKUKmBcoA=mo,tiba tiba keluar sendiri,1,0,8.6.2,2025-04-11 00:49:04,"Hai Kak Betty. Mohon maaf untuk ketidaknyamanannya, silakan coba login kembali setelah beberapa saat. Apabila tetap mengalami kesulitan login, silakan hubungi kami melalui DM Instagram @telkomsel atau chat di tsel.id/chatva. Semoga membantu. 😊 -Sekar",2025-04-11 01:54:17,8.6.2
5a3c1e19-dea4-4451-a5d7-dbc779c1fb73,Hotzen Siburian,https://play-lh.googleusercontent.com/a/ACg8ocKvCrf_iLiRu-JJ_VyqFzFisq7Fwcs3CjyBzrjCjWc__IRuRA=mo,Kadang eror,4,0,8.7.0,2025-04-11 00:48:22,,,8.7.0
fc5289cb-0e71-4d9f-871b-f3406eb16d69,Dadan Syahru ramadhan,https://play-lh.googleusercontent.com/a/ACg8ocJdN1ES0jJGZr5BzZjGLBFxIpA_0TBGTEXv9kjnpW6PS44eYA=mo,"jelek banget aplikasinya, anggaran buat IT nya di pangkas ya🤣🤣",1,0,,2025-04-11 00:47:34,"Hai Kak Dadan. Mohon maaf untuk ketidaknyamanannya. Untuk kendala aplikasi MyTelkomsel, Kakak bisa langsung menghubungi kami di DM Instagram @Telkomsel atau hubungi kami di tsel.id/chatva. Semoga membantu. 😊 -Sekar",2025-04-11 01:57:12,
d6c9dc73-b1a3-4520-8aa9-747d42869423,Achmada Caesario,https://play-lh.googleusercontent.com/a-/ALV-UjVc4leegCjoa28Kt8ye3nkQ1JfQuiopR6i_XzaPHXEmRr5-t-Bj,"cacat tiba-tiba keluar sendiri ga bisa login, trs banyak ngebug nya, mahal padahal dulu bisa beli paketan murah 5 gb/30 hari seharga 5000 sekarang udah ga ada promonya",1,0,8.7.0,2025-04-11 00:45:30,"Hai Kak Achmada. Mohon maaf untuk ketidaknyamanannya, silakan coba login kembali setelah beberapa saat. Apabila tetap mengalami kesulitan login, silakan hubungi kami melalui DM Instagram @telkomsel atau chat di tsel.id/chatva. Semoga membantu. 😊 -Sekar",2025-04-11 01:57:56,8.7.0
307fd6eb-1975-46ad-9ff6-3953410046e7,Ahmad Ferdinan,https://play-lh.googleusercontent.com/a/ACg8ocKeKWtUdIkXvk5M_PhcV_14qcXhmth0jEz7sjcUARjh-9iTbA=mo,Telkomsel kok makin kesini apk nya semakin lemot dan banyak bug nya. tolong diperbaiki dong segera!!!,1,0,8.7.0,2025-04-11 00:45:17,"Hai Kak Caesario. Maaf bikin gak nyaman, yuk akses aplikasi MyTelkomsel untuk mendapatkan lebih banyak pilihan dan penawaran paket datanya ya Kak. Untuk keluhan aplikasi MyTelkomsel, yuk coba login kembali setelah beberapa saat. Jika tetap mengalami kesulitan login, yuk hubungi kami melalui DM Instagram @telkomsel atau chat di tsel.id/chatva.-Sekar",2025-04-11 02:00:19,8.7.0
d13ed3e3-f3cb-4280-9d5d-832fc4318424,Suharti -,https://play-lh.googleusercontent.com/a/ACg8ocJiXn3Wczz0aVSI75GC5JB2xvhVRw2UhnXCQqAQSimsBl24Zw=mo,"app yang masih sangat berat dan UI UX yang sangat buruk untuk sekelas provider yg ""premium"". dan ketika saya buka app langsung berhenti tiba2 dan tidak bisa diakses sama sekali meski sudah dicoba puluhan kali",1,0,8.7.0,2025-04-11 00:45:14,"Hai Kak Suharti. Mohon maaf untuk ketidaknyamanannya ya, apabila aplikasi MyTelkomsel terlalu berat di handphone kakak, silakan coba unduh MyTelkomsel Basic. Aplikasi ini sudah tersedia di PlayStore. Apabila masih mengalami kendala, silakan hubungi kami melalui DM Instagram @Telkomsel atau chat di tsel.id/chatva. Semoga membantu.😊 -Sekar",2025-04-11 02:00:45,8.7.0
5625b5ad-0e3d-4a6e-82c6-ad316f582087,Mang Ulis,https://play-lh.googleusercontent.com/a-/ALV-UjUx6xEfSWxGHW6EFg1EfbuW0x_Ui4ZUwLke1zEoSjIYOm9-iqYc,kenapa log out melulu sih?? gw kan mau cek kuota,1,0,8.6.2,2025-04-11 00:43:43,"Hai Kak. Mohon maaf untuk ketidaknyamanannya, silakan coba login kembali setelah beberapa saat. Apabila tetap mengalami kesulitan login, silakan hubungi kami melalui DM Instagram @telkomsel atau hubungi kami di tsel.id/chatva.Semoga membantu. -Alma",2025-04-12 01:18:48,8.6.2
6721880a-528b-4610-9644-10bd96807baa,Titi Sumiati,https://play-lh.googleusercontent.com/a/ACg8ocL_v-Ph30Wt_B0rpACb9HHyN-VMmPikcAKZjcgG-Ae7kIthtw=mo,lemott,1,0,8.6.2,2025-04-11 00:43:24,"Hai Kak Titi. Mohon maaf untuk ketidaknyamanannya, silakan coba restart handphone Kakak. Apabila masih terdapat kendala silakan hubungi kami di DM Instagram @telkomsel atau hubungi kami di tsel.id/chatva. Semoga membantu. :) -Alma",2025-04-12 01:19:24,8.6.2
76993d26-91a5-4f16-b6f8-0e973468fecd,Krisna,https://play-lh.googleusercontent.com/a/ACg8ocK6nwcoEDhMAaAlj_614DvfNp6wVXfewtT8t3V1BQzbiaVu8w=mo,"Alhamdulillah dengan adanya my Telkomsel, beli pulsa dan voucher lebih hemat",5,0,8.7.0,2025-04-11 00:42:16,,,8.7.0
5c704600-3dee-4aa6-9a5f-19416b01e917,Bayu Suryo babay,https://play-lh.googleusercontent.com/a-/ALV-UjUzbPDESMPBf8tiMfKwJafBSPJopUF1uIOy-oD1y5gSUhuZk2js,ngeleg teroooooosss,1,0,8.7.0,2025-04-11 00:40:49,,,8.7.0
bb7ccde8-afae-422e-8c69-8ff2f0968be7,Joko Triyono,https://play-lh.googleusercontent.com/a/ACg8ocLZSYfBNaeqGGMVLmYzjur3h30_CIL1lhrdpHul1j61S8zKTw=mo,"Jaringan telkomsel area sum-sel parah sekali..makin lama makin bobrok telkm.apalagi klo listrik padam,padam pula sinyalnya ga tau kemana.. paket paling mahal bknnya malah bagus nih sinyal malah jelek,padahal tower jaraknya 100m dr dirmh.ga ad guna tuh tower.. banyakan dikorupsi jg kayaknya",1,0,8.7.0,2025-04-11 00:39:44,,,8.7.0
52c18769-f1d4-41db-bb4f-9b6c2a9a0960,Putzzz?,https://play-lh.googleusercontent.com/a/ACg8ocIvjpO3mRv_QhOII1xWqE9bPN_1P9j6uUoOIIrN3AuAeY5Osc0=mo,eror,1,0,8.6.2,2025-04-11 00:38:23,,,8.6.2
c6dc73c8-6d46-4759-ad6a-8f59278b8d81,Bonie Weinhofen,https://play-lh.googleusercontent.com/a/ACg8ocLCIBJ4ZTzLjgI1F85tH07__5BXBkVTglWguVo-xTDij7dRJg=mo,"kebiasaan ini aplikasi asal habis di update ngebug mulu,tolong diupdate lagi yanh bagus",5,0,8.7.0,2025-04-11 00:38:04,,,8.7.0
1281c514-d939-40c1-bb22-a686b8cc7f54,Yopi Taveransah,https://play-lh.googleusercontent.com/a-/ALV-UjXRiMVbbi9gvoLurbA6UEiXsAul_1NgJdP3MmWdMP0M0aD6Wik,semakin kesini semakin buruk. lag dan setelah instal ulang crash terus ga bisa log in,1,0,8.7.0,2025-04-11 00:37:43,"Hai Kak Yopi. Maaf bikin gak nyaman, silakan coba cara berikut ya Kak:
1. Clear cache aplikasi
2. Force close aplikasi
lalu coba login kembali, jika masih berkendala bisa coba uninstall aplikasinya lalu download ulang di Google Play Store. Silakan hubungi kami melalui DM Instagram @Telkomsel atau chat di tsel.id/chatva. Semoga membantu. 😊 -Sekar",2025-04-11 02:01:56,8.7.0
6a5b9c78-f478-4030-a6dd-7c7d0fdd19e8,Putri Ramadhani,https://play-lh.googleusercontent.com/a/ACg8ocKjIV698RYx1rIO_ppS9_BZhgUNW_NUeXl7NAWRGW_fEQmcOg=mo,perlihatkan yang bagus dong masak di buka aplikasinya tidak bisa,5,0,8.6.2,2025-04-11 00:35:13,,,8.6.2
207fa3ba-9415-4daf-9b7c-ae6e9dfc60dc,M. FAISOL,https://play-lh.googleusercontent.com/a-/ALV-UjWmsqwdub2NgxBU0Vq2crW5A8R-vVbTotfOk0DLPFqFsQ-rF4g,"diperbiki lagi, saat ini aplikasi selalu forclose... dan satu lagi, untuk perizinannya jangan berlebihan dong. kayak aplikasi penyadap saja... tolong perbaiki 👎",1,0,8.6.2,2025-04-11 00:34:13,"Hai Kak FAISOL. Mohon maaf untuk ketidaknyamanannya, silakan coba login kembali setelah beberapa saat. Apabila tetap mengalami kesulitan login, silakan hubungi kami melalui DM Instagram @telkomsel atau chat di tsel.id/chatva. Semoga membantu. 😊 -Sekar",2025-04-11 02:03:57,8.6.2
fecb7d32-661b-48dc-a96e-dc8ab38682f2,Pengguna Google,https://play-lh.googleusercontent.com/EGemoI2NTXmTsBVtJqk8jxF9rh8ApRWfsIMQSt2uE4OcpQqbFu7f7NbTK05lx80nuSijCz7sc3a277R67g,apk pant3k,1,0,8.7.0,2025-04-11 00:33:00,Hai Kak. Mohon maaf untuk ketidaknyamanannya. Untuk kendalanya Kakak bisa langsung menghubungi kami di DM Instagram @Telkomsel atau hubungi kami di tsel.id/chatva. Semoga membantu. 😊 -Sekar,2025-04-11 02:04:28,8.7.0
a4e0a21f-755f-4ac1-aabb-c1afd4d1a390,Udin Andreas,https://play-lh.googleusercontent.com/a/ACg8ocK0egemZX8YV4pAjYTLSzxHqgupvl8qVWVysFEqOkbib7yOOQ=mo,knpa paket swadaya 80 k susah di beli ya?,1,0,,2025-04-11 00:32:26,"Hai Kak Udin. Mohon maaf untuk ketidaknyamanannya. Untuk kendala aktivasi paket, bisa langsung menghubungi kami di DM Instagram @Telkomsel atau hubungi kami di tsel.id/chatva. Semoga membantu. 😊 -Sekar",2025-04-11 02:06:38,
c36787b1-8936-4d82-86d5-dec0c4003431,Arya Rachmat sobali,https://play-lh.googleusercontent.com/a/ACg8ocKZ6YyTS2j6Sc-1mUf-460-sPOkGPJltZ6Xd_5YgS49guC6lg=mo,"error ngga bisa di buka, kluar sendiri",1,0,8.7.0,2025-04-11 00:32:05,"Hai Kak Arya. Mohon maaf untuk ketidaknyamanannya, silakan coba login kembali setelah beberapa saat. Apabila tetap mengalami kesulitan login, silakan hubungi kami melalui DM Instagram @telkomsel atau chat di tsel.id/chatva. Semoga membantu. 😊 -Sekar",2025-04-11 02:05:39,8.7.0
b09c0a0c-6d80-4a70-9ff1-850f999c2a8b,Muhammad Aji Radhan,https://play-lh.googleusercontent.com/a-/ALV-UjWAUJzVc8hedVIDNdlnjWFsQfPUhBC7WrA3NuLVo0twx1qC6Zg,sekarang apk ini terdapat bug tidak bisa masuk apk nya,5,0,8.7.0,2025-04-11 00:29:26,,,8.7.0
ededabad-5d7c-4484-9901-178c7ee415ce,jumriah sahar,https://play-lh.googleusercontent.com/a/ACg8ocKj4pvhYH1ISoDQAWgSuP5KwE49nGx6tqpkh8rhlArQYecTug=mo,tolong di perbaiki soalnya ketika buka telkomsel kuar sendiri,2,0,8.7.0,2025-04-11 00:28:27,,,8.7.0
9c991169-88af-44ce-8f4e-b8ca87b952b4,wah wah,https://play-lh.googleusercontent.com/a/ACg8ocJDcdjEVIwkjUdt3NVTrmKsXjjU8VKflsouCMvAV5YSS26Ffg=mo,aplikasiny sering close sendiri saya tidak bisa masuk kalau beli kuota,1,0,8.7.0,2025-04-11 00:26:45,"Hai Kak. Mohon maaf untuk ketidaknyamanannya ya, silakan coba cara berikut ya Kak:
1. Clear cache aplikasi
2. Force close aplikasi
lalu coba login kembali, apabila masih mengalami kendala, silakan hubungi kami melalui DM Instagram @Telkomsel atau hubungi kami di tsel.id/chatva. Semoga membantu. :) -Alma",2025-04-12 01:19:52,8.7.0
734a44c6-cebe-4577-8c9d-d34757c80db2,Lisa Taripada,https://play-lh.googleusercontent.com/a/ACg8ocIBwIrGCC12XUdECxG03zOaJO-7x4MT3oL60-ogBZpmps9zfg=mo,mantap,5,0,8.6.2,2025-04-11 00:25:45,,,8.6.2
441c3cb6-8a49-4f1d-b1ce-f4d41aa509e2,Mree Amry,https://play-lh.googleusercontent.com/a-/ALV-UjVJVxglvWPr44UcBtNB9pSwjPmi4U2LEBfaHrVBLmtBvlzTYxS4,apl makin menjengkelkan loading lama buffering masa sekelas Telkomsel bikin apk jelek bgt padahal harga kuota internet mahal bgt sebulan cuman 28 hari,3,0,8.6.2,2025-04-11 00:22:03,,,8.6.2
a962895b-f1d3-415b-83ea-213d43022f0f,Redemptus Everest Manggasa,https://play-lh.googleusercontent.com/a/ACg8ocJAI00J3igCLJmx_MOPLqC-q44ZGzI4cd8hyvg2JzV-DfWS=mo,Sangat banyak bug,1,0,8.6.2,2025-04-11 00:21:20,"Hai Kak. Mohon maaf untuk ketidaknyamanannya ya, silakan coba cara berikut ya Kak:
1. Clear cache aplikasi
2. Force close aplikasi
lalu coba login kembali, apabila masih mengalami kendala, silakan hubungi kami melalui DM Instagram @Telkomsel atau hubungi kami di tsel.id/chatva. Semoga membantu. :) -Alma",2025-04-12 01:20:12,8.6.2
5416c781-4b27-408b-aed0-6ebc96b13a3f,dafa Aditiya,https://play-lh.googleusercontent.com/a/ACg8ocIzikAD6-t4DF1s3bTRGik1WLeUfnyRmy1Ds5Zs4pjvu08XqA=mo,aplikasinya sering bug gatau kenapa padahal jaringan bagus,1,0,8.7.0,2025-04-11 00:20:12,,,8.7.0
98061c27-d39f-4e15-940e-ae73e6a57d8c,EmiL Bulisu,https://play-lh.googleusercontent.com/a-/ALV-UjWMdHEjHlfvQQgKmd8Hfw0b0ZNLA6HzBy516-guhKvL0f586bLE,susah bgt masuk,1,0,,2025-04-11 00:20:09,"Hai Kak. Mohon maaf untuk ketidaknyamanannya ya, silakan coba cara berikut ya Kak:
1. Clear cache aplikasi
2. Force close aplikasi
lalu coba login kembali, apabila masih mengalami kendala, silakan hubungi kami melalui DM Instagram @Telkomsel atau hubungi kami di tsel.id/chatva. Semoga membantu. :) -Alma",2025-04-12 01:20:42,
64abc25b-5736-45a4-9097-21886a82cd39,fauzan azzahrah,https://play-lh.googleusercontent.com/a/ACg8ocKnod6ZV5u9w3VCJECPIq2DvoyWWjSSsp0x24OP28ox645LDg=mo,susah banget aksesnya,1,0,8.6.2,2025-04-11 00:19:11,"Hai Kak Fauzan. Mohon maaf untuk ketidaknyamanannya ya, silakan coba cara berikut ya Kak:
1. Clear cache aplikasi
2. Force close aplikasi
lalu coba login kembali, apabila masih mengalami kendala, silakan hubungi kami melalui DM Instagram @Telkomsel atau hubungi kami di tsel.id/chatva. Semoga membantu. :) -Alma",2025-04-12 01:21:10,8.6.2
184ab2d1-c3f4-4d7b-bb6d-c672fc577703,cahyo daffa,https://play-lh.googleusercontent.com/a-/ALV-UjX0rZE3wuy8sJLWV2NBkvBZNXZl-u2Pf2OJPcyWr8ntk8-OXUoe,Ini aplikasi gk respon?,5,0,8.6.1,2025-04-11 00:18:02,,,8.6.1
4a4abf79-10c8-4221-8c33-414413d4106e,Ghaly Bayhaqi,https://play-lh.googleusercontent.com/a-/ALV-UjWbiV1_AHyvQM_-UPSsgJSDmbYXse2yzWqX_LYGjsKAIAQevh3k,"Harap diperbaiki ya, karena apkny sering tertutup ketika dibuka beberapa hari ini. terimakasih",2,1,8.7.0,2025-04-11 00:08:13,,,8.7.0
48847f87-b6fe-484b-94c9-ea8f767c0319,Nofiantoro S,https://play-lh.googleusercontent.com/a-/ALV-UjXLX9F0XOwN_PZB4ETtHydcHyuodk8RMSLMmiosEa5d4KMK_ycO,tambah kedepan palahan tambah susah aplikasinya,1,0,5.1.4,2025-04-11 00:05:10,,,5.1.4
8b219783-6522-4eec-af4c-9a2ac36eca12,Deovilus Sulun,https://play-lh.googleusercontent.com/a/ACg8ocK6otfoKPVjTpdWqItp-grbBk3EHDLl5HXbQc3x4R4gNHGLRw=mo,woww,5,0,8.6.2,2025-04-11 00:04:50,,,8.6.2
19183848-708c-4778-8743-d559e69419b9,Jony Sugiarto,https://play-lh.googleusercontent.com/a/ACg8ocKOP-0IZhXGUnRWrbmZS2rP3g-AhWEUF-7hmGpHL5fQ4cknZQ=mo,baik,5,0,8.7.0,2025-04-11 00:04:27,,,8.7.0
2bc9ff8e-55b9-4c83-ab0c-b252dc693f99,RI,https://play-lh.googleusercontent.com/a-/ALV-UjU-Z3lvtjN-NwZqzENz0gle28LoXKRGGIXK_UK8yXzcCI7NJTqS,"Buruk... Membeli paket unlimited Telkomsel yg tadinya Rp 10.000 (500Gb) 1 hari, diubah menjadi 15 Gb 1 hari, setelah itu Bru bisa menjadi unlimited yg kecepatannya 128/kbps yg dimana di hp saya dicek kecepatannya tidak seperti itu...",1,0,8.6.2,2025-04-11 00:03:17,,,8.6.2
1829d5db-99c7-4f5d-9986-b8126f7eaf3d,joko wiyono,https://play-lh.googleusercontent.com/a-/ALV-UjWh0wRPmg12ALliN-dQtx275WwknoTzLPEfTybDry4U4MTA1rst,Untuk kemudahan segala informasi awalnya.... tapi sekarang gak lagi .... makan memori 500mb tapi kualitas kaya 500kb,1,0,8.6.2,2025-04-11 00:02:18,,,8.6.2
d9c09f55-3c85-4e35-b6a8-d76d0150edfd,noer alfi,https://play-lh.googleusercontent.com/a-/ALV-UjVKanKVapzW4gT-_C9JJfentAcNFEtwHMGtpBZ0tMW5-Sc-KP_d,"kenapa semakin kesini semakin, lemot. padhal menggunakan hp baru",3,0,8.7.0,2025-04-11 00:01:44,,,8.7.0
6601b802-e337-40f0-a834-b45d9d023e34,junanto sukris harnadi,https://play-lh.googleusercontent.com/a-/ALV-UjVrCFd1auUNAWMDMHUgeCXWTxsWS0K-Kl3QgfSpPOhzqg3V2sRg,cobalah dibenerin ini aplikasi pada buta map kah devlopernya ini,1,0,8.2.0,2025-04-10 23:55:53,"Hai Kak Junanto, Mohon maaf untuk ketidaknyamanannya ya, silakan coba cara berikut ya Kak:
1. Clear cache aplikasi
2. Force close aplikasi
lalu coba login kembali, apabila masih mengalami kendala, silakan hubungi kami melalui DM Instagram @Telkomsel atau chat di tsel.id/chatva. Semoga membantu. :) -Edo",2025-04-11 06:09:47,8.2.0
65d478be-4aec-42af-b99d-0438d4326633,ERHAZ,https://play-lh.googleusercontent.com/a-/ALV-UjVdfYmHnChm_pTryNnho8lW7Wp9bMT3PjDHn2YwE07LwwiYknPI,"dulu bagus ini aplikasi tapi sekarang suka crash, muncul notif bug dan keluar sendiri. aplikasi lain lancar aja di hp saya. baru install lagi dan tetap begitu. payah banget.",1,0,5.3.0,2025-04-10 23:54:40,"Hai Kak Erhaz, Mohon maaf untuk ketidaknyamanannya ya, silakan coba cara berikut ya Kak:
1. Clear cache aplikasi
2. Force close aplikasi
lalu coba login kembali, apabila masih mengalami kendala, silakan hubungi kami melalui DM Instagram @Telkomsel atau chat di tsel.id/chatva. Semoga membantu. :) -Edo",2025-04-11 06:12:41,5.3.0
6599af10-46f9-44f4-b68d-c9f7fb02c500,Gunggek Tari,https://play-lh.googleusercontent.com/a-/ALV-UjV6Dw7W7wu_AEvdOeKBRkOoaQ2RCC122AEKuwYthSWbopvggC0,"apa banget sih gabisa di buka, tiap buka malah keluar sendirinya heran",1,0,8.6.2,2025-04-10 23:54:14,"Hai Kak Gunggek, Mohon maaf untuk ketidaknyamanannya ya, silakan coba cara berikut ya Kak:
1. Clear cache aplikasi
2. Force close aplikasi
lalu coba login kembali, apabila masih mengalami kendala, silakan hubungi kami melalui DM Instagram @Telkomsel atau chat di tsel.id/chatva. Semoga membantu. :) -Edo",2025-04-11 06:13:42,8.6.2
1dc832c9-826a-4c08-9e8b-80d63b8fa6f4,Muh Faisal,https://play-lh.googleusercontent.com/a/ACg8ocJB64_zWsocnKKMKsEDryjxTbY1pHz-oq9liltSNdVvSF77jQ=mo,bagus,5,0,8.6.2,2025-04-10 23:53:53,"Hai Kak Faisal, terima kasih tetap setia menggunakan layanan Telkomsel. Apresiasi dari Kakak sangat berarti bagi kami dalam meningkatkan layanan dan performa MyTelkomsel. Have a great day :) -Alma",2025-04-12 07:13:23,8.6.2
dc390143-307a-4e3d-9cd7-ede1ff067b71,Julham Tarakan,https://play-lh.googleusercontent.com/a-/ALV-UjUC4cCF_mWQ5x_GG8GbVFb0Hwqq5IYmgdTTNYu2osDElFeb0xSf,aplikasi MyTelkomsel kok ngelag sekali padahal buka aplikasi yang lain enak kita mau cek kuota aja susah nya tolong di perbaiki,1,0,8.7.0,2025-04-10 23:53:19,"Hai Kak Julham, Mohon maaf untuk ketidaknyamanannya ya, silakan coba cara berikut ya Kak:
1. Clear cache aplikasi
2. Force close aplikasi
lalu coba login kembali, apabila masih mengalami kendala, silakan hubungi kami melalui DM Instagram @Telkomsel atau chat di tsel.id/chatva. Semoga membantu. :) -Edo",2025-04-11 06:14:13,8.7.0
357ae235-51e2-4735-b0b3-23a240cdabbe,Dedy Arianto Putra,https://play-lh.googleusercontent.com/a-/ALV-UjV3KwiAl6DJ74Yki0SSwtMNU3gF2XPoEZRaiqgyxr1lH-U5bT8,aplikasi tidak bisa login dan crash,1,0,8.7.0,2025-04-10 23:52:23,"Hai Kak Dedy, Mohon maaf untuk ketidaknyamanannya ya, silakan coba cara berikut ya Kak:
1. Clear cache aplikasi
2. Force close aplikasi
lalu coba login kembali, apabila masih mengalami kendala, silakan hubungi kami melalui DM Instagram @Telkomsel atau chat di tsel.id/chatva. Semoga membantu. :) -Edo",2025-04-11 06:14:40,8.7.0
746209bd-fcdd-4b3d-b736-d053dd2c8cb9,Siti nurmala,https://play-lh.googleusercontent.com/a/ACg8ocLqqcZ4mIFFtfLpKX64IvzfQGAStFbod5dgd-ZRUvD52rKW55k=mo,ngeleg terus padahal sinyal bagus,1,0,8.6.2,2025-04-10 23:51:54,"Hai Kak Siti, Mohon maaf untuk ketidaknyamanannya, silakan coba restart handphone kakak. Apabila masih terdapat kendala silakan hubungi kami di DM Instagram @telkomsel atau chat di tsel.id/chatva. Semoga membantu. :) -Edo",2025-04-11 06:15:49,8.6.2
b9dc7612-7c40-4b3d-a49c-0528e53cd16c,Henhen Catur,https://play-lh.googleusercontent.com/a/ACg8ocKJApQL-e2FJlvlxGgh2zLN0P1QA8O6wU1rDX6ASdr1YQx8wg=mo,aplikasi jelek sering force close sendiri gak recommended jangan donlod,1,0,8.6.2,2025-04-10 23:49:04,"Hai Kak Henhen, Mohon maaf untuk ketidaknyamanannya, silakan coba login kembali setelah beberapa saat. Apabila tetap mengalami kesulitan login, silakan hubungi kami melalui DM Instagram @telkomsel atau chat di tsel.id/chatva. Semoga membantu. -Edo",2025-04-11 06:16:44,8.6.2
ea169030-1067-4b92-8fe8-072b3547d7cc,Pudin Saepudin,https://play-lh.googleusercontent.com/a-/ALV-UjV0BfAXJaD1Yml5TRBkbErYrkGDaGsRT1LXeDmpic1ALG9H84wO,ampun dah Telkomsel dah di install aplikasinya malah tidak bisa dibuka keluar mulu parah ya 🤔🤔🤔,1,1,8.6.2,2025-04-10 23:46:11,"Hai Kak Pudin, Mohon maaf untuk ketidaknyamanannya ya, silakan coba cara berikut ya Kak:
1. Clear cache aplikasi
2. Force close aplikasi
lalu coba login kembali, apabila masih mengalami kendala, silakan hubungi kami melalui DM Instagram @Telkomsel atau chat di tsel.id/chatva. Semoga membantu. :) -Edo",2025-04-11 06:25:03,8.6.2
9c7f6751-b440-45e7-b60d-acf2276d77b7,panca hartanto,https://play-lh.googleusercontent.com/a-/ALV-UjUL8z_5dAcS5gyadMRzvx8JRHiDVeUC1THxMtTgXt_KzpToDPM,"Sayang sekali negara dengan tingkat keribetan nomor 1 di dunia, masih make CS model2 robot yang sama sekali gak ada gunanya , jawaban sama kaya boot aja, kalian digaji kan?",1,0,8.7.0,2025-04-10 23:46:03,"Hai Kak Panca, Mohon maaf untuk ketidaknyamanannya, karena kami memerlukan informasi lebih lanjut untuk membantu kakak, silakan hubungi kami di DM Instagram @telkomsel atau chat di tsel.id/chatva. Semoga membantu. :) -Edo",2025-04-11 06:36:58,8.7.0
3cfbf4bf-6751-4094-a0cd-84aa3f421fb2,Husnul Br,https://play-lh.googleusercontent.com/a-/ALV-UjUQiewlbhvky07t_Vj3GZYDW2jWyGvNLuz-MjPx1uzBPMjtkZg,udah di update tapi malah gak bisa di buka apk nya.,1,0,8.7.0,2025-04-10 23:45:43,"Hai Kak Husnul, Mohon maaf untuk ketidaknyamanannya ya, silakan coba cara berikut ya Kak:
1. Clear cache aplikasi
2. Force close aplikasi
lalu coba login kembali, apabila masih mengalami kendala, silakan hubungi kami melalui DM Instagram @Telkomsel atau chat di tsel.id/chatva. Semoga membantu. :) -Edo",2025-04-11 06:54:07,8.7.0
516b834f-8868-4ec0-95f9-efd382f2f82f,Widayati Ida,https://play-lh.googleusercontent.com/a/ACg8ocLHTaHQTVkKLG4udXjvJBNxBUguxjowdLtA6kgGmYtM3EQYvQ=mo,oke,5,0,8.6.2,2025-04-10 23:43:18,"Hai Kak Widayati, terima kasih tetap setia menggunakan layanan Telkomsel. Apresiasi dari Kakak sangat berarti bagi kami dalam meningkatkan layanan dan performa MyTelkomsel. Have a great day :) -Alma",2025-04-12 07:14:40,8.6.2
88fdf8b7-7f71-4afc-9468-75a59dd68c4f,Lindawati Pobi,https://play-lh.googleusercontent.com/a-/ALV-UjVSYfLhq5xftFKa7Fp2qjivKn9r2NQsjcX5-i5hGgrXzXdr_e8,dengan adanya aplikasi mytelkomsel sangat mudah untuk melihat semua promo hadih dan paket,5,0,,2025-04-10 23:43:08,,,
f8bda757-3beb-48b2-a197-4b589efce8ef,Rizal Maulana,https://play-lh.googleusercontent.com/a/ACg8ocKuoqQ3l8_r-wBpqL3tQmfe9MlBnM4hg6gjKgcp6auBgYZiXA=mo,Sinyal bagus lancar dimna pun pokok nya Telkomsel mantap,5,0,8.6.2,2025-04-10 23:40:41,,,8.6.2
dc2db451-7f1a-4bab-9075-9c8dd6e79031,Sabil Almakamul Amin,https://play-lh.googleusercontent.com/a/ACg8ocLh7N4Jo-CmT8UTvieVXHB8cmLevr2H8y1hpGfGa2hyuW6l6A=mo,segera perbaiki aplikasinya soalnya mau dipake ko muncul diizinkan terus padahal sudah diizinkan semua tetep gabisa,3,0,,2025-04-10 23:40:32,,,
04d8a6fc-c3a5-48a8-ba2b-645fdc9513bc,Melia Nisfi,https://play-lh.googleusercontent.com/a-/ALV-UjW0YruJwo93f3dk4692SDdfujhu6UTslNNPX7oIAyb7Mv7aXygc,"agak lain aplikasi nih, baru buka aplikasi langsung keluar sendiri udah gua coba uninstall gua install lagi juga ttep gak bisa.",1,0,8.7.0,2025-04-10 23:36:17,"Hai Kak Melia, Mohon maaf untuk ketidaknyamanannya, silakan coba login kembali setelah beberapa saat. Apabila tetap mengalami kesulitan login, silakan hubungi kami melalui DM Instagram @telkomsel atau chat di tsel.id/chatva. Semoga membantu. -Edo",2025-04-11 06:55:32,8.7.0
498fb090-16f9-4132-9072-b4f3d8f1a665,FairyHil Family,https://play-lh.googleusercontent.com/a/ACg8ocJPtgIzK6fn26oOxZowNevGetQb183HVP6XDY609u9mfz-EmQ=mo,maaf telkomsel apps setelah di update malah ngebug ga bisa masuk.,1,0,6.18.0,2025-04-10 23:36:13,"Hai Kak, Mohon maaf untuk ketidaknyamanannya ya, silakan coba cara berikut ya Kak:
1. Clear cache aplikasi
2. Force close aplikasi
lalu coba login kembali, apabila masih mengalami kendala, silakan hubungi kami melalui DM Instagram @Telkomsel atau chat di tsel.id/chatva. Semoga membantu. :) -Edo",2025-04-11 06:56:27,6.18.0
6cb54ac9-184d-4da1-a09a-495b5deebad0,supray,https://play-lh.googleusercontent.com/a-/ALV-UjXodbNH6GS8YsaIbflkmj19r8X1W4Rh2VA0BJZOpvpkDwgKYIO4pQ,ok mantap,5,0,8.7.0,2025-04-10 23:33:51,"Hai Kak, terima kasih tetap setia menggunakan layanan Telkomsel. Apresiasi dari Kakak sangat berarti bagi kami dalam meningkatkan layanan dan performa MyTelkomsel. Have a great day :) -Alma",2025-04-12 07:15:01,8.7.0
804fc871-65ea-4b06-a4df-5b1a745e3863,Taufik Kasep,https://play-lh.googleusercontent.com/a-/ALV-UjXX6ZIizCe0E3zuLePizhYSJjfQ2i7LqbZFXrsmtEtghUHVENyj,cape bukan nya membantu malah lebih rumit,1,0,8.7.0,2025-04-10 23:32:42,"Hai Kak Taufik, Mohon maaf untuk ketidaknyamanannya ya, silakan coba cara berikut ya Kak:
1. Clear cache aplikasi
2. Force close aplikasi
lalu coba login kembali, apabila masih mengalami kendala, silakan hubungi kami melalui DM Instagram @Telkomsel atau chat di tsel.id/chatva. Semoga membantu. :) -Edo",2025-04-11 06:57:12,8.7.0
443a0152-dd02-467c-9e3d-bb3a8b564b6f,Tris,https://play-lh.googleusercontent.com/a/ACg8ocKP1nqNQyUXVj_PUTu1yxjCg_OQNawEVs3LaB7Zzd97P7L8EA=mo,"bikin emosi! selalu ada sms tukar koin lah ini lah itu lah, yg lebih bikin darah tinggi kumat ada sms anda sedang internetan non paket padahal saya internetan pake kartu sim yg lain, saya cek pulsa selalu berkurang, memang gk seberapa tp bikin emosi sy merasa dirampok",1,0,,2025-04-10 23:31:37,"Hai Kak Tris, Mohon maaf untuk ketidaknyamanannya, karena kami memerlukan informasi lebih lanjut untuk membantu kakak, silakan hubungi kami di DM Instagram @telkomsel atau chat di tsel.id/chatva. Semoga membantu. :) -Edo",2025-04-11 06:58:25,
079f93f9-7366-4ffd-8bff-ca5b7f896a6d,Ivan Rema,https://play-lh.googleusercontent.com/a-/ALV-UjV9ZmRBAUgrTtr7jOm1PRzMID9lRNK52emnLe7sJj7P7CjZmcU,Aplikasi nya gak bisa di buka woi kenapa dahh,1,0,,2025-04-10 23:28:39,"Hai Kak Ivan, Mohon maaf untuk ketidaknyamanannya ya, silakan coba cara berikut ya Kak:
1. Clear cache aplikasi
2. Force close aplikasi
lalu coba login kembali, apabila masih mengalami kendala, silakan hubungi kami melalui DM Instagram @Telkomsel atau chat di tsel.id/chatva. Semoga membantu. :) -Edo",2025-04-11 06:28:00,
4ba9a61e-e406-4741-be0f-2d1daf6a1307,Rahmat Hariyono,https://play-lh.googleusercontent.com/a-/ALV-UjXQCrzhk7v1pR6ZEG9SA_nvHV5gxexwh3m6P4lp3I3e0NrBDvk,"ini kenapa ga bisa dibuka di poco f4, aplikasi selalu berhenti?",1,0,8.6.2,2025-04-10 23:28:37,"Hai Kak Rahmat, Mohon maaf untuk ketidaknyamanannya ya, silakan coba cara berikut ya Kak:
1. Clear cache aplikasi
2. Force close aplikasi
lalu coba login kembali, apabila masih mengalami kendala, silakan hubungi kami melalui DM Instagram @Telkomsel atau chat di tsel.id/chatva. Semoga membantu. :) -Edo",2025-04-11 06:27:48,8.6.2
d2f04b5f-1719-4ca0-a4a6-c52333daf56c,Muhammad Aulia,https://play-lh.googleusercontent.com/a-/ALV-UjW-WQB2zejoYSxl9H-eekdon5WKEkovJwGkddJuFrZqMds_h0Ud,setelah update malah kagak bisa kebuka aplikasinya segera perbaiki,1,0,6.9.1,2025-04-10 23:27:46,"Hai Kak Aulia, Mohon maaf untuk ketidaknyamanannya ya, silakan coba cara berikut ya Kak:
1. Clear cache aplikasi
2. Force close aplikasi
lalu coba login kembali, apabila masih mengalami kendala, silakan hubungi kami melalui DM Instagram @Telkomsel atau chat di tsel.id/chatva. Semoga membantu. :) -Edo",2025-04-11 06:29:01,6.9.1
50c32ba7-640a-4952-afd6-4b848a17b76a,Andy Phoenix,https://play-lh.googleusercontent.com/a/ACg8ocKshu1tpYhFosOvEIEnGerb-U-8hP_Gqs1l-pR_npMBYAlJ-Q=mo,"Setelah diperbarui, malah jadi force close terus.",1,0,,2025-04-10 23:25:50,"Hai Kak Andy, Mohon maaf untuk ketidaknyamanannya ya, silakan coba cara berikut ya Kak:
1. Clear cache aplikasi
2. Force close aplikasi
lalu coba login kembali, apabila masih mengalami kendala, silakan hubungi kami melalui DM Instagram @Telkomsel atau chat di tsel.id/chatva. Semoga membantu. :) -Edo",2025-04-11 06:29:35,
4473fda6-4c4f-4d88-bb95-63adce45ddac,No Name,https://play-lh.googleusercontent.com/a-/ALV-UjWnvEdqQqTBZwF8h9DJzbqZQhF1iP9HGv8wasLn4Xk6AOe8xQ4b,"tolong diperbaiki, ini kenapa setiap saya hapus dan install ulang, dan ketika mau login aplikasi nya berhenti, tutup tiba-tiba ??",2,0,7.5.0,2025-04-10 23:24:29,,,7.5.0
d80c0d51-dad8-4327-add5-63091df9c729,ramdana satria,https://play-lh.googleusercontent.com/a-/ALV-UjWHWUdGaYpnubc4IlSHZRIPvvDYF_bvUkwRXSnmHMObiFPEXs0,"Aplikasinya Bapuk, kecewa lah BUMN dengan anggaran tinggi ngasih pelayanan seperti ini",1,0,5.3.0,2025-04-10 23:22:23,"Hai Kak Ramdana, Mohon maaf untuk ketidaknyamanannya ya, silakan coba cara berikut ya Kak:
1. Clear cache aplikasi
2. Force close aplikasi
lalu coba login kembali, apabila masih mengalami kendala, silakan hubungi kami melalui DM Instagram @Telkomsel atau chat di tsel.id/chatva. Semoga membantu. :) -Edo",2025-04-11 06:30:12,5.3.0
3b9bbc7e-b338-4010-a7ec-5b11d17507f5,Madeanditya Erawan,https://play-lh.googleusercontent.com/a-/ALV-UjWiDa4azA0Gp36Sj6G0kU_NPL-nIyDZUNnbVWUjs869viAlwc3G,sering bug,1,0,8.6.2,2025-04-10 23:19:42,"Hai Kak Erawan. Maaf bikin gak nyaman, silakan coba cara berikut ya Kak:
1. Clear cache aplikasi
2. Force close aplikasi
lalu coba login kembali, jika masih berkendala bisa coba uninstall aplikasinya lalu download ulang di Google Play Store. Silakan hubungi kami melalui DM Instagram @Telkomsel atau chat di tsel.id/chatva. Semoga membantu. 😊 -Sekar",2025-04-11 01:29:32,8.6.2
025242e0-fddf-4aaf-9f2e-ca3ce9d8ec48,Chandra Kurniawan,https://play-lh.googleusercontent.com/a/ACg8ocJHaYSjiN_wXijLppABFC5kH8vqtosHTlLAdljswc5EAceL7w=mo,"Aplikasi beli pulsa kuota doang, berat bgt, buka aplikasi kagak bisa² aneh",1,0,8.7.0,2025-04-10 23:15:13,"Hai Kak Chandra. Mohon maaf untuk ketidaknyamanannya ya, apabila aplikasi MyTelkomsel terlalu berat di handphone kakak, silakan coba unduh MyTelkomsel Basic. Aplikasi ini sudah tersedia di PlayStore. Apabila masih mengalami kendala, silakan hubungi kami melalui DM Instagram @Telkomsel atau chat di tsel.id/chatva. Semoga membantu.😊 -Sekar",2025-04-11 01:30:33,8.7.0
c151730e-0b31-4b9b-81c8-d28d118c6c8f,Janata Nugraha,https://play-lh.googleusercontent.com/a-/ALV-UjUxo11rqmua-OD9keC1NFFiawGJZ_cxJsOR4gltD4Iq4Kjf-1Lx,"sering crash gatau kenapa force close sendiri, padahal provider gede masa kalah sama provider sebelah",1,0,8.6.2,2025-04-10 23:11:39,"Hai Kak Nugraha. Mohon maaf untuk ketidaknyamanannya, silakan coba login kembali setelah beberapa saat. Apabila tetap mengalami kesulitan login, silakan hubungi kami melalui DM Instagram @telkomsel atau chat di tsel.id/chatva. Semoga membantu. 😊 -Sekar",2025-04-11 01:30:55,8.6.2
dce0dc45-31a2-47e9-80a6-5d850fb482a3,Paul Victor Pany,https://play-lh.googleusercontent.com/a-/ALV-UjWZnAX5iDS8SVYfusj7N1S2PJ7QQTBoK4L4ghHHWDjzIsNpqhP8,saya terus logout walaupun izin semua sudah dicentang. saya pakai Xiaomi 14.,1,0,8.7.0,2025-04-10 23:11:19,"Hai Kak Pany. Mohon maaf untuk ketidaknyamanannya, silakan coba login kembali setelah beberapa saat. Apabila tetap mengalami kesulitan login, silakan hubungi kami melalui DM Instagram @telkomsel atau chat di tsel.id/chatva. Semoga membantu. 😊 -Sekar",2025-04-11 01:31:23,8.7.0
b430b4e3-c6b1-43fd-bd6a-2ab71f71ddbf,WHATSAPP CITY,https://play-lh.googleusercontent.com/a/ACg8ocK-XKw8rxz9speVOQcXoUrFpZma3ZZWpIeguGAQ2-9Z0rCF=mo,ini knp si sllu kluar trs sendiri dari aplikasi nyaa,2,0,,2025-04-10 23:10:03,,,
19673430-2e18-419b-b6cc-2461295f9c76,Sandy Abdillah,https://play-lh.googleusercontent.com/a-/ALV-UjWl2ZSqE9wVxxn1oRH6REJ2094jn0I04C0UeoNg5K7dIGyNiuCS,"saya pelanggan telkomsel sejak zaman kuliah sanpai sekarang dari prabayar sampai sekarang pasca bayar, kalau saya perhatikan telkomsel makin kesini makin melorot kualitasnya dari sinyal, kecepatan internet sampai kualitas apps nya sendiri gak bisa di buka setelah update. jadi kepikiran mau ganti provider ke swasta aja kalinya XL atau indosat kayanya mereka fine2 aja info dari temen2 kerja dan tetanga. TELKOMSEL NOW YOUR BAD QUALITY AND IAM NOT REKOMENDED ANYTHING FOR SOMEONE ELSE",1,0,8.7.0,2025-04-10 23:10:02,"Hai Kak Sandy. Mohon maaf untuk ketidaknyamanannya. Terkait keluhan internet lambat, silakan coba restart handphone Kakak. Untuk kendala akses aplikasi MyTelkomsel, Kakak bisa langsung menghubungi kami di DM Instagram @Telkomsel atau hubungi kami di tsel.id/chatva. Semoga membantu. 😊 -Sekar",2025-04-11 01:47:45,8.7.0
121b636d-d102-4b53-867c-9fd829216706,B4em EndorsI,https://play-lh.googleusercontent.com/a-/ALV-UjWbJAsP3o86qVVbR-umSCaL26fAqTm6csnIWMoBMgX4fdJjroE,"udah mulai bagus, hanya kadang sering ilang jaringan nya, penanganannya cepat good job lah.yg penting jangan sering2 gak ada jaringan apa lagi ilang sinyal, ampe ber hari2.",4,0,6.12.2,2025-04-10 23:08:31,,,6.12.2
d9dccc6e-8cc8-48c3-adca-fa81726128b5,Nana Supriatna,https://play-lh.googleusercontent.com/a-/ALV-UjXIGjt8DQxv2C_QhE6dgbSgFmVumbUHDWWHj-pDd1BhRlG3GUOe,kenapa berhenti terus? belum juga log in,1,0,8.6.2,2025-04-10 23:08:10,"Hai Kak Nana. Mohon maaf untuk ketidaknyamanannya, silakan coba login kembali setelah beberapa saat. Apabila tetap mengalami kesulitan login, silakan hubungi kami melalui DM Instagram @telkomsel atau chat di tsel.id/chatva. Semoga membantu. 😊 -Sekar",2025-04-11 01:48:05,8.6.2
b23bc7bb-db32-433e-82ed-6f822487adfb,Syamsul Bahri,https://play-lh.googleusercontent.com/a-/ALV-UjWNsCGAeeJivVBPx_Tp9PsgdqFlExAUracV6jGK5aJ1jf3u1AY,😍,5,0,8.7.0,2025-04-10 23:07:24,,,8.7.0
8193b0f1-e338-4814-9b4f-7dd4538f0969,Arfat Alfatih,https://play-lh.googleusercontent.com/a/ACg8ocIMrEsFRlzw-_qgbjfjVhZL_DAEuDHaebXjHmbxVn2kjWeTAA=mo,aplikasi kadang susah untuk log in,3,0,8.7.0,2025-04-10 23:05:54,,,8.7.0
01e90cae-ce49-4101-9d89-735afebed770,Maruli Setiawan,https://play-lh.googleusercontent.com/a/ACg8ocLGdBjHjiC7JNHPtGLxUxaji8YsdC7CC4gxuLhigJvdFA-mWQ=mo,oke,5,0,8.6.2,2025-04-10 23:04:02,"Hai Kak Maruli, terima kasih tetap setia menggunakan layanan Telkomsel. Apresiasi dari Kakak sangat berarti bagi kami dalam meningkatkan layanan dan performa MyTelkomsel. Have a great day :) -Alma",2025-04-12 07:15:23,8.6.2
d9112043-7fc8-4daa-8cdf-e6c815a3ed68,hapeku baru,https://play-lh.googleusercontent.com/a/ACg8ocL-CQWJFiEA0kXVoIB4qR_XgShuQFyWqImiE3lIzTuWFwP5uA=mo,saya pelanggan telkomsel mulai dari 2013 sya kritik mulai 2022 kuota mahal. jaringan kek taii,1,0,8.6.2,2025-04-10 23:03:42,"Hai Kak Hapeku. Maaf bikin gak nyaman. Terkait tarif paket, silakan akses aplikasi MyTelkomsel untuk mendapatkan lebih banyak pilihan dan penawaran paket datanya ya Kak, untuk kendala internet lambat, silakan coba restart handphone Kakak. Jika masih terdapat kendala silakan hubungi kami di DM Instagram @telkomsel atau chat di tsel.id/chatva. -Sekar",2025-04-11 01:51:02,8.6.2
2c14805d-ac19-49b2-b43c-4e114e7bb3b9,Ratiyah,https://play-lh.googleusercontent.com/a/ACg8ocI8xOkcBsJaDBWn1sRoTOBbg8cLKKV77G1-Mpk2GlDU6kqdyQ=mo,kok makin kesini loadingnya tambah lama ya,3,0,8.7.0,2025-04-10 23:01:42,,,8.7.0
da3b0645-7fad-412b-b246-7ecb9493e43f,Ferdy Nurhasan,https://play-lh.googleusercontent.com/a-/ALV-UjUev15ZtEdirmhBUmMrSq9zdn7rWbNXJFQkwYaaF0wH5MUnfUFNsA,"sekarang aplikasi ini parah seperti ga di urus susah login lemot kalo mau cari cari pilihan kuaota,, Telkomsel tolong lah sesuaikan dengan harga kalian yg sudah mahal,, pelayanan nya di urus aplikasinya ini yg nge bug dan lemot,,",4,0,8.7.0,2025-04-10 23:01:35,,,8.7.0
c416a1d1-0367-405d-8a0c-bba81748eba8,Praha Vira,https://play-lh.googleusercontent.com/a-/ALV-UjX57gLJGuU9cXd5F7j-O-sn3iXVHLmx0YndGqUnb5Z1EG__xavY,tiba tiba keluar dari aplikasi,4,0,8.7.0,2025-04-10 23:01:26,,,8.7.0
240c1b5f-e2c3-44da-bdf9-416960840991,Any Rahma,https://play-lh.googleusercontent.com/a-/ALV-UjWnhj6PnoZPOdT6hBBTb1KL3z_R9YLRprhTC1zO735SmbpGk6c,force close Krn aplikasi terlalu berat,1,0,,2025-04-10 22:58:22,"Hai Kak Any, Mohon maaf untuk ketidaknyamanannya ya, apabila aplikasi MyTelkomsel terlalu berat di handphone kakak, silakan coba unduh MyTelkomsel Basic. Aplikasi ini sudah tersedia di PlayStore. Apabila masih mengalami kendala, silakan hubungi kami melalui DM Instagram @Telkomsel atau chat di tsel.id/chatva. Semoga membantu. :) -Edo",2025-04-11 06:34:10,
e3d4b8d5-bb5c-457d-8e5b-606d6638e97b,Yadie HD,https://play-lh.googleusercontent.com/a-/ALV-UjXovv9NqcF4FcUeyEqz3tQ5eCDlFXciiNYsTgDcbzkDcPQWxdsE,pembayaran udah enak ada bank/briva malah gak bisa lagi sekarang! tolong adain lagi bayar via bank dong.,1,0,8.6.2,2025-04-10 22:57:36,,,8.6.2
4525dbba-dd92-4f74-be11-72fa5153044c,Ikhwanudin Dalimunthe,https://play-lh.googleusercontent.com/a-/ALV-UjV9acwVCcbmLhS2NAZk5Sg-ZpCaNFtoBqiJ-lk8dJt32LuUjDaS,bug parah banged aplikasi nya 😅,1,0,8.6.2,2025-04-10 22:55:39,"Hai Kak Ikhwanudin, Mohon maaf untuk ketidaknyamanannya ya, silakan coba cara berikut ya Kak:
1. Clear cache aplikasi
2. Force close aplikasi
lalu coba login kembali, apabila masih mengalami kendala, silakan hubungi kami melalui DM Instagram @Telkomsel atau chat di tsel.id/chatva. Semoga membantu. :) -Edo",2025-04-11 07:00:10,8.6.2
090e0688-6527-424e-a467-54f71415579a,Hadi Sumawan,https://play-lh.googleusercontent.com/a-/ALV-UjXM0VU2JgwrJ4OcBKIQEh8QOSIkBgAACxNTUrRHO-lH43a9B279,Ga bisa masuk,1,0,8.6.2,2025-04-10 22:55:11,"Hai Kak Hadi, Mohon maaf untuk ketidaknyamanannya ya, silakan coba cara berikut ya Kak:
1. Clear cache aplikasi
2. Force close aplikasi
lalu coba login kembali, apabila masih mengalami kendala, silakan hubungi kami melalui DM Instagram @Telkomsel atau chat di tsel.id/chatva. Semoga membantu. :) -Edo",2025-04-11 07:01:19,8.6.2
eabaa322-e6a7-4a2e-8e32-bf5c66843ccc,mansyur rasyid,https://play-lh.googleusercontent.com/a-/ALV-UjVoA89bxf5sO618nDzv34Yut08LdGKuQFUEgtvrvMiZxs-FP9M,apk nya g mau kebuka,5,0,8.7.0,2025-04-10 22:54:09,,,8.7.0
7a527e37-05ea-45e1-a795-4bbfc1880860,Mustafa (BangMus),https://play-lh.googleusercontent.com/a/ACg8ocKt_mZbS5ZWcRva_7fQizauOvkO3KjNqAklh6QiSe3kR4wQqcQ=mo,ok,5,0,8.6.2,2025-04-10 22:53:08,"Hai Kak Mustafa, terima kasih tetap setia menggunakan layanan Telkomsel. Apresiasi dari Kakak sangat berarti bagi kami dalam meningkatkan layanan dan performa MyTelkomsel. Have a great day :) -Alma",2025-04-12 07:15:43,8.6.2
47c61f32-cc66-49b4-ac62-a251d899e9cf,Syarifudin Hamzah,https://play-lh.googleusercontent.com/a-/ALV-UjUjdxulLdHT0T_iBbTaTDGfTBL0Ic2t_84Nle7mPcL0GKyAYv99,my telkomsel tidak bisa dibuka 11 april 2025.,4,0,,2025-04-10 22:49:47,,,
2f849ca7-ab2e-491f-9848-1686178378aa,Han Han,https://play-lh.googleusercontent.com/a-/ALV-UjV2bNfrUHGWB0ukMDzc_EYX7ROCibKJZjCrwJyBZtBJRLxbjoJC,Memuat.... ngak bisa cek kuota & pulsa. ngak perlu di update kalo updatenya cuma sampai memuat. BINTANG 1 👎🏻,1,0,8.7.0,2025-04-10 22:43:01,"Mohon maaf Kak, mengenai kendala jaringan. Agar mimin bisa bantu Kakak silakan hubungi Mimin melalui fitur bantuan di aplikasi MyTelkomsel, atau kirim email ke cs@telkomsel.com, Twitter @Telkomsel, Facebook Messenger 'Telkomsel', atau WhatsApp Telkomsel Virtual Asisten. Makasih :) -Tony",2022-04-29 15:08:07,8.7.0
08e9b16c-4956-403a-bf2d-b27107b1a430,Riyan Purnama,https://play-lh.googleusercontent.com/a-/ALV-UjU4NOG2b2TDP-bMt0uApTacBOkmbj27bAD-5ZjoacxXK1OKNEM,mau buka aplikasi untuk login aja malah mental terus ada keterangan my telkomsel telah berhenti👍,1,0,8.6.2,2025-04-10 22:39:29,"Hai, Kak Riyan . Maaf ya :( Mengenai keluhan tarif paket Telkomsel dan jaringan yang menyebabkan akses data lambat di jaringan 4G+, agar dapat mimin bantu lebih optimal, yuk hubungi mimin melalui akun Twitter @Telkomsel , Instagram @telkomsel , atau email cs@telkomsel.com. Mimin tunggu ya Kak . Makasih :) -Dan",2023-07-11 12:53:23,8.6.2
708fd907-1661-413e-b58f-81c0bd680aad,chary anungprastowo,https://play-lh.googleusercontent.com/a/ACg8ocLgRHdVTwzEi7ZvZJc1OQGme2f-1UZz_ryLQFimYVaC3xEb5A=mo,"ini kok error aplikasi my Telkomsel kayak ""aplikasi my Telkomsel telah berhenti"" padahal ini device HP pakai teknologi terbaru dan merk OPPO Reno 7 5G terbaru loh",2,0,8.7.0,2025-04-10 22:36:59,,,8.7.0
d7f8ea1a-39c1-48f6-88e5-47025d645f90,Yogisaputra Saputra,https://play-lh.googleusercontent.com/a/ACg8ocL7die5R0WHTnNZ_eMy2-7ErR0h2golm_fC5EbSFZamJ1u2ZQ=mo,gk bisa di buka,1,0,8.6.2,2025-04-10 22:30:49,Hai Kak Saputra. Mohon maaf untuk ketidaknyamanannya. Untuk kendalanya Kakak bisa langsung menghubungi kami di DM Instagram @Telkomsel atau hubungi kami di tsel.id/chatva. Semoga membantu. 😊 -Sekar,2025-04-10 23:34:06,8.6.2
5fb8fa16-dcbe-40a7-b57e-850a0df67349,Yourajinbernafas _.,https://play-lh.googleusercontent.com/a/ACg8ocLyvQxGczNCEO4QVIGAr2flx9VOii-TCyjo0NdKx4TITO8fcw=mo,saaya sudah dowlod terus masuk terus keluar sendiri,1,0,8.6.2,2025-04-10 22:27:31,"Hai Kak Yourajinbernafas. Mohon maaf untuk ketidaknyamanannya, silakan coba login kembali setelah beberapa saat. Apabila tetap mengalami kesulitan login, silakan hubungi kami melalui DM Instagram @telkomsel atau chat di tsel.id/chatva. Semoga membantu. 😊 -Sekar",2025-04-10 23:34:34,8.6.2
29683485-ffe6-4ef6-8593-c00cef5ba89c,Eko Suyanto,https://play-lh.googleusercontent.com/a/ACg8ocIHN1r43jp-BPBPaf8vzRV9kGCE1Fd10wh0t4DVrTXdfdJstw=mo,suka loadingnya lama,3,0,8.7.0,2025-04-10 22:26:54,,,8.7.0
9307c001-2829-42f6-bd4d-0f7394ac2382,rayara projects,https://play-lh.googleusercontent.com/a-/ALV-UjUSU2lPFYJ4ATDEUvRDOIsoE0mxw66-Nh3OE9hoa9Zz0u8AR_Dn,good,5,0,8.7.0,2025-04-10 22:24:55,"Hai Kak, terima kasih tetap setia menggunakan layanan Telkomsel. Apresiasi dari Kakak sangat berarti bagi kami dalam meningkatkan layanan dan performa MyTelkomsel. Have a great day :) -Alma",2025-04-12 07:15:57,8.7.0
71212ba3-9804-4282-bd8f-6d0d9ebcd8b1,Robby Mukhlis,https://play-lh.googleusercontent.com/a-/ALV-UjXN9V9gwwZ6KiNCeN-oEBmU2r0fquzkY9KdNGNzQHwHQTblHY0,"KECEWA, bukan mempermudah malah ngelag, cek kuota gk bs, beli pulsa gak bisa, kirim pulsa gk bisa, setiap mau cek kuota harus unistal dulu baru instal lagi, terus aja gt",1,0,8.6.1,2025-04-10 22:21:53,"Hai Kak Robby. Mohon maaf untuk ketidaknyamanannya ya, silakan coba cara berikut ya Kak:
1. Clear cache aplikasi
2. Force close aplikasi
lalu coba login kembali. Untuk keluhan cek kuota, silakan hubungi kami melalui DM Instagram @Telkomsel atau chat di tsel.id/chatva. Semoga membantu. 😊 -Sekar",2025-04-11 00:11:25,8.6.1
08f14c97-9f2f-4e74-81d8-cd1999c28305,Adam Adiputra,https://play-lh.googleusercontent.com/a-/ALV-UjXUA0Y6OrUriZl6uyBNPNpdjAUXMYu0AfBitIp-xzuMWZp7pzjZuw,disuruh login giliran diklik tiba2 close aplikasi sndiri,1,1,6.18.0,2025-04-10 22:19:01,"Hai, Kak Adam. Maaf atas pengalaman yang kurang menyenangkan, terkait keluhan aplikasi MyTelkomsel lelet saat diakses dan kendala pada layanan Indihome. Yuk segera hubungi Mimin melalui fitur bantuan di DM Instagram @Telkomsel atau kirim email ke cs@telkomsel.com untuk dibantu lebih lanjut. Mimin tunggu ya kak. Makasih :) -Edo",2024-07-29 00:25:04,6.18.0
651299f2-6c55-4963-836c-74e9fa4b55d6,Hiras Parluhutan sitorus,https://play-lh.googleusercontent.com/a/ACg8ocIWBhM-9YDPvLH4g4Qgf_WbW3-V_sBedb7g9lCCyYshEObegg=mo,aPK GK JELAS. DI DOWNLOAD MALAH NGEBUG GK BISA . BENERIN TUH,1,0,8.6.2,2025-04-10 22:17:58,"Hai Kak Hiras. Maaf bikin gak nyaman, silakan coba cara berikut ya Kak:
1. Clear cache aplikasi
2. Force close aplikasi
lalu coba login kembali, jika masih berkendala bisa coba uninstall aplikasinya lalu download ulang di Google Play Store. Silakan hubungi kami melalui DM Instagram @Telkomsel atau chat di tsel.id/chatva. Semoga membantu. 😊 -Sekar",2025-04-11 00:32:44,8.6.2
4eb303b2-9c67-4b89-a0b2-d728bb42b4f2,Akbar Santoso,https://play-lh.googleusercontent.com/a/ACg8ocJAif501RgqQ8xgUff0_WhD2xXhcmwcwWQC2IoKQ6sEUdMbfg=mo,app terhenti terus,1,0,,2025-04-10 22:17:12,"Hai Kak Akbar. Mohon maaf untuk ketidaknyamanannya, silakan coba login kembali setelah beberapa saat. Apabila tetap mengalami kesulitan login, silakan hubungi kami melalui DM Instagram @telkomsel atau chat di tsel.id/chatva. Semoga membantu. 😊 -Sekar",2025-04-11 00:33:01,
d5641818-10ee-4a1c-a9b7-8c18abb8a0f7,Adillaf,https://play-lh.googleusercontent.com/a/ACg8ocLjVcb1TU-bbICvKnrhvb8fSPvWcTzYR7ZgLBAiVaZoSwWFOQ=mo,"Ada bug yang dimana saat scroll langsung keluar sendiri dan saat beli paket tidak muncul kuotanya, rugi Rp15.000",1,0,8.6.2,2025-04-10 22:13:14,"Hai Kak Adillaf. Maaf bikin gak nyaman, silakan coba cara berikut ya Kak:
1. Clear cache aplikasi
2. Force close aplikasi
lalu coba login kembali, jika masih berkendala bisa coba uninstall aplikasinya lalu download ulang di Google Play Store. Silakan hubungi kami melalui DM Instagram @Telkomsel atau chat di tsel.id/chatva. Semoga membantu 😊 -Sekar",2025-04-11 00:37:31,8.6.2
7f69adaa-4ee1-4e39-93b9-3d3f579b376a,Ukthy Aisyah,https://play-lh.googleusercontent.com/a-/ALV-UjUsS2kY047uYhcVBEpV95ZRRtj2a8RUphZsRf1A9mZLw80381I,"lama"" apk Telkomsel sudah tidak jelas. berat. lelet dan keluar sendiri. Quota aj yg di mahal""kan. apk isinya bnyk yg ga jelas. sudah bnyk yg mengeluh dari dulu tapi tidak kunjung di perbaiki. lama"" apk Telkomsel yg ada cuma sampah.",1,0,,2025-04-10 22:11:48,"Hai Kak Ukthy. Mohon maaf untuk ketidaknyamanannya ya, apabila aplikasi MyTelkomsel terlalu berat di handphone kakak, silakan coba unduh MyTelkomsel Basic. Aplikasi ini sudah tersedia di PlayStore. Apabila masih mengalami kendala, silakan hubungi kami melalui DM Instagram @Telkomsel atau chat di tsel.id/chatva. Semoga membantu.😊 -Sekar",2025-04-11 00:37:08,
be2fd05e-e40c-475b-bd71-a4cae4914d22,BULEK CHANNEL,https://play-lh.googleusercontent.com/a-/ALV-UjUUANvnOLWfksKR0HFvEoUuqs1A1FEjVto6PNEceSoVNc7LJoMp,"aplikasi tidak mau login, langsung tertutup, benerin tu server, jgn banyak data yang ngak berguna, paket mahal-mahal tapi buat apa",1,0,8.7.0,2025-04-10 22:10:04,"Hai Kak BULEK. Mohon maaf untuk ketidaknyamanannya, silakan coba login kembali setelah beberapa saat. Apabila tetap mengalami kesulitan login, silakan hubungi kami melalui DM Instagram @telkomsel atau chat di tsel.id/chatva. Semoga membantu. 😊 -Sekar",2025-04-11 00:38:02,8.7.0
11230552-4f22-4829-9b3e-d7e88f363e46,Boyong Boy,https://play-lh.googleusercontent.com/a-/ALV-UjXCSpcTlyiX7Y5tkdSePL-s5keJXqzRe5UG9hGi-EXbqy5H-zY,kenapa tidak bisa dibuka di HP Itel A50?,3,0,,2025-04-10 22:06:14,,,
faabaaa2-0ffd-40bd-b865-0391f3e71873,Hafiz Office,https://play-lh.googleusercontent.com/a/ACg8ocLhR0VSXCnmRUCm3UCl4NF4ZO9xRrrg141DIc0rCydtU0uc5A=mo,"Aplikasi sering error, mungkin saat nya evaluasi.",1,0,,2025-04-10 22:00:56,Hai Kak Hafiz. Mohon maaf untuk ketidaknyamanannya. Untuk kendalanya Kakak bisa langsung menghubungi kami di DM Instagram @Telkomsel atau hubungi kami di tsel.id/chatva. Semoga membantu. 😊 -Sekar,2025-04-11 00:38:28,
d416b51d-cb9f-4d57-b02d-cb4b392574d6,Saeful Anwar,https://play-lh.googleusercontent.com/a/ACg8ocJDmlgpcNBEGvTvYoWAkU3gE08j6Nd0reaBvivSwjXYhuntTQ=mo,"cuma satu kekurangan nya,kuota utama sama bunus,gini misalnya knph gk kuota bunus dulu yang terpakai, jadi kalau mau nikmati kuota bunus harus habis dulu kuota utamaa. mohon di perbaiki MYTELKOMSEL😊,biar saya jadi pelanggan setia andaa segitu aja dari saya....🥰🥰",3,0,8.7.0,2025-04-10 21:58:37,,,8.7.0
d6c1c94a-f9d7-4541-a264-d8effa47a054,Novriadi,https://play-lh.googleusercontent.com/a-/ALV-UjUR5Keg-Ydyuab6vzdLQ8x4Ua3zTDrIi92ndQKU6uAELqjNruFA,loading masuk ampas banget...,1,0,8.7.0,2025-04-10 21:54:14,Hai Kak Novriadi. Mohon maaf untuk ketidaknyamanannya. Untuk kendalanya Kakak bisa langsung menghubungi kami di DM Instagram @Telkomsel atau hubungi kami di tsel.id/chatva. Semoga membantu. 😊 -Sekar,2025-04-11 00:38:58,8.7.0
8bad480b-79b5-443b-be9b-360b72c6ce4d,MUHAMAD IQBAL,https://play-lh.googleusercontent.com/a-/ALV-UjWwV638z9BPSs2R97gNy3ui1WvzrnveIFVgaoJKYk_zoLzEh5ec,"gak jelas bangun ,tiap mau login keluar sendiri Mulu ,KLO mau cek kuota susah banget harus hapus data dulu baru login lagi hadeuh ,masih bagus aplikasi sebelah",1,0,8.7.0,2025-04-10 21:53:12,"Hai Kak IQBAL. Mohon maaf untuk ketidaknyamanannya ya, silakan coba cara berikut ya Kak:
1. Clear cache aplikasi
2. Force close aplikasi
lalu coba login kembali. Untuk keluhan cek kuota, silakan hubungi kami melalui DM Instagram @Telkomsel atau chat di tsel.id/chatva. Semoga membantu. 😊 -Sekar",2025-04-11 00:39:20,8.7.0
1528d1ee-2344-45d7-a7be-6ef765c4faf8,Om Rhe',https://play-lh.googleusercontent.com/a-/ALV-UjWwiojo2QpahTn-PCxzpfznc4vlPNdyBdhAQn_O8_fOjNIJNjQ,apk apaan.. dikit² keluar sendiri. bahkan gk bisa buka sampe skrg pdahal udh di update. jaringan juga pake wifi tp ttep sama aja,1,0,8.6.2,2025-04-10 21:50:40,"Hai Kak Rhe. Mohon maaf untuk ketidaknyamanannya, silakan coba login kembali setelah beberapa saat. Apabila tetap mengalami kesulitan login, silakan hubungi kami melalui DM Instagram @telkomsel atau chat di tsel.id/chatva. Semoga membantu. 😊 -Sekar",2025-04-11 00:39:50,8.6.2
19ff8b49-3ffe-4db0-aed5-616c591c47dc,Ria lestari,https://play-lh.googleusercontent.com/a-/ALV-UjWaaQ_ge8-lGWyuZ3l53DNYwACust8SrsWCSAyuxphxDXxXN5f9,ketika buka page nya super duper lemot poll...,1,0,8.6.2,2025-04-10 21:50:21,"Hai Kak Lestari. Mohon maaf untuk ketidaknyamanannya, silakan coba login kembali setelah beberapa saat. Apabila tetap mengalami kesulitan login, silakan hubungi kami melalui DM Instagram @telkomsel atau chat di tsel.id/chatva. Semoga membantu. 😊 -Sekar",2025-04-11 00:40:15,8.6.2
2966b0b1-69f1-4260-9820-4e56f275753d,Hermawan 24,https://play-lh.googleusercontent.com/a/ACg8ocI6tbW15Y4CND-39JNr-3B7CxL5W14TnMjaCtLrM_qPF7XeQA=mo,satset matamu bnerin sinyal lahh kocak,1,0,8.7.0,2025-04-10 21:45:42,"Hai Kak Hermawan. Mohon maaf untuk ketidaknyamanannya, silakan coba restart handphone Kakak. Apabila masih terdapat kendala silakan hubungi kami di DM Instagram @telkomsel atau chat di tsel.id/chatva. Semoga membantu. 😊 -Sekar",2025-04-11 00:40:53,8.7.0
2b6928fa-b6fe-45b7-9504-f3a3ba7649c4,Muhammad Raihan,https://play-lh.googleusercontent.com/a/ACg8ocJwjjzH_IRA-30nXl8KZRPnyol-LGDoxljrr0L4WK_pnNYqKQ=mo,"jujur mytelkomsel sekarang ntah kenapa di hp saya itu ga bisa di buka, ngelag banget, dah ngikutin cara cara dari min veronika tetep aja ga bisa dibuka, padahal sebelum ada kendala tidak dapat di akses dan ngelagnya itu enak waktu masuk ke aplikasi dan eli aket datanya itu enak banget, saat ada kendala aja jadi terganggu",5,0,8.7.0,2025-04-10 21:45:07,,,8.7.0
22bb9cf3-ddf2-4c98-a3c6-ca0a1383fee5,Roman Picisan,https://play-lh.googleusercontent.com/a-/ALV-UjXZ3rSHai60gmP6lgiyncPtXT3DEs1qkixVs1PnS8-yn2KHQRXg,Kalo apk nya uda ga streess gua balik lagi rate 5 star,1,0,8.6.1,2025-04-10 21:42:06,Hai Kak Picisan. Mohon maaf untuk ketidaknyamanannya. Untuk kendalanya Kakak bisa langsung menghubungi kami di DM Instagram @Telkomsel atau hubungi kami di tsel.id/chatva. Semoga membantu. 😊 -Sekar,2025-04-11 00:41:19,8.6.1
cd7cd0ac-4b61-477e-a193-03d7c7ef2314,Riyan Hidayat,https://play-lh.googleusercontent.com/a/ACg8ocJ6EXOdy4KuNTti3o6cTBxYXbBTh70DVKO4ilDDouwmeiVoQw=mo,bagus,5,0,8.6.2,2025-04-10 21:32:49,,,8.6.2
dda35e35-8317-4dcf-8641-7049403cd05e,Bahar Juna,https://play-lh.googleusercontent.com/a/ACg8ocJhpm9bmqv1VR-c_0HeQq8kwG9zUA9bqVYhDUcRNR-Jo0wz0A=mo,lemot,1,0,,2025-04-10 21:24:54,"Hai Kak Juna. Mohon maaf untuk ketidaknyamanannya, silakan coba restart handphone Kakak. Apabila masih terdapat kendala silakan hubungi kami di DM Instagram @telkomsel atau chat di tsel.id/chatva. Semoga membantu. :) -Sekar",2025-04-11 00:41:43,
dddbbaf2-4f86-490c-8abf-430fc8631d14,nawakhi mujab,https://play-lh.googleusercontent.com/a-/ALV-UjVrS_FNEFnbsGO0fpss2zSCTohxDK0HisB_Jo7VJ7R9BiRouOs,for close di HP vivo v30,1,0,8.6.2,2025-04-10 21:18:05,"Hai Kak Nawakhi. Mohon maaf untuk ketidaknyamanannya, silakan coba login kembali setelah beberapa saat. Apabila tetap mengalami kesulitan login, silakan hubungi kami melalui DM Instagram @telkomsel atau chat di tsel.id/chatva. Semoga membantu. 😊 -Sekar",2025-04-11 00:42:05,8.6.2
4c4e30f1-f850-4fe3-b54e-7c47e101a05e,Helen Afriana,https://play-lh.googleusercontent.com/a-/ALV-UjUPtUajpRzHoGsLY6pC8r1P3B3MPsVTdtgJmc_xVTWAjRvVnzP1,ga bisa kebuka Mulu. aplikasinya sendiri aja makan 477 MB. belum data dan cachenya,5,0,6.13.0,2025-04-10 21:10:54,,,6.13.0
c3ebb743-33b2-4e51-93aa-8e571c25d370,Yusupwahyu Abiyahervan,https://play-lh.googleusercontent.com/a-/ALV-UjWyvqX6kCLMOEI5CUK9cIRbqv7qTYbuMyoOiJEGAPVMe7FepJs,Kenapa ya awal nya bisa di pakai dan sangat membantu... Ko tiba² aplikasi nya berhenti dan tidak bisa di gunakan sudah beberapa kali apk ini saya Download hapus download hapus tetapi masih tidak bisa di pakai dengan keterangan apk terhenti dan tidak merespon... bagaimana kah solusinya agar apk ini bisa di pakai kembali dan ada keterangan juga yaitu : data terbaru terbaru dari perangkat serupa menunjukan bahwa apk ini terhenti berpungsi di perangkat anda,1,0,,2025-04-10 21:06:45,"Hai Kak Yusup, Mohon maaf untuk ketidaknyamanannya ya, silakan coba cara berikut ya Kak:
1. Clear cache aplikasi
2. Force close aplikasi
lalu coba login kembali, apabila masih mengalami kendala, silakan hubungi kami melalui DM Instagram @Telkomsel atau chat di tsel.id/chatva. Semoga membantu. :) -Edo",2025-01-17 13:49:51,
1899fcd4-1d02-4c22-8a11-59a06a740420,Android Dev,https://play-lh.googleusercontent.com/a-/ALV-UjVOH0jFETmi7UZRKaXQm9hhPr8laAKJmY7jY4PAD5TXueGC-DUI,app gak bisa kebuka..hhhh,1,0,8.7.0,2025-04-10 21:06:16,"Hai Kak Dev. Mohon maaf untuk ketidaknyamanannya. Untuk kendala akses aplikasi MyTelkomsel, Kakak bisa langsung menghubungi kami di DM Instagram @Telkomsel atau hubungi kami di tsel.id/chatva. Semoga membantu. 😊 -Sekar",2025-04-11 00:42:48,8.7.0
7441e7d9-8bb2-42ba-8276-700a3e387051,Seira J. Loyard,https://play-lh.googleusercontent.com/a-/ALV-UjXptJBcDLXOTwZ7w8CqSomfqCjG2sR2D9RNIAREpbTDaEShAuXZ,"gak bisa dibuka apk.nya.. kaLo masuk mw daftar,, tiba² keluar dr apk.. padahal dulu gk bgt..",2,0,,2025-04-10 21:03:20,,,
1c3a5536-6546-4e37-867f-450f8753477f,Robi Apriyansah,https://play-lh.googleusercontent.com/a-/ALV-UjWdlRvUTrA3dZW1du8dpWP1eEDthWLESR6bVRHwnM6BzG6Jjl21oA,"buruk, mental mental",1,0,8.7.0,2025-04-10 20:54:47,Hai Kak Robi. Mohon maaf untuk ketidaknyamanannya. Untuk kendalanya Kakak bisa langsung menghubungi kami di DM Instagram @Telkomsel atau hubungi kami di tsel.id/chatva. Semoga membantu. 😊 -Sekar,2025-04-11 00:43:45,8.7.0
173c2434-7604-4754-b5ed-b5dc94c04615,Alip fajar Fajar,https://play-lh.googleusercontent.com/a/ACg8ocJWdZTLGhxUGFuOq6JGLN_bf3WKhvZs6PvbXpHdDLM9kOFlYQ=mo,ee maaf ko hari ini apk dihp saya ga bisa masuk ya? tiap kali mau masuk pasti keluar trus. nah pas keluar dari apk ini ada tulisan MyTelkomsel terus berhenti.,2,0,,2025-04-10 20:50:01,,,
b6ded7c2-9d15-46ee-8bf8-7417d558cb22,sri Riri,https://play-lh.googleusercontent.com/a-/ALV-UjWXWwwLawf-KMVD4PuJ1OqIQCs1B6Tn-z_2eHdS3JGWrD-SVM8,"apk ga jelas.. mau login berkali kali tetep ga bisa, apk ngebeug tekeluar sendiri, pdhl paket data yg d pake Telkomsel, tp buat buka apk mytelkomsel ga bisa,, kocak kocak",1,0,8.6.2,2025-04-10 20:43:10,"Hai Kak Riri. Mohon maaf untuk ketidaknyamanannya, silakan coba login kembali setelah beberapa saat. Apabila tetap mengalami kesulitan login, silakan hubungi kami melalui DM Instagram @telkomsel atau chat di tsel.id/chatva. Semoga membantu. 😊 -Sekar",2025-04-11 01:07:12,8.6.2
e5d4dc41-3e96-4b08-bb64-d7e6e6e7f8ca,kazi bunglon,https://play-lh.googleusercontent.com/a-/ALV-UjXVtGH5XfwyecKde_Bh6KnlrwjME22qqjnMa6RTh3BYGheWIkVl,Lumayan ok,5,0,8.7.0,2025-04-10 20:42:08,"Hai Kak, terima kasih tetap setia menggunakan layanan Telkomsel. Apresiasi dari Kakak sangat berarti bagi kami dalam meningkatkan layanan dan performa MyTelkomsel. Have a great day :) -Alma",2025-04-12 07:16:19,8.7.0
2c22c5da-5f08-49a8-a689-79ec00d36059,Ulfi Wiliyanto,https://play-lh.googleusercontent.com/a/ACg8ocIesiQkByJVthUul7T962UtKgustkA_1c2kyB6FchhPu-fz9g=mo,"apapun yg berhubungan dgn pemerintah ato BUMN, smakin ribet.",1,0,,2025-04-10 20:39:12,Hai Kak Ulfi. Mohon maaf untuk ketidaknyamanannya. Untuk kendalanya Kakak bisa langsung menghubungi kami di DM Instagram @Telkomsel atau hubungi kami di tsel.id/chatva. Semoga membantu. 😊 -Sekar,2025-04-11 01:07:36,
94ff3472-9bdf-4f5d-a3b5-667b47c95ca9,insan sujadi,https://play-lh.googleusercontent.com/a-/ALV-UjW5YwoK8wuRkGSiMZCr-FeMnWpkQjQQ1fX_sYemt9T4uY04rT2pzQ,ini kenapa selalu keluar sendiri setiap di klik aplikasinya (force close) hadehh,1,0,8.6.2,2025-04-10 20:28:56,"Hai Kak Insan. Mohon maaf untuk ketidaknyamanannya, silakan coba login kembali setelah beberapa saat. Apabila tetap mengalami kesulitan login, silakan hubungi kami melalui DM Instagram @telkomsel atau chat di tsel.id/chatva. Semoga membantu. 😊 -Sekar",2025-04-11 01:28:44,8.6.2
c579e563-5a03-46d5-b1df-d270da8c6ce8,Radit Baking saputra,https://play-lh.googleusercontent.com/a/ACg8ocIydH6a9Crl6vwSCgJ_76s54BikmOBKNV2syiYU0R_CII1i1A=mo,gaje apk serig eror,1,0,8.6.2,2025-04-10 20:19:05,"Hai Kak Radit, Mohon maaf untuk ketidaknyamanannya ya, silakan coba cara berikut ya Kak:
1. Clear cache aplikasi
2. Force close aplikasi
lalu coba login kembali, apabila masih mengalami kendala, silakan hubungi kami melalui DM Instagram @Telkomsel atau chat di tsel.id/chatva. Semoga membantu. :) -Edo",2025-04-11 07:21:58,8.6.2
1d8f378a-a441-4354-8521-63dc7731bbfc,Rahmawati Patili,https://play-lh.googleusercontent.com/a-/ALV-UjUcRzFUSlScG5dq0dCpvBBedY3lBMNpu5F3N6KZ9VpMZgCcHOE-,"kenapa aplikasi my Telkomsel keluar sendiri sih,??",1,0,8.6.2,2025-04-10 20:11:23,"Hai Kak Rahmawati, Mohon maaf untuk ketidaknyamanannya, silakan coba login kembali setelah beberapa saat. Apabila tetap mengalami kesulitan login, silakan hubungi kami melalui DM Instagram @telkomsel atau chat di tsel.id/chatva. Semoga membantu. -Edo",2025-04-11 07:22:54,8.6.2
da89420d-491e-4a00-a93f-7f2e78687eb5,Zara Mdr,https://play-lh.googleusercontent.com/a/ACg8ocIP2MNg-fSYxGzelTr-my3W1agUbBrZGLTXbUnoDP19ltMlHw=mo,"Sangat Bagus , dan Mudah Pemaikaiannya",5,0,,2025-04-10 20:09:32,"Hai Kak Zara, terima kasih tetap setia menggunakan layanan Telkomsel. Apresiasi dari Kakak sangat berarti bagi kami dalam meningkatkan layanan dan performa MyTelkomsel. Have a great day :) -Alma",2025-04-12 07:29:19,
d49e7377-b68d-4db2-8965-e2cc47e5b82c,Pangkas Rambut,https://play-lh.googleusercontent.com/a/ACg8ocLVhf1Try2EYvBQppHZllCLorrnyWpANxvS6zGubUNUk_8uLQ=mo,"dulu bug nya gak parah kek sekarang deh perbaiki lagi bug nya, baru buka aplikasi udah keluar sendiri kan kesel",2,0,8.6.2,2025-04-10 20:04:16,,,8.6.2
33fe6a54-2bf7-412e-ab3a-439a2f3c8411,Derry Nurmansyah,https://play-lh.googleusercontent.com/a/ACg8ocLkE25A4UQUfhsmDNGQguuRGet-wOwkR9vnvjJ-48wLIdtjoQ=mo,Aplikasi taik !!!! mau login malah force closed mulu.,1,0,8.6.2,2025-04-10 19:55:14,"Hai Kak Derry, Mohon maaf untuk ketidaknyamanannya ya, silakan coba cara berikut ya Kak:
1. Clear cache aplikasi
2. Force close aplikasi
lalu coba login kembali, apabila masih mengalami kendala, silakan hubungi kami melalui DM Instagram @Telkomsel atau chat di tsel.id/chatva. Semoga membantu. :) -Edo",2025-04-11 07:24:12,8.6.2
2c306a59-e394-49ad-9624-29dea1137eb5,Hendry zuliansyah,https://play-lh.googleusercontent.com/a-/ALV-UjV82s3vnMYZUc-D46OtGl6kzdMJQTo1Qz8s0YhUVNY-o9MgzFw,gak masuk2 aplikasi telkomsel,1,0,8.7.0,2025-04-10 19:50:42,"Hai Kak Hendry, Mohon maaf untuk ketidaknyamanannya ya, silakan coba cara berikut ya Kak:
1. Clear cache aplikasi
2. Force close aplikasi
lalu coba login kembali, apabila masih mengalami kendala, silakan hubungi kami melalui DM Instagram @Telkomsel atau chat di tsel.id/chatva. Semoga membantu. :) -Edo",2025-04-11 07:25:10,8.7.0
a7e03747-6e3d-4b5e-9783-01463f8ad492,Naruto Uzumaki,https://play-lh.googleusercontent.com/a-/ALV-UjXjG9fQcSulkANpcsWXmGHIF7oJG_1uA4eUd6ZFXSO-jkc1EM7T1w,"habis update sering force close, pdhal udh make snap elite",1,0,8.7.0,2025-04-10 19:48:51,"Hai Kak, Mohon maaf untuk ketidaknyamanannya ya, silakan coba cara berikut ya Kak:
1. Clear cache aplikasi
2. Force close aplikasi
lalu coba login kembali, apabila masih mengalami kendala, silakan hubungi kami melalui DM Instagram @Telkomsel atau chat di tsel.id/chatva. Semoga membantu. :) -Edo",2025-04-11 07:56:52,8.7.0
9617a869-4105-4993-8e3a-57f0c98d655e,Iwan Darmawan,https://play-lh.googleusercontent.com/a-/ALV-UjUPjPJdY-Rkla_ExUZunyHRIqTqcRrpsNKD7szN8Do1nadMFxI,"sekarang buka aplikasinya susah bnget, banyak Loading Mulu, jaringan makin kesini makin jelek",2,0,8.7.0,2025-04-10 19:44:59,,,8.7.0
8ff1518e-443d-4af4-b3b4-5e56b9894e2d,Hafid Firansyah,https://play-lh.googleusercontent.com/a/ACg8ocJ14ruHYPcFwCBB7SQqZy60WPf6fcuu-NHo3ltQQJMqKhUqow=mo,Aplikasi ribeetttt...banyak gangguannya,1,0,,2025-04-10 19:42:03,"Hai Kak Hafid, Mohon maaf untuk ketidaknyamanannya ya, silakan coba cara berikut ya Kak:
1. Clear cache aplikasi
2. Force close aplikasi
lalu coba login kembali, apabila masih mengalami kendala, silakan hubungi kami melalui DM Instagram @Telkomsel atau chat di tsel.id/chatva. Semoga membantu. :) -Edo",2025-04-11 07:57:42,
b46a7451-0377-437b-b4a4-0c4eaa1a6c23,Hakim Mustakim,https://play-lh.googleusercontent.com/a-/ALV-UjV7fS7IXJxTniJ6QpBOgLmfcEKMxSYajHrb9UrR7NGNuTRPABwI,Aplikasi yang bagus dan membantu.,5,1,8.6.2,2025-04-10 19:37:10,"Hai Kak Mustakim, terima kasih. Tetap pakai aplikasi MyTelkomsel ya :) -Sekar",2025-02-07 06:52:01,8.6.2
41f2075e-af6d-4bef-a73a-1ac700fdf304,Aman Ternate,https://play-lh.googleusercontent.com/a-/ALV-UjX7zMTwHpYJCPobotfb1aUuzZDSFKzsENEtc7TlWMf1BwCOx04,sangat baik ya,5,0,8.6.2,2025-04-10 19:35:06,"Hai Kak, terima kasih tetap setia menggunakan layanan Telkomsel. Apresiasi dari Kakak sangat berarti bagi kami dalam meningkatkan layanan dan performa MyTelkomsel. Have a great day :) -Alma",2025-04-12 07:30:00,8.6.2
f778a815-010e-4b0e-a0a5-cb4615e6cce6,Dimas Aji P Pratama,https://play-lh.googleusercontent.com/a/ACg8ocJmAbl-CAzyGpeiEc0adh-SQEzY93G_-GQxXL2QQ5bdf2hiNA=mo,kagak bisa dibuka,1,0,8.3.0,2025-04-10 19:34:30,"Hai Kak Dimas, Mohon maaf untuk ketidaknyamanannya ya, silakan coba cara berikut ya Kak:
1. Clear cache aplikasi
2. Force close aplikasi
lalu coba login kembali, apabila masih mengalami kendala, silakan hubungi kami melalui DM Instagram @Telkomsel atau chat di tsel.id/chatva. Semoga membantu. :) -Edo",2025-04-11 07:58:13,8.3.0
7584a69b-da1a-4c69-957f-1f61690fb505,Sumedi Medi,https://play-lh.googleusercontent.com/a/ACg8ocLsh_Y-e7vege7TmqV2Fa4lRhPhFBfusCjD4K32H4gEoBYEIg=mo,"aneh dehhh, kemarin aku buka aplikasi nya bisa bisa ajaa, trus abis ku instal ulang aplikasi nya. malah jadi ga bisa di buka, dan otomatis keluar sendiri karna aplikasi tidak menanggapi. ga ngerti deh maksudnya apa, ini lagi bug aplikasi nya atau apaa ini? saya jadi cuma bisa pake my Telkomsel basic. saya harap ini cuma bug dari aplikasinya, jadi mohon segera di perbaiki. karna kalo dari setingan hp saya sendiri, kayanya ga mungkin. karna sudah saya cek berulang kali, juga sudah di install ulang",1,0,,2025-04-10 19:32:55,,,
9ed4767f-623e-4aeb-b8a7-caeb21e7a244,Rizal Jos,https://play-lh.googleusercontent.com/a/ACg8ocK-EruVdax-6iKG9D-xUS8s4q1NmTPE2peOFdCtBU2Dkk2N9A=mo,kembali terus,1,0,8.7.0,2025-04-10 19:26:03,"Hai Kak Rizal, dma Mohon maaf untuk ketidaknyamanannya ya, silakan coba cara berikut ya Kak:
1. Clear cache aplikasi
2. Force close aplikasi
lalu coba login kembali, apabila masih mengalami kendala, silakan hubungi kami melalui DM Instagram @Telkomsel atau chat di tsel.id/chatva. Semoga membantu. :) -Edo",2025-04-11 07:26:38,8.7.0
880c3c8b-18ac-40ab-8ac6-0589bb36c860,Ry VinoTv,https://play-lh.googleusercontent.com/a-/ALV-UjVTqkmBjJ7T8Y759v4cky_gqNyuwjN0P99hVkRnh3uhx_wcHJy8,"Aplikasi force close(di buka lgsg ke tutup ga bisa masuk) kenapa ya?? sudah un instal, instal ulang setelah di update malah fc terus hebat, bukannya perbaiki bug update malah fc terus aneh, mana perbaikannya, mau nyalahin HP, sinyal, atau apa lagi alesannya??",1,0,8.7.0,2025-04-10 19:21:41,"Hai Kak Ry, Mohon maaf untuk ketidaknyamanannya ya, silakan coba cara berikut ya Kak:
1. Clear cache aplikasi
2. Force close aplikasi
lalu coba login kembali, apabila masih mengalami kendala, silakan hubungi kami melalui DM Instagram @Telkomsel atau chat di tsel.id/chatva. Semoga membantu. :) -Edo",2025-04-11 07:27:52,8.7.0
4a2a21fc-4095-45fe-bc93-0cff4227f17f,Poster Sirait,https://play-lh.googleusercontent.com/a-/ALV-UjXLy_7SK7-_YyYxnDLkoTXbxu-87gyqN-kK6ygomxnJ8TffhR4,jaringan ya jelek apalagi kalo di buka menu aplikasi mytelkomsel suka eror,2,0,8.7.0,2025-04-10 19:15:58,,,8.7.0
90e80007-b426-425d-b18b-bca9290149a8,Abcdehsibs Fghijkvsisnq,https://play-lh.googleusercontent.com/a-/ALV-UjXDf06Rc_bNbrIeG-e0Fr3Wj6gFJoEwB2ObzVF-gyvlUnuDE4xz,cacat,1,0,6.16.0-344,2025-04-10 19:15:38,"Hai Kak, Mohon maaf untuk ketidaknyamanannya ya, silakan coba cara berikut ya Kak:
1. Clear cache aplikasi
2. Force close aplikasi
lalu coba login kembali, apabila masih mengalami kendala, silakan hubungi kami melalui DM Instagram @Telkomsel atau chat di tsel.id/chatva. Semoga membantu. :) -Edo",2025-04-11 07:35:05,6.16.0-344
b05b928e-e652-4868-8f60-9e0d98e67bd4,uba save,https://play-lh.googleusercontent.com/a-/ALV-UjVROYtOR-Uk44vZ8NLDDYGJQRKs1qjUPnfGvPxFnz0gHESMcWk,sy terbantu dg apk ini,4,0,,2025-04-10 19:10:00,"Hai Kak Uba, terima kasih. Tetap pakai aplikasi MyTelkomsel ya 😊 -Sekar",2025-04-11 06:27:36,
03c6364e-460b-4192-a12d-b5bcde10aae5,Hendy Yudha,https://play-lh.googleusercontent.com/a/ACg8ocKd7lMSbkGbL3-d2ThGD8yyHAyzY6mUA-s1N6Ikz-uvV53SoQ=mo,"bolak balik hapus trus download lagi aplikasi ini tetap aja ga bisa masuk. apa sih maunya. pejam kan mata, bayangkan wajah walidd🗿🗿",2,0,,2025-04-10 19:07:19,,,
a4b7c589-129d-4b67-a241-d6066251efd6,Zikri Bedod,https://play-lh.googleusercontent.com/a/ACg8ocI1n7SyZeqtMYeAZbWYuAJpY2QoNXvtUdHrdN2XixVG8SrBSA=mo,mb doang gede beli paket di apk ajah ngeleg banget cok,1,0,,2025-04-10 19:04:33,"Hai Kak Zikri, Mohon maaf untuk ketidaknyamanannya ya, silakan coba cara berikut ya Kak:
1. Clear cache aplikasi
2. Force close aplikasi
lalu coba login kembali, apabila masih mengalami kendala, silakan hubungi kami melalui DM Instagram @Telkomsel atau chat di tsel.id/chatva. Semoga membantu. :) -Edo",2025-04-11 07:41:22,
04812e39-867c-41cc-aea5-286239119347,Khairul Khairul,https://play-lh.googleusercontent.com/a/ACg8ocK_2d93cZkLpWicnFZW5TQ2YVSRWtTWrayUeJ3-L-fsM3wyhw=mo,apk ini super jelek,1,0,8.6.2,2025-04-10 19:02:28,"Hai Kak Khairul, Mohon maaf untuk ketidaknyamanannya ya, silakan coba cara berikut ya Kak:
1. Clear cache aplikasi
2. Force close aplikasi
lalu coba login kembali, apabila masih mengalami kendala, silakan hubungi kami melalui DM Instagram @Telkomsel atau chat di tsel.id/chatva. Semoga membantu. :) -Edo",2025-04-11 07:41:59,8.6.2
978c9550-6fb3-4019-899c-a4e260345b3b,Puryoto Puryoto,https://play-lh.googleusercontent.com/a-/ALV-UjWNAIOliZVy3ecRvrCAnKl0cb91mGbq-KGHXvoC9QbTdvQSiS8b,aplikasi makin lama GK jelas,1,0,8.7.0,2025-04-10 18:58:51,"Hai Kak Puryoto, Mohon maaf untuk ketidaknyamanannya ya, silakan coba cara berikut ya Kak:
1. Clear cache aplikasi
2. Force close aplikasi
lalu coba login kembali, apabila masih mengalami kendala, silakan hubungi kami melalui DM Instagram @Telkomsel atau chat di tsel.id/chatva. Semoga membantu. :) -Edo",2025-04-11 07:47:31,8.7.0
2e5b1702-8154-4e95-a15a-44f325eaaa2c,Thomi Ankara,https://play-lh.googleusercontent.com/a/ACg8ocK2r_j1cmT4_69dOgO-vQf35ouz5DZo4AKkEVF7h8JSDzrzGg=mo,parah..bukan nya ada peningkatan kualitas..ni malah tambah parah..Kaya nya Petinggi Telkomsel para Koruptor juga😂,1,0,6.6.1,2025-04-10 18:52:28,"Hai Kak Thomi, Mohon maaf untuk ketidaknyamanannya ya, silakan coba cara berikut ya Kak:
1. Clear cache aplikasi
2. Force close aplikasi
lalu coba login kembali, apabila masih mengalami kendala, silakan hubungi kami melalui DM Instagram @Telkomsel atau chat di tsel.id/chatva. Semoga membantu. :) -Edo",2025-04-11 07:51:15,6.6.1
5a07401a-091d-4cf6-9c46-599f96d30817,Rudi Rudi,https://play-lh.googleusercontent.com/a/ACg8ocKIcWtN_rnRhfsCKanZDM0U4jiygvRepn27mPa34i9-oknCFA=mo,benerin dong aplikasinya,1,0,,2025-04-10 18:47:49,"Hai Kak Rudi, Mohon maaf untuk ketidaknyamanannya ya, silakan coba cara berikut ya Kak:
1. Clear cache aplikasi
2. Force close aplikasi
lalu coba login kembali, apabila masih mengalami kendala, silakan hubungi kami melalui DM Instagram @Telkomsel atau chat di tsel.id/chatva. Semoga membantu. :) -Edo",2025-04-11 07:52:55,
cd12c81f-5a7e-428d-84fe-45fc4a27a78e,Rang Bekate,https://play-lh.googleusercontent.com/a-/ALV-UjUh2ytggaV9m4GBZcQnqw5vNMe5SjkozvPV838PmALGcovEna8,makin kesini makin parah nih aplikasi nya,1,0,6.10.0-9,2025-04-10 18:46:51,"Hai Kak Bekate, Mohon maaf untuk ketidaknyamanannya ya, silakan coba cara berikut ya Kak:
1. Clear cache aplikasi
2. Force close aplikasi
lalu coba login kembali, apabila masih mengalami kendala, silakan hubungi kami melalui DM Instagram @Telkomsel atau chat di tsel.id/chatva. Semoga membantu. :) -Edo",2025-04-11 07:58:54,6.10.0-9
5a575d38-6caf-4ebb-8d7c-78869164d331,su broto,https://play-lh.googleusercontent.com/a/ACg8ocJEu8tyg1VQL6-twB6CYQhcYOw9MztW6PauDi8GkM-QYnrNWA=mo,lambat bngtt,1,0,,2025-04-10 18:45:42,"Hai Kak Subroto, Mohon maaf untuk ketidaknyamanannya ya, silakan coba cara berikut ya Kak:
1. Clear cache aplikasi
2. Force close aplikasi
lalu coba login kembali, apabila masih mengalami kendala, silakan hubungi kami melalui DM Instagram @Telkomsel atau chat di tsel.id/chatva. Semoga membantu. :) -Edo",2025-04-11 07:59:45,
63db0b0c-0220-498c-8f0e-766b1b02eba5,valentino eko ramadhani,https://play-lh.googleusercontent.com/a-/ALV-UjVa-XhqPwv9gNwxmGsoQ5vEjNO8ROee24Fb0sVqIozS9Nq86ZQ,MUNCUL NOTIF MY TELKOMSEL ERROR. KUOTA BANYAK TAPI GABISA DIBUKA.. HADEH,1,0,8.6.2,2025-04-10 18:41:10,,,8.6.2
1d6357cd-031e-4fd0-bef3-fbc6fbbeab7d,Alfaiz Abraham Pratama,https://play-lh.googleusercontent.com/a-/ALV-UjUn3K_BtVrBM0gV4PsnC-9KOTxwmicQPlR7soPs2iFA1KX6U-Ip,top,5,0,8.7.0,2025-04-10 18:36:26,,,8.7.0
66af3819-ab39-49c0-ab30-f7404f0029bc,caca cahyaman,https://play-lh.googleusercontent.com/a-/ALV-UjWtCL66ZNSrAghzL_JiLSu6au3nS8VmLfNZoOpnAX5bUsGGK-o,"aplikasi yg sekarang nge lag terus, ngga bisa dipakai",2,0,,2025-04-10 18:33:52,,,
eb40a08d-6b96-46b0-a749-fddc645a6a55,Suci Wulan,https://play-lh.googleusercontent.com/a/ACg8ocJiEBGh7Jh4KWhNggfob1uPOzeZt-hPbmzo9H2z8LlpBXNM9w=mo,super seru spesial 100rb 90gb hilang🥹,3,0,,2025-04-10 18:29:49,,,
1c504de1-686e-40fb-a512-52dca57bfa88,Edo Pratama,https://play-lh.googleusercontent.com/a-/ALV-UjVbsdb9j3PokCGTCK82pGKOTZU9LLN3S-hKeqFc8xCyVXNJh-RT,"kok aplikasinya sering tertutup sendri, pdahal sudh install ulang",3,0,8.6.2,2025-04-10 18:26:30,,,8.6.2
5e43ea37-bab5-4af8-9c3c-0c15b2ea4767,ecie ecie,https://play-lh.googleusercontent.com/a-/ALV-UjWekHBvFLjKY89NAIeDN2pDx4NszvrwoZdu6ubWoSx3gNBA2MI,terimakasih,5,0,8.7.0,2025-04-10 18:25:10,,,8.7.0
d95d936c-8c79-4fc3-8bb9-dd24bb0321f1,Aan Kusnandar,https://play-lh.googleusercontent.com/a/ACg8ocJhH6Sq3pplHpT-lSdYF87fIf-RgpSEeEZx_iSMV3j5aDo-yg=mo,ini apk gampang bgt di hack orang gak jelas,1,0,8.7.0,2025-04-10 18:23:36,"Hai Kak Aan, Mohon maaf untuk ketidaknyamanannya ya, silakan coba cara berikut ya Kak:
1. Clear cache aplikasi
2. Force close aplikasi
lalu coba login kembali, apabila masih mengalami kendala, silakan hubungi kami melalui DM Instagram @Telkomsel atau chat di tsel.id/chatva. Semoga membantu. :) -Edo",2025-04-11 08:00:24,8.7.0
be39c10d-93a2-4760-9f3b-3f01c94baa74,illusions Chanel,https://play-lh.googleusercontent.com/a-/ALV-UjXt3GO_5oJAf9IutSelcw4W2EOUb5knTFdl4iwf_McLxR0EI3Q,Kenapa pas mau masuk ke aplikasi tiba² selalu keluar😠😠😠😠😠🫵,1,0,8.7.0,2025-04-10 18:22:59,"Maaf ya, Kak Illusions. Terkait kendala aplikasi MyTelkomsel. Yuk hubungi mimin untuk dibantu lebih lanjut melalui email cs@telkomsel.com, Twitter @Telkomsel atau Facebook Messenger 'Telkomsel'. Mimin tunggu ya :) -Sekar",2023-05-31 02:51:06,8.7.0
12840927-e895-4d65-858d-2f8395ae0671,Agus Arik,https://play-lh.googleusercontent.com/a/ACg8ocLN00pUUUQ1KAC_70DDYOaDPxO9t0XzFwjkOzpqfeLNefDeLw=mo,"Ini kenapa Aplikasinya close"" Mulu parah memang !",1,0,6.18.0,2025-04-10 18:20:58,,,6.18.0
140b72d1-2993-4ab5-ae3a-4ca5bd0cefa8,Afan,https://play-lh.googleusercontent.com/a-/ALV-UjWSmIeYMBYqvPGOAILH9KGrZ0QaZFgSvLfNUXq-t6sj6Ou6o27J,sangat berattttt buka apps nya,1,0,,2025-04-10 18:15:18,,,
269129d1-5a0e-4bcc-bf09-b72e4d0fe2a1,Agnes Goland,https://play-lh.googleusercontent.com/a-/ALV-UjWcvNlVm9m28zDQx3b_cW52_YId2FJtoffpT0x7WzyFiarP3qc,"ga jelas, ga guna aplikasinya. ngecek apapun susahhhhh benerr. cape capeee",1,0,,2025-04-10 18:12:39,,,
4d64454f-25ef-49c6-a4ba-90023b6b5aec,Kano Siji,https://play-lh.googleusercontent.com/a/ACg8ocJ1o8XDzdpGVFxm8t3kKOJ-pKJjDRIplZcl29BRwJNteQ59SQ=mo,tidak bisa di buka,1,0,8.6.2,2025-04-10 18:12:01,,,8.6.2
86b55890-212c-49de-9198-53469c3c6fc6,Nafil Arsya,https://play-lh.googleusercontent.com/a-/ALV-UjUf0LEPUaSeT_SSz77dGlOdZgmsqJQTGeq6v5uBHfnPIHEgoWEr,force close mulu setiap baru buka apps tuh👎🏻👎🏻,1,0,8.7.0,2025-04-10 18:11:00,,,8.7.0
c31aefc5-7a7f-4e4a-8e2b-2681d3023927,Dany Rizki,https://play-lh.googleusercontent.com/a/ACg8ocIzwY_FKfENI3z8Cw05WE_WacIzZXvR-fw2WUVdWhUY4Dm7ty4=mo,kenapa tengah malam selalu ada kendala jaringan,1,0,8.7.0,2025-04-10 18:10:52,,,8.7.0
b017ca28-be16-495d-b174-ee3464ad130c,SAHER CHANNEL,https://play-lh.googleusercontent.com/a-/ALV-UjVcamWpVUzc7eGukHJBWpyz5LDaROrM6JEwBSe7hTKtN_2wYl-V,ok,5,0,8.7.0,2025-04-10 18:08:03,,,8.7.0
0e44903e-74e3-4ca7-9d07-a45feaff07b3,argapardamean,https://play-lh.googleusercontent.com/a/ACg8ocKQl2jnDyFX3U3pChf8n02Jnqx3AeMRWRiTWJRqsxUgxarh9g=mo,"maklum yg buat apk masih magang. jaringan Telkomsel juga cukup lumayan bisa bernostalgia ke awal 2000an , karena di tempat saya kadang jaringan masih E (EDGE) dan GPRS , dunia makin canggih tapi Telkomsel sepertinya jalan ditempat bahkan mundur",3,0,8.6.2,2025-04-10 18:06:06,,,8.6.2
48f0d613-2bec-4df4-80e8-7c3498e04cbf,Fajar Nurdiana,https://play-lh.googleusercontent.com/a/ACg8ocIGD3AGOZyEo9swOW-p-_qbEcL2g1Eln3lldWDfkYctmbkY0Q=mo,force close muluuu,1,0,,2025-04-10 18:05:46,,,
af280525-e915-4e50-b3f5-bb58f98670c4,Sean Calter,https://play-lh.googleusercontent.com/a-/ALV-UjX_khQbmTmnVekqtMSCPAxrl4W64awTh6HH0PQjBhfZgjZNmhkK,sinyal telkom makin gak jelas koyo asu,1,0,6.3.0,2025-04-10 18:05:11,,,6.3.0
3a239663-bc7f-4106-9676-eb0a0e38dd93,Rifqi Kuncoro,https://play-lh.googleusercontent.com/a/ACg8ocJW82497WLodwD_UiU2rQvsW8zOAESJBM7iFMNgscViTEIM3Q=mo,Hdeh Makin hari bukan nya diperbaiki bug nya malah makin parah,2,0,8.7.0,2025-04-10 18:01:54,,,8.7.0
a1234bef-6f86-478c-a66c-fdf676b6e9cf,Nashir Mudzakir,https://play-lh.googleusercontent.com/a-/ALV-UjXv0T5m31QGot3KwLIwpRaVnFs6mra4-xIHBdJPIMIYm_bn3hlX,"Loading pada aplikasi sangat lama. Sudah coba clear cache masih lelet. Coba clear data dan re-login untuk beberapa saat menyelesaikan masalah, tapi satu hari kemudian lelet lagi. Update 11 April. Coba re-install, alhasil sekarang tidak bisa masuk ke dashboard. app crash",1,0,8.7.0,2025-04-10 17:59:30,,,8.7.0
ecd8ed1a-e825-4d15-91db-baf608b2f8d3,Dadang Beton,https://play-lh.googleusercontent.com/a/ACg8ocIv5_ayu8X2nZpAXyoG0YmJNhbxcKMCsmb73clZ60nhtKHY9w=mo,lagi bug aplikasi mohon di perbaiki ya,1,0,,2025-04-10 17:51:43,,,
f188a71a-fe57-4713-a186-3897cde62b43,Kusuma Purnadi,https://play-lh.googleusercontent.com/a-/ALV-UjU8n5EO9l31QbTMFeJMaxTzZPRbwGU98DrAXMjDcGpRAhq3dqk,"mengapa fitur samrtfay saya tidak muncul? padahal Data saya sudh di terima dan sudah di setujui, tapi smartpay tidak muncul di pembayaran saya",5,0,8.7.0,2025-04-10 17:48:55,,,8.7.0
61d40f3f-1b54-4772-95cf-909c01a172d9,Surya Hanggara,https://play-lh.googleusercontent.com/a/ACg8ocLcvdtTxWPUIEp6MyN8K60PqYQ57YpqhTn4agyveQxpb8Ra-Q=mo,ga bisa di buka payahalah balik lagi balik lagi,1,0,8.6.2,2025-04-10 17:48:11,,,8.6.2
e1a76077-acc0-4e3c-aec7-efa865bc80d1,Ngopi J,https://play-lh.googleusercontent.com/a/ACg8ocLGi7PnkbKWS4mT8CHpaVqaXG3iZ7PbUNhYHksZsY_ha2mhjw=mo,"aplikasi busuk , lemot bangett, cs tlpn saya perbaiki ini aplikasi, malu Telkomsel kek gini",1,0,8.7.0,2025-04-10 17:47:28,,,8.7.0
307f6bd4-b0c2-49ae-beed-b4aba2cd6240,Muhammad Rezza,https://play-lh.googleusercontent.com/a/ACg8ocLX6ZOY5G_pvWM3pzHXKE1djM89j_KT9vfUJ7SG9KyY6atVrQ=mo,sangat tidak bagus sering keluar sendiri dari aplikasi tdk bisa cek pulsa data,1,0,6.9.1,2025-04-10 17:45:55,,,6.9.1
4dd69a2d-5d5a-4349-87fd-fe9009378e76,Bagus Saja96,https://play-lh.googleusercontent.com/a-/ALV-UjWux8QYLXqAiQECdu3CkKscverHESwhuSfiei-Ug9wqXVh4whU,"makin parah. update terus, yang di perbaiki ini yang mana woy. sekarang baru di buka malah keluar sendiri.",1,0,,2025-04-10 17:42:32,"Hai Kak Bagus. Mohon maaf untuk ketidaknyamanannya ya, silakan coba cara berikut ya Kak:
1. Clear cache aplikasi
2. Force close aplikasi
lalu coba login kembali, apabila masih mengalami kendala, silakan hubungi kami melalui DM Instagram @Telkomsel atau hubungi kami di tsel.id/chatva. Semoga membantu. :) -Alma",2025-01-02 03:00:42,
20959d44-113b-493a-aa22-96d15b3816f8,Achmad Zulfikar,https://play-lh.googleusercontent.com/a-/ALV-UjWx0ykQvje85V-7RGnRFc55Ms_Vx8SkHutgu3WaZ8APOd8BHpxl,"Aplikasi Lambat, aneh, padahal udah di update, tapi lola banget mau liat paket data aja padahal, giliran buka yg lain cepet",1,0,8.7.0,2025-04-10 17:42:11,"Hai, Kak. Mohon maaf ya kalau ada yang bikin Kakak ga nyaman. Agar Mimin bisa bantu Kakak lebih optimal, tolong hubungi Mimin melalui fitur bantuan di aplikasi MyTelkomsel, DM Twitter @telkomsel, atau email ke cs@telkomsel.co.id. Mimin tunggu ya Kak, makasii :) -Arno",2020-11-22 15:20:24,8.7.0
5ba84136-96e5-4d91-830b-f0f66384fe93,Pengguna Google,https://play-lh.googleusercontent.com/EGemoI2NTXmTsBVtJqk8jxF9rh8ApRWfsIMQSt2uE4OcpQqbFu7f7NbTK05lx80nuSijCz7sc3a277R67g,sering bug gajelas,1,0,6.17.0,2025-04-10 17:41:04,,,6.17.0
b659d40d-81c6-40d6-adb3-0f7b390c72c5,Jhonser Panjaitan,https://play-lh.googleusercontent.com/a/ACg8ocIZxqMWSX8UeBE6IoMV1YOGWfOhFJDVAK_YJiXaSQAbhzTLqw=mo,"LEMOTT, KL POSISI PAKET HABIS, PULSA YG ADA KALO ADA LANGSUNG KESEDOT, MAKE SIMPATI UDH LAMA TAPI DIBIKIN GAK NYAMAN",1,0,8.6.2,2025-04-10 17:40:44,,,8.6.2
83e0fdba-a6f2-4bbd-9823-664eb7922e1b,Lala Latucnsna,https://play-lh.googleusercontent.com/a/ACg8ocK7V9IX4niexPD5dUh6dukUCL0s-341xNbnUh1CDRMjUiouyA=mo,bagus membantu kita buat beli data dan pulsa yang mudah dan harga nya terjangkau,5,0,,2025-04-10 17:39:46,,,
7bfb41f2-f3e5-4c6c-8704-f8ac1412925a,Indra Septiaji,https://play-lh.googleusercontent.com/a/ACg8ocKYKgjJqGgo4jql8CeBlKwYWZouBiL-jKHjUUuQgXblt0AR=mo,"GG bisa login FC Mulu,tong segera di perbaiki",1,0,3.13.0,2025-04-10 17:35:56,,,3.13.0
0e1d4d78-8ca0-41ea-9f07-b5a47ef4cb33,Hendri Yadi,https://play-lh.googleusercontent.com/a/ACg8ocKQnhbZEnG-SAw9c9PNUkucROyR3N8iIPbYRV1SGJbVWHSLYg=mo,aplikasi eror,3,0,8.7.0,2025-04-10 17:28:29,,,8.7.0
4a1e59ec-605c-49d4-b6f6-7e76d4f6ccdb,Arief Nugraha,https://play-lh.googleusercontent.com/a-/ALV-UjVZmoDXi9uQdTQ9jAUFarukYffDw2yftTWRTzSji5oUskNrKbw,Betol la kelen bikin Aplikasi... dah dari SMP aku invest di Telkomsel. Banyak kali Errornya -_-,3,0,8.6.2,2025-04-10 17:27:53,,,8.6.2
65f163b9-8d06-4e73-88b0-15bb89cdb3d7,Bewee 025,https://play-lh.googleusercontent.com/a/ACg8ocK8K8QM5Ay_ykM53rYB-lkOM4SFhfMTuMt5u9A5SkHwGwBlKQ=mo,kenapa si ngelag aneh banget,1,0,8.6.2,2025-04-10 17:27:33,,,8.6.2
531410d7-3484-413f-85f3-4c162c9526a3,Ashef Tanter,https://play-lh.googleusercontent.com/a-/ALV-UjXT-EIpF0S7pIarPLZfjAkYOM4puUcRJAM_3wuin6muw7RLWPS7,sinyal babi gk pernah stabil paket udah mahal,1,0,8.6.2,2025-04-10 17:27:26,,,8.6.2
e142bc53-4091-4dce-b952-89efc92fbdd0,Wiwitkarwity,https://play-lh.googleusercontent.com/a-/ALV-UjXT74G-8kDz0Jz6R5_8OhjePx6p7Yksxe42rUKOUQrRjVBSrG0,kluar sendiri trus,2,0,,2025-04-10 17:27:20,,,
028ee543-c7cb-4aad-a75a-9c9ae61e79e9,Hendrik Hermawan,https://play-lh.googleusercontent.com/a/ACg8ocIdmFB64DoMsWforMPtSsR7q2P5DU_88vb9ayg5UmTzEJ87OA=mo,aplikasi menjijikan,1,0,8.6.2,2025-04-10 17:27:11,,,8.6.2
b395e5d4-e75d-4b3a-85bf-eb456cb480a5,Sahruel Aruel,https://play-lh.googleusercontent.com/a/ACg8ocIndxlrapyvcCTdjejFHG1A-vDsiscruaiRszsSrwQ1F2IeWQ=mo,telkomsel siga anyink,1,0,7.5.0,2025-04-10 17:26:24,,,7.5.0
a0786e9e-ca49-4da0-b834-a8427f17ea0b,suci mewangi,https://play-lh.googleusercontent.com/a/ACg8ocIOaY7dwu1Utn-aAOAMXTleAApucf2EtguMV423IH8aKiNJOw=mo,"ngelek2 terus, sampe hapus dan donload lagi berulang2 tetep gk bisa, sampe emosi",3,0,,2025-04-10 17:25:49,,,
26f60004-2d74-4599-a4bb-f9f63ec8dd13,Kapt Baon,https://play-lh.googleusercontent.com/a/ACg8ocKiAg0VdIqOydiV8a3CvcmxkiR_K42Lu3ewWQLb48LEbV8c-g=mo,paketan super seru udh 2 bln terakhir ini SANGAT BURUK Mahal nya doang lah SIMPATI,1,0,8.6.2,2025-04-10 17:19:10,,,8.6.2
0c90aef1-0f6d-4090-8aeb-85385570ba7e,Nur Alfiana,https://play-lh.googleusercontent.com/a/ACg8ocK35DihZ5Z1sLdkugP66IDJ9ViVAnKTbKJxpvF5DRp3zWH2-Q=mo,Aplikasi apaan ini tidak bisa di gunakan setiap di buka aplikasi dan mau cek pulsa atau data tiba-tiba langsung keluar sendiri aplikasinya,1,0,8.7.0,2025-04-10 17:17:39,,,8.7.0
2c405327-caa9-4f99-895c-b53b618920e6,Ivan Yermogoin,https://play-lh.googleusercontent.com/a/ACg8ocJ6s9qOlkcA7IY7LyMnJ-MdUHwQ7_EeVmxpvj7H7Rr98z3lqw=mo,saya senang,5,0,8.7.0,2025-04-10 17:17:31,,,8.7.0
25938903-30a7-45fd-8a06-3853c84591ee,anjar septian,https://play-lh.googleusercontent.com/a/ACg8ocLVdVyAjYvfgGvzKgLMJqp052hXzYpAr3HTJbB1nDXsk-_5Mg=mo,kacau habis hapus cache malah ga bisa di buka,1,0,8.6.2,2025-04-10 17:16:56,,,8.6.2
5c8ade87-b1d2-43a6-8150-348c3790a5f2,Harlan Setiawan,https://play-lh.googleusercontent.com/a-/ALV-UjWinNdSyaIEM2c9s2pU-53Y5yFEgkKMBDU28CIThlNvG6yloV85,lemot,1,0,8.7.0,2025-04-10 17:14:43,,,8.7.0
da911d94-3fa8-4bf6-b5ea-8d2650d636ea,Raden Awangga satria,https://play-lh.googleusercontent.com/a-/ALV-UjUaa_HKESH5i9kCpoXTcoJox9pLbKL8g6I9-Zsl-aj4ZNwizBqT,"Server lu benerin lah, gw beli kuota saldo ngurang kuota gamasuk, pake duit lu buat benerin server",1,0,,2025-04-10 17:14:24,,,
3ef7debf-29c4-4cb6-8ec9-12e6015d9e60,Gugum Gumelar,https://play-lh.googleusercontent.com/a-/ALV-UjXTg_KxypX6e5a8O3t5nVdZFejbs_2kKIPEPpJrARXqASmNMdNE,"ini gimana dah,,masa masuk ajh loading terus,,GX ada niat apa buat diperbaiki..buka aplikasi isinya bug doang",1,0,8.7.0,2025-04-10 17:13:43,"Hai Kak Gugum. Mohon maaf untuk ketidaknyamanannya. Untuk kendala gak bisa aktivasi paket, Kakak bisa langsung menghubungi kami di DM Instagram @Telkomsel atau hubungi kami di tsel.id/chatva. Semoga membantu. :) -Sekar",2025-01-18 02:30:33,8.7.0
b71d137f-72f9-4dd0-95bf-3683174236ba,Herman Herman,https://play-lh.googleusercontent.com/a/ACg8ocLCQ_T-cWOXJqMWuXkG4bmKj7vkzIWyE0nWPGjwzespB8pm=mo,burik banget masa GK bisa login,1,0,8.6.2,2025-04-10 17:12:38,,,8.6.2
2cb46685-3157-4fb4-8d24-fd8b4fbdd567,Alexander Lyold,https://play-lh.googleusercontent.com/a/ACg8ocLuJ46IBRlqBTU1oB_svhcYH98onDipj88BgjYp_JWtBm_PXQ=mo,abis update bukannya makin bagus malah sering force close. biasanya ga gini deh. Ram masih nyisa 8 GB-an & penyimpanan masih nyisa 300 GB-an tapi gini amat njir. udah hapus cache. hapus data trs install ulang tetep sama aja,1,0,8.7.0,2025-04-10 17:12:12,,,8.7.0
ead91a15-b8d2-4aae-96d1-d850c4a40466,Andri Noviansyah,https://play-lh.googleusercontent.com/a-/ALV-UjWr9HnaaB3YRDucxwf8crTabSTXlUDy_8lMTg3WC3abrLhjIeAx,apk sangat lelet cek kuota aja lama betul ga muncul2 mending apus aja apk begini,2,0,8.6.2,2025-04-10 17:10:15,,,8.6.2
d1185839-282c-42b5-bc65-a735be977045,Renata safira,https://play-lh.googleusercontent.com/a/ACg8ocISXlV6MBjcfa3q7ftVq3La6LOhv_lGT7Yt_ag86iBQksk83g=mo,"APLIKASI TOLOLLLLL, , ,SETELAH UPDATE LOG OUT TERUSSSS, , DONGOO DONGOOOOOOO",1,0,,2025-04-10 17:08:27,,,
9b25129d-3ead-4790-a9f0-c248a3cbda3b,Ferry Fernando,https://play-lh.googleusercontent.com/a-/ALV-UjWoDbm4-hHxfDDbIpzeiuL3aYvlc4FkQhgK1ujEI_1m-eDleX-c,mohon ditingkatkan lagi.,3,0,8.7.0,2025-04-10 17:08:00,,,8.7.0
d4f84f59-e1f9-436f-b324-10cf52d02520,Auu R,https://play-lh.googleusercontent.com/a-/ALV-UjU5daou6aLHOnsUQA5waoByFcN31PQ9LFpCQ58VQxa8dAaG1gI,paket pas habis mw isi ulang suruh update. setelah update keterangannya aplikasinya terdapat bug sehingga tidak dapat dibuka. hmm.. tolong tangani segera. terimakasih,1,0,7.5.0,2025-04-10 17:06:16,,,7.5.0
a2195275-0b94-4087-a449-198f3041070b,Wan Jr,https://play-lh.googleusercontent.com/a-/ALV-UjUivGPpkYunqN8RGePkRSfSddiHjcW94Je2rImickPIOudgU4It,"aplikasi terkhontol, jaringan full masih aja GK bsa refresh, klw tidak bisa buat aplikasi jangan maksa",1,0,8.7.0,2025-04-10 17:03:50,,,8.7.0
b18d96a4-8ff4-454a-b464-33d1ab4523e3,FEBRI YANSYAH,https://play-lh.googleusercontent.com/a/ACg8ocJ6JAaIprItu0-Qa4tGF3Ez6jf56MD94Dfd-nj2JyMUZ0-3Lw=mo,apk ga guna tolol apk kadang ga bisa di tekan,1,0,,2025-04-10 16:57:42,,,
bdc7382c-1779-4148-a81f-8cb6336cc702,MURSITO,https://play-lh.googleusercontent.com/a-/ALV-UjVEQcnR4u0owjGO6WrLz7fDxNwDyh9PhmhcxMSCEGbnxpLXsZ8,"HARGA MAHAL , SINYAL LEMOOOT ASSSHU, malah jadi sampah ini aplikasi ..... Dah gua pindah ke Yang lain aja .... ogah make Tsel , lemot Apk nya gajelas juga , harga mahal juga suuu",1,0,8.7.0,2025-04-10 16:57:10,"Hai, Kak Mursito. Maaf banget ya jadi gak nyaman, terkait keluhan pada tarif paket layanan dan sinyal lemot. Yuk segera hubungi Mimin melalui fitur bantuan di DM Instagram @Telkomsel atau kirim email ke cs@telkomsel.com untuk dibantu lebih lanjut. Mimin tunggu ya kak. Makasih :) -Edo",2024-06-07 11:43:23,8.7.0
6f459ba9-6d96-4ab0-94de-eb13ccfce61f,Mira Waty,https://play-lh.googleusercontent.com/a/ACg8ocJW0B3epbpUZGY1rCYWuVm0u_FxynNnYo6gJlNSEMJSHhJgmg=mo,cukup baik,5,0,8.7.0,2025-04-10 16:55:40,,,8.7.0
5cee63ce-dd3c-4805-a637-d97afdf3345c,Mall Byhqi,https://play-lh.googleusercontent.com/a/ACg8ocKY4XHO9nRh2FpY0T4C-WQMvZadb7Y_aBGJLuD0tOqgkt9rvA=mo,"Tlng optimalin lgi, kasian yg HP nya ga kuat buat aplikasinya kerasa berat bgt",1,0,8.7.0,2025-04-10 16:55:36,"Hai Kak, Mohon maaf untuk ketidaknyamanannya ya, silakan coba cara berikut ya Kak:
1. Clear cache aplikasi
2. Force close aplikasi
lalu coba login kembali, apabila masih mengalami kendala, silakan hubungi kami melalui DM Instagram @Telkomsel atau chat di tsel.id/chatva. Semoga membantu. :) -Edo",2025-03-03 08:08:12,8.7.0
3560dc22-a3d3-428c-896e-9514e73ae0b8,Asman Tuko,https://play-lh.googleusercontent.com/a/ACg8ocI_Wte4k5O4CI46VNCpXy2O9J1jp5ML77GCrZn0BhO8N6VP8w=mo,"semakin hari aplikasinya semakin lelet, dan jaringan telkomsel data juga, semakin hari semakin bertambah jelek",1,0,,2025-04-10 16:53:07,,,
a7e43853-ed40-421b-a9d8-0372e38edd4e,Deris Na,https://play-lh.googleusercontent.com/a-/ALV-UjW8BvzH1D6_g7ULCCjaXy9yn8Rk9_uc2zGriRF3ExM9C8SXRFwR,ngising,5,0,8.7.0,2025-04-10 16:47:11,,,8.7.0
bb66cc5e-70a1-4ea5-8ec1-f26d3f434d3a,Aldinsastrawan Gulo20,https://play-lh.googleusercontent.com/a-/ALV-UjU73rexObbc3FH99Y0wsktp4PO-e3YFlTXK-yqi51HukniUI2I,aplikasi cacat mending hapus aja kalau gak ada fungsi,1,0,,2025-04-10 16:45:22,,,
42267209-7b1b-475b-aca9-267f39aae122,agusno permadi,https://play-lh.googleusercontent.com/a-/ALV-UjXHK4KstyG5Vv6yiZTRRg-l95ZVNQMptUHOASRDU6SIx5OVsuY,"niat bikin apk gak sih, apk kok macet terus gk bisa di pakek apa2",1,0,8.7.0,2025-04-10 16:44:38,,,8.7.0
6e8a76bf-ebbe-4001-887b-de79c3c07475,Rizwan Gunawan,https://play-lh.googleusercontent.com/a/ACg8ocLvi3Xh8YoI3lDsEnn5G-RzV2S-2wR2YS4VB97FC788GVn1yg=mo,kenapa di hp Infinix hot 12 play aplikasi terhenti terus ? baru kali ini pake Telkom ke gini,1,0,8.7.0,2025-04-10 16:44:29,,,8.7.0
c844d77c-c796-4a66-bb59-d0631b70ea61,Funi Sintia,https://play-lh.googleusercontent.com/a/ACg8ocLm5kfWuP2o7_9rVJR7ufhCcZQeDTqjlb6C8KV4BkA9ypJyYg=mo,Keluar seniri,1,0,,2025-04-10 16:43:16,,,
bff1689b-ec27-4d9f-910b-f57acabae2fc,panca jogja,https://play-lh.googleusercontent.com/a/ACg8ocIwxyZgMs1zF5GYfPGogQwMJek48p4QA6dAl273UgFc_ZRCdw=mo,Sangat jelek dan sering error leleeet poool.,1,0,,2025-04-10 16:41:50,,,
ec2969c1-8d7a-49a1-997c-373f06149bed,Dormitory Reservation,https://play-lh.googleusercontent.com/a/ACg8ocJOPlKGuXFP4yCTR94yOvhWrIOf188Bf-KZ99kzLvGpHnxvEA=mo,"aplikasi apa ini, force close terus 😡",1,0,8.6.2,2025-04-10 16:40:51,,,8.6.2
cbbba24e-c226-4c8b-933c-baedb138d40c,bujankg pabaraz,https://play-lh.googleusercontent.com/a/ACg8ocJlZLfSwCQAMXLyISxUv4wEmfT7xuVKZLngQHjsJa2uko-o8w=mo,"aplikasi rusak suka keluar terhenti sendiri,",1,0,,2025-04-10 16:38:04,,,
e723f33e-63d6-46d8-914e-f0263f9a6565,Iqbal 1,https://play-lh.googleusercontent.com/a-/ALV-UjXcauWroK5ohMAjfNZH64n-r-qzb8FkVlw_dZG8Fe_3qFa68m4,"makin sini bukanya makin lancar malah makin ngeleg sinyal nya padahal udah komplain lewat DM Instagram tapi sama aja tuh sinyalnya, udah di suruh restart hp juga, masih tetep sama sinyalnya ngeleg eh besoknya malah tambah ngeleg. mau nya apa si telkomsel ini",1,0,8.6.2,2025-04-10 16:27:45,,,8.6.2
785e18db-28ef-4f80-b32c-b1889e6ec154,Alfha Reza,https://play-lh.googleusercontent.com/a/ACg8ocI0PHj692bpoYNanxdylin8MsgiHtwAj4qFOQ01Kdcdg_ox-g=mo,"mohon dibantu kebijakan, saya tidak merasa berlangganan, tapi kenapa uang saya ditarik otomatis dari DANA saya, mohon pengembalian saldo sana saya 300.000 saya sangat membutuhkan nya",1,0,8.6.2,2025-04-10 16:22:09,,,8.6.2
b8845e35-a76a-4c38-8644-77cb2969e9f0,Husain Maulana,https://play-lh.googleusercontent.com/a-/ALV-UjUEBsgv1LUXKmBO2SfzU0WvZORUP7SWzUGuGXYeokeo5miB5aY,mahal2 tidak berguna,1,0,,2025-04-10 16:22:01,,,
27dc3a3e-f759-44f1-9f38-56b5a038d2ec,Philip,https://play-lh.googleusercontent.com/a-/ALV-UjXPH_NB9wdFutbZKpuacPjfsHlB9usdNOJuguX3NzSg-0cU61vC,gk bisa lebih ngelag lagi jaringan klian? tanggung kali,1,0,,2025-04-10 16:17:54,"Hai Kak Philip, Mohon maaf untuk ketidaknyamanannya, silakan coba restart handphone kakak. Apabila masih terdapat kendala silakan hubungi kami di DM Instagram @telkomsel atau chat di tsel.id/chatva. Semoga membantu. :) -Edo",2025-03-29 05:58:29,
81ae3f66-3074-4d3d-9b95-700ce0dbd886,Osca Nababan,https://play-lh.googleusercontent.com/a/ACg8ocJ26m1UMEnsGMLShi7V2H5h_dqmTALjgRCnfXC5iWd4Bf5n5w=mo,banyak bug nya karna setiap pembelian selalu terjadi masalah apalgi pas saya mau nyambungin ke dana ituu slalu terjadi masalah,1,0,,2025-04-10 16:16:35,,,
f5828884-7d55-4f04-b22c-f39e8d7fe1d8,Pazri akim sitorus,https://play-lh.googleusercontent.com/a-/ALV-UjUTYnV7VHjynICZB8LIgVObDq8XFz1EJV47PnNXG4CIvJR-mie0,1 bulan tidak ada perbaikan sama sekali. kualitas kinerja sungguh buruk. bahkan mengecewakan pengguna. sungguh sangat di sayangkan,1,0,8.6.2,2025-04-10 16:16:18,,,8.6.2
a7e8d3c3-f052-42ba-bca2-4348c97b86b1,KP - Rizki Aditya Fadilla,https://play-lh.googleusercontent.com/a-/ALV-UjWwNCiIdkghMwXBe9MoCpT1EPimEn0AU9Wk2XIsZmIFtkH99UeK,"app mu gimana sih? makan uang kuat ngehasiljn internet kayak sampah,buka app aja lambat banget kocak",1,0,8.6.2,2025-04-10 16:15:31,,,8.6.2
455739df-fc15-42f6-92ac-f9b2a513a2cd,Bahrul Ulum,https://play-lh.googleusercontent.com/a/ACg8ocIKftDIh5dcV6IXGDXYoF9mxr8-zbzlhSrJfUWyG9cjk0U8-g=mo,aplikasi nya gak bisa di buka setelah ku updet,5,0,,2025-04-10 16:14:16,,,
728be7d8-cd15-4201-898a-d26c668e76f1,Rusnik aj Tns,https://play-lh.googleusercontent.com/a/ACg8ocIEUrVuNxvJYiyfNKxI3_b-vfTe4Ki4102PxAsMzPb2GJhVow=mo,Ganggun jaringan trus merugikan pelanggan.tiap hari hilang singal.,1,0,8.7.0,2025-04-10 16:11:05,,,8.7.0
0c7f8fcb-5a47-4796-a0bb-9c6a978697f0,aqlal lubada faisyar,https://play-lh.googleusercontent.com/a-/ALV-UjWGXYIruHqo0TPiaUpXqaybAOcO9yWSGQFG07XC6MAVhSDLnbc,Aplikasi lemot,1,0,8.7.0,2025-04-10 16:10:44,,,8.7.0
c68ed499-ae7c-464a-9bf1-1797ed704dd2,Driixy08 _,https://play-lh.googleusercontent.com/a/ACg8ocKpGZblPbMfO-tj9oK1gJdjI1EmHlVISG-J0OMIYgMWRY4SvV4=mo,"pas pertama pake suka banget sama Telkomsel, paket internet nya banyak promo terus murah-murah juga. Tapi sekarang pada mahal banget, terus kebanyakan paket nya menurut ku ga menarik. Tolong ya mytelkomsel jangan mahal-mahal hhhehehe. aku tuh suka beli yang 10k tapi skrng yang 10k GB nya sedikit, terus masa aktif paketnya sebentar",3,0,8.7.0,2025-04-10 16:09:30,,,8.7.0
13bb5381-5871-40bb-aa31-b81e8a1b0169,O P A,https://play-lh.googleusercontent.com/a-/ALV-UjWQJauHOCye4s3svCrWryemlIfEsHX8HTuH8_jtjXg1KDkpA5Nprg,koq malah berat aplikasinya muter mulu,3,0,8.7.0,2025-04-10 16:08:56,,,8.7.0
3f9dc9e7-4a2a-4d05-b48f-664fc4bf434d,Zahri N.A,https://play-lh.googleusercontent.com/a-/ALV-UjXLiz2_Gr065ffDLu9-weH-Wa32s20gsDlBIPNvODwHMBW6kQx2,apk bego kudu instal ulang terus,1,0,8.6.2,2025-04-10 16:04:54,,,8.6.2
8e0015da-5ab8-493c-b74e-0d66ac7acc08,najilal furqon,https://play-lh.googleusercontent.com/a-/ALV-UjVlxGEJX0dSp5CkMY4mic2hqpLV1uTYokHcyH8kyCgTjWXTnCBM,"aplikasi tidak membantu, sudah beli paket internet, pulsa masih terpotong, aneh",1,0,8.6.2,2025-04-10 15:56:33,"Hai Kak Najilal. Mohon maaf untuk ketidaknyamanannya, karena kami memerlukan informasi lebih lanjut untuk membantu Kakak perihal keluhan pulsa tiba-tiba terpotong, silakan hubungi kami di DM Instagram @telkomsel atau hubungi kami di tsel.id/chatva. Semoga membantu. :) -Ken",2025-04-10 16:05:51,8.6.2
ed52f4de-2951-431b-9d5b-ae60572e06f0,Rafael Dilego,https://play-lh.googleusercontent.com/a/ACg8ocJ1GY__6nvph0E8UV5_pU89Ibppc-9LEzHflz5jLOQPTQ7xlw=mo,Telkomsel barusjahe towernya antena radio ya? jaringannya macam siluman timbul tenggelam,1,0,8.2.0,2025-04-10 15:49:21,"Hai Kak Rafael. Mohon maaf untuk ketidaknyamanannya, untuk kendala jaringan lemah/gak stabil silakan coba restart handphone Kakak. Apabila masih terdapat kendala silakan hubungi kami di DM Instagram @telkomsel atau hubungi kami di tsel.id/chatva. Semoga membantu. :) -Ken",2025-04-10 16:06:56,8.2.0
c2d89b00-51bc-4508-9ae7-57b220354d7e,Ahsany Fahrezi,https://play-lh.googleusercontent.com/a/ACg8ocKd-5uNCx8Ej8c2ErGRvnPeOlxgkO-gnf7lAZGbOmS-bewrcQ=mo,telkomsel sekarang sangat mengecewakan jaringan nya,1,0,,2025-04-10 15:48:45,"Hai Kak Ahsany. Mohon maaf untuk ketidaknyamanannya, untuk kendala jaringan lemah/gak stabil silakan coba restart handphone Kakak. Apabila masih terdapat kendala silakan hubungi kami di DM Instagram @telkomsel atau hubungi kami di tsel.id/chatva. Semoga membantu. :) -Ken",2025-04-10 16:09:28,
5f0e786f-37b9-4e9a-9b26-a4b457bd6086,Fathir Anugrah,https://play-lh.googleusercontent.com/a/ACg8ocKMucHHgNcqqEXjALjTn07eEbU8r7-k6aRbvteru6A7NTNt3Q=mo,"udah mahal,ngelag² an,promosi jarang lagi.kadang ngelagnya ga jelas,padahal ruangan yang ga tertutup banget loh bisa bisa nya nge lag ADUH GIMANA SIH Buka apk juga kadang kalo lagi ngelag tanpa alasan bisa sampe 10 menit",1,0,8.7.0,2025-04-10 15:46:25,"Hai Kak Fathir. Mohon maaf untuk ketidaknyamanannya, perihal keluhan akses internet lambat silakan coba restart handphone KakaFk. Apabila masih terdapat kendala silakan hubungi kami di DM Instagram @telkomsel atau hubungi kami di tsel.id/chatva. Semoga membantu. :) -Ken",2025-04-10 16:08:32,8.7.0
8860b8a0-b1a8-4bed-8776-d73ce8e6c53a,Prima Alfian,https://play-lh.googleusercontent.com/a/ACg8ocJ9SuiBtVAQY2M4jClfn2AhDaPhjJJHApIpWhnJckWnc15UKg=mo,"apk sering ngelag, sinyal gk pernah stabil",3,0,8.6.2,2025-04-10 15:42:43,,,8.6.2
b9f018b0-e1c0-45b0-b9c6-3f65e02498ef,Moh Afandi,https://play-lh.googleusercontent.com/a-/ALV-UjVIhlx-sYXHPNMpwIUI7L-LGI7aLM6-g5VcQ5xDb57hNABctgU,luar biasa,5,0,8.6.2,2025-04-10 15:41:54,,,8.6.2
801c22ab-bfb6-4755-a6d3-259ce76d59b4,Dwi Aliana,https://play-lh.googleusercontent.com/a/ACg8ocJh96tEGcVrwnwV9lhjib1ilBUL8iirHMEjiu0EfmYfuqNO=mo,"jaringan nya skrg lelet, sia"" beli mahal"" tapi lelet👎🏻mengecewakan",1,0,,2025-04-10 15:39:58,Hai Kak Dwi. Maaf banget ya. Silakan akses aplikasi MyTelkomsel untuk mendapatkan lebih banyak pilihan dan penawaran paket datanya ya. Untuk keluhan akses internet lambat silakan coba restart handphone Kakak. Jika masih terdapat kendala silakan hubungi kami di DM Instagram @telkomsel atau hubungi kami di tsel.id/chatva. Semoga membantu. :) -Ken,2025-04-10 16:09:10,
066f436e-8158-42ee-840c-df4afb51c787,Lutfi Hasblloh,https://play-lh.googleusercontent.com/a/ACg8ocL0viLqbzXvH2t6TvEZZUuO6UZrwBhjI1KJVbdPfkKK5Xjpbg=mo,paketannya nambah mahal mana kuotanya boros banget di banding kartu lain + jaringan suka kureng,2,0,,2025-04-10 15:39:27,,,
7f2e8ce2-5b53-4ae9-87d6-a6fd474ee1fe,Umar Umar,https://play-lh.googleusercontent.com/a-/ALV-UjUEFWcHm50bu1Jd-7pnk7XVH_T6-yiWt0hgzE3MUG45mE2HpVzS,"tidak usah diisi pulsa klo tiba tiba stiap isi pulsa terpotong,paket data internet menelanya seperti angin tuuuuuuuuuuuuurrrnado di as terimakasih",5,0,8.7.0,2025-04-10 15:36:27,,,8.7.0
2e905db2-b353-4d0e-95d1-e5b80df5bf4a,Mayang Agustriani,https://play-lh.googleusercontent.com/a/ACg8ocLStBJUgh6Yr25pIqdUCVG6yeLXFmODr2KtP6ZDDkIUW7lOGg=mo,Ok,5,0,8.7.0,2025-04-10 15:30:47,,,8.7.0
92609cca-fba5-450d-a7c0-e5733c922162,Muhammadcatur Adisyahputra,https://play-lh.googleusercontent.com/a-/ALV-UjWdJvFeOdF11389FfVOxTuYq0nVjwpW29eubjnU-4iasyvaaw,mahal doang sinyal ngeleg,1,0,8.6.2,2025-04-10 15:28:29,Hai Kak Adisyahputra. Maaf banget ya. Silakan akses aplikasi MyTelkomsel untuk mendapatkan lebih banyak pilihan dan penawaran paket datanya ya. Untuk keluhan akses internet lambat silakan coba restart handphone Kakak. Jika masih terdapat kendala silakan hubungi kami di DM Instagram @telkomsel atau di tsel.id/chatva. Semoga membantu. :) -Ken,2025-04-10 16:10:21,8.6.2
86402c1b-425e-4b13-90d1-879a0845bb81,Hendro laksono,https://play-lh.googleusercontent.com/a-/ALV-UjUFZckR1x2cIeOzzT_Ep_l_FtD8PlBlBdWPuOsndHhtOMKYMKAg,jaringan internet malah jelek sekarang,1,0,8.6.2,2025-04-10 15:27:29,"Hai Kak Hendro. Mohon maaf untuk ketidaknyamanannya, untuk kendala jaringan lemah/gak stabil silakan coba restart handphone Kakak. Apabila masih terdapat kendala silakan hubungi kami di DM Instagram @telkomsel atau hubungi kami di tsel.id/chatva. Semoga membantu. :) -Ken",2025-04-10 16:11:24,8.6.2
d6adb450-a019-4d5d-9dd1-92e3e17ca46f,Juggg Nu,https://play-lh.googleusercontent.com/a-/ALV-UjWmIYtw8At6ds92MVjVQ3LWAFPLC3FkPPfWGANIu4Shzzf2wKk,"""Bye-bye ribet, sekarang waktunya makin sat-set di MyTelkomsel!"" DI UPDATE MALAH MAKIN LAG",2,0,,2025-04-10 15:26:30,,,
aeed9475-341a-4fae-a3db-1f12b4d1e14e,PADLI,https://play-lh.googleusercontent.com/a-/ALV-UjXez2xiR9OknT6BVyiaglxiwY-VxRU0FE7n8el7p0QuoLFieKpS,jaringan lelet di banding sinyal sebelah jauh lebih kencang,2,0,8.7.0,2025-04-10 15:24:29,,,8.7.0
7f201ee2-f104-4d50-a127-91fffeebb432,Febri Arfian,https://play-lh.googleusercontent.com/a/ACg8ocImdBxiyibGbRs4m1hkQW_AAkwUgVZG4uRBJChAalTZ2KqUfQ=mo,cuma mau cek Kouta saja ga bs masuk...,1,0,,2025-04-10 15:23:15,"Hai Kak Febri. Mohon maaf untuk ketidaknyamanannya ya, silakan coba cara berikut ya Kak:
1. Clear cache aplikasi
2. Force close aplikasi
lalu coba login kembali, apabila masih mengalami kendala gagal login, silakan hubungi kami melalui DM Instagram @Telkomsel atau hubungi kami di tsel.id/chatva. Semoga membantu. :) -Ken",2025-04-10 16:11:59,
41e0f76d-37e9-4bc2-971b-664983755d78,Dheo 14,https://play-lh.googleusercontent.com/a/ACg8ocKuPviyfsr9_3SW9Hc9YGmcWK82usAY0wcptEWvbzskC1HdpQ=mo,"komplain panjang lebar yg nanggepin sekelas BOT ya mana mampu menemui titik terang akar masalah nya, tolong dong ditingkatin lagi dibagian CS nya klo minta chat CS ya tolong dikasih ke bagian CS langsung bukan diserahkan kepada BOT nanti cuman diarahin begini begitu tanpa kejelasan yang pasti",1,0,8.6.2,2025-04-10 15:21:22,,,8.6.2
25f107c4-ff2b-4760-98af-8d02b9aa0a7f,Speed Man,https://play-lh.googleusercontent.com/a/ACg8ocJZl0xb1ja-bEJAMdDTetyHhAn87o4C27VX7YyLy2jF1d117A=mo,apk bagus banget,5,0,,2025-04-10 15:18:43,,,
7cc7ea7c-1391-4966-98e8-852d2d3db4ac,D Deo,https://play-lh.googleusercontent.com/a/ACg8ocLjjzgPVSbOp29dfyH4-dpiDVe4wQ1CQuwbadrepPtu_mPF-AY=mo,"aplikasi error, tidak bisa di pencet",1,0,8.6.2,2025-04-10 15:18:42,"Hai Kak Deo. Mohon maaf untuk ketidaknyamanannya ya, silakan coba cara berikut ya Kak:
1. Clear cache aplikasi
2. Force close aplikasi
lalu coba login kembali, apabila aplikasi MyTelkomsel masih mengalami kendala gak bisa diakses, silakan hubungi kami melalui DM Instagram @Telkomsel atau hubungi kami di tsel.id/chatva. Semoga membantu. :) -Ken",2025-04-10 16:14:28,8.6.2
4f8ec69b-7387-4fb3-bce8-7cd569b3455e,Ari W_poetra,https://play-lh.googleusercontent.com/a-/ALV-UjVE_kVoMj3MbfoJo1gUcW491WdQ4ORsw1IFftr1ggaWiB4EZ5Q,jaringan tidak stabil d kendal jateng,1,0,,2025-04-10 15:16:44,"Hai Kak Ari. Mohon maaf untuk ketidaknyamanannya, untuk kendala jaringan lemah/gak stabil silakan coba restart handphone Kakak. Apabila masih terdapat kendala silakan hubungi kami di DM Instagram @telkomsel atau hubungi kami di tsel.id/chatva. Semoga membantu. :) -Ken",2025-04-10 15:53:53,
de19a3a6-3e54-4935-a665-793ef17b4f16,Rafi Kurniawan,https://play-lh.googleusercontent.com/a/ACg8ocJVQAUB-4kcGFXIsDaM9lH36IIuak6aQtLAzuRjdgRmCZ_G_A=mo,"makin lama makin berat, pop up lu berat stak di ahalaman utama koneksi internet 0,00k/s",1,0,8.6.2,2025-04-10 15:11:51,"Hai, Kak Rafi. Mohon maaf untuk ketidaknyamanannya ya, apabila aplikasi MyTelkomsel terlalu berat di handphone Kakak, silakan coba unduh MyTelkomsel Basic. Aplikasi ini sudah tersedia di PlayStore. Apabila masih mengalami kendala, silakan hubungi kami melalui DM Instagram @Telkomsel atau chat di tsel.id/chatva. Semoga membantu. :) -Ken",2025-04-10 16:15:23,8.6.2
57bef950-fd96-4c7e-a2c5-c37b0db402f7,Agung setiawan,https://play-lh.googleusercontent.com/a/ACg8ocJ_1yFmxFQ2jz8EFye0MWtI-U4nXzUTXX6vH3dN_HzlmIlgpg=mo,jaringan ngeleg kouta udh mahal padam listrik sinyal ilang ya allah telkom telkom,1,0,8.6.2,2025-04-10 15:10:53,Hai Kak Agung. Maaf banget ya. Silakan akses aplikasi MyTelkomsel untuk mendapatkan lebih banyak pilihan dan penawaran paket datanya ya. Untuk keluhan sinyal lemah silakan coba restart handphone Kakak. Jika masih terdapat kendala silakan hubungi kami di DM Instagram @telkomsel atau hubungi kami di tsel.id/chatva. Semoga membantu. :) -Ken,2025-04-10 15:21:43,8.6.2
8e9dadfd-ee83-4b37-b3bb-2cda3ee0d016,Dina Febriza Atmaja,https://play-lh.googleusercontent.com/a/ACg8ocKl-EqfI_cmIEWGyrzn9sNSN_qm9KL6WJd8sPOUjS_log1-IyA=mo,"pulsa sering terpakai sendiri atau berkurang. padahal pulsa tidak digunakan, kartu ini juga tidak dipakai untuk internetan. sayang sih, kenapa kualitas kartunya begini. jaringannya juga suka mati saat mati listrik.",1,0,8.6.2,2025-04-10 15:08:09,,,8.6.2
e94d7b5b-01a5-4d4c-b250-7b2c42d55ad1,Hendri Ferdi,https://play-lh.googleusercontent.com/a-/ALV-UjXp9aY8mJrDGTOtzb8JArerCYErQwd2BSKsrbz6XQn0tDHi4Atb,"2025 udah tapi jaringan busuk. buruk. lelet lemot padahal di kota lokasi saya. buka aplikasi telkomsel pun sulit. system makin canggih apa2 pakai internet,,eeh malah provider ternama yang lelet. gini amat kualitas telkomsel. 4G nya aja lambat gimana 5G nya. hadehh",1,0,8.0.1,2025-04-10 15:03:10,"Hai Kak Ferdi. Mohon maaf untuk ketidaknyamanannya, silakan coba restart handphone Kakak. Apabila masih terdapat kendala silakan hubungi kami di DM Instagram @telkomsel atau chat di tsel.id/chatva. Semoga membantu. :) -Sekar",2025-03-31 23:25:51,8.0.1
8e2d6d61-cee8-4b0f-b3e0-3b3d91a2587c,Ikram Mulyana,https://play-lh.googleusercontent.com/a-/ALV-UjW2oqTpxdtmpZ1VbzId_l1HP8sCPPmG4CBYqZXoPrnfAPy7xVY,sangatttttt membantu,5,0,,2025-04-10 15:02:45,,,
8743b061-33c6-412e-b559-a54ef3bee4ae,Mohamad K rajak,https://play-lh.googleusercontent.com/a-/ALV-UjUaKW1VIkZ81NlIhId_TRKfdIpokTaf53-_xj303XXXjYpqjMc,"Telkomsel mengapa saya baru apdet, Pas saya mau login tidak bisa?😌😈",5,0,8.2.0,2025-04-10 15:01:54,,,8.2.0
c8b0c81d-3de5-4cca-b024-d32ba0122a73,Farhan Wes,https://play-lh.googleusercontent.com/a-/ALV-UjXzzy8_fTwqSxsAuQ-h8l-brmBzfZlqJQMgalKNfcJUy-FGn4qM,"saya pengguna baru telkomsel, apakah tidak ada batas pemakaian kuota? bahkan posisi kuota penuh pulsa pun masih berkurang tanpa ada pemberitahuan. udah jaringan suka ilang, aplikasi kebanyakan fitur bikin berat hp aja",1,0,8.6.2,2025-04-10 15:01:24,"Hai Kak Farhan. Mohon maaf untuk ketidaknyamanannya, untuk kendala jaringan lemah/gak stabil silakan coba restart handphone Kakak. Apabila masih terdapat kendala silakan hubungi kami di DM Instagram @telkomsel atau hubungi kami di tsel.id/chatva. Semoga membantu. :) -Ken",2025-04-10 15:54:19,8.6.2
b7537caf-c07f-4fc7-afd9-750ec968a885,SHAMSI ANTONY,https://play-lh.googleusercontent.com/a-/ALV-UjUOjEtgBmIrjWLCKw2LTuNBfK-bgBxgykEGOucj9c_Tvf8bu_NQ,jaringan y lilit kayak Kiong..,1,0,,2025-04-10 14:48:56,"Hai Kak Shamsi. Mohon maaf untuk ketidaknyamanannya, untuk kendala jaringan lemah/gak stabil silakan coba restart handphone Kakak. Apabila masih terdapat kendala silakan hubungi kami di DM Instagram @telkomsel atau hubungi kami di tsel.id/chatva. Semoga membantu. :) -Ken",2025-04-10 15:54:54,
b353dc54-623a-4592-9c85-bb98cdaf45a1,Muhammad Ishaq,https://play-lh.googleusercontent.com/a-/ALV-UjVwCCIswCMkrmyG0Mv9x1fFIznR-Z6_a52wK5PcW-Pqw8YIGQ3g,jaringan kek t..ik. gak stabil dari tahun ke tahun bukan makin bagus malah makin ancur. dah lah mahal. 🤨😠,1,0,8.7.0,2025-04-10 14:48:53,Hai Kak Ishaq. Maaf banget ya. Silakan akses aplikasi MyTelkomsel untuk mendapatkan lebih banyak pilihan dan penawaran paket datanya ya. Untuk keluhan jaringan lemah/gak stabil silakan coba restart handphone Kakak. Jika masih terdapat kendala silakan hubungi kami di DM Instagram @telkomsel atau di tsel.id/chatva. Semoga membantu. :) -Ken,2025-04-10 15:21:31,8.7.0
b18fed5a-f9c6-4302-b56e-62e33c7f405e,Kafit Tzy,https://play-lh.googleusercontent.com/a/ACg8ocL7mDH1gzNX26jQyqfzRq5RgWKsq-r_N7sHTo7BuJy4oI-KrnE=mo,d gawe login ngelag opo maneh d gawe maen haduhhh gak habis pikir aku susah susah naikin level eh gatau nya pas d gawe maen ngelag haduh parah beut dahhh,1,0,8.6.2,2025-04-10 14:43:53,,,8.6.2
dc355b44-2634-43ae-9cfa-42d5ba94f6e7,Fikri Ghozali,https://play-lh.googleusercontent.com/a-/ALV-UjVqVJ-hJo09GIPbKQbgFQHW3iSNqFodIBJOfFc6dUBUUbYFwvfU,"bermasalah terus tiap buka, solusinya paling hapus data, sudahnya balik lagi penyakitnya, development apk busuk",1,0,8.6.2,2025-04-10 14:42:03,,,8.6.2
c476a63c-cff2-4d92-a5f3-eb20a1000a9e,Chaerul Rasyid,https://play-lh.googleusercontent.com/a-/ALV-UjW1IxgP9gUErQhwhL_uUSRQXJT11d79od5gcQH4Azy6UI8-PTdv,"kalau udah kambuh penyakitnya harus hapus data dulu, login ulang lagi baru bisa dipake apk nya. apalah perbaiki sebelum pada pindah provider",1,0,8.6.2,2025-04-10 14:40:42,,,8.6.2
394a9ba6-ca1b-4c21-8ec1-cca2652ccba6,No Name,https://play-lh.googleusercontent.com/a/ACg8ocKUNDTJlxsO47so4FWqDsmAJNJU2M9cOK-N04iICn43sRRoSA=mo,"Kenapa pas beli kartu baru yang sudah aktif ada tertera dikemasannya kuota aktif 30 hari dan setelah dicek diaplikasi malah Hany aktif 20 hari atau 3 mingguan aja bukan 30 hari dan ini udah berulang kali terjadi. Bukankah, penipuan kalau begini",1,0,,2025-04-10 14:36:54,,,
407020e8-e7c3-42bc-aaaa-db7879c25b3f,taufik rachmawan,https://play-lh.googleusercontent.com/a-/ALV-UjXWVk3UCb0coTWuLLBabR7AhfAz1-tGygXkOwWAYcnfTGA3G8fwbA,ok,5,0,8.6.2,2025-04-10 14:30:43,,,8.6.2
558f81bb-fab2-475b-af97-0a9509793791,wiwit purnoma,https://play-lh.googleusercontent.com/a/ACg8ocL2fPmWXIXdgLJgE8DKXul4wzhb5OA2mC4wkv8Z_5ToJs4DsA=mo,"lama lama kaya AXIS nih jaringan suka tiba"" down tuh jaringan... udh mah paketan nya mahal gk bisa di pake kocak",1,0,8.7.0,2025-04-10 14:28:29,Hai Kak Wiwit. Maaf banget ya. Silakan akses aplikasi MyTelkomsel untuk mendapatkan lebih banyak pilihan dan penawaran paket datanya ya. Untuk keluhan jaringan lemah/gak stabil silakan coba restart handphone Kakak. Jika masih terdapat kendala silakan hubungi kami di DM Instagram @telkomsel atau di tsel.id/chatva. Semoga membantu. :) -Ken,2025-04-10 15:40:05,8.7.0
cec66ce3-12f5-4ae6-bb65-f56a1317024e,Farel Aditya,https://play-lh.googleusercontent.com/a/ACg8ocLqJSgmVWAEI74DvAaZU947H60tBSXJsZORclYow3GOIf3eSg=mo,maaf ni buat developer nya ini gimana ya konsepnya saya beli paket yg katanya unlimited yang 10000 untuk 1 hari tapi kok dapet kuota nya 15 GB maksudnya gimana tau kan arti dari unlimited gk abis abis tapi kok ada nominal paketnya 15 GB tolong buat developer nya mohon dibenerin kalau gk mau ngasih paket unlimited jangan dikasih nama paket unlimited kasih yang sesuai dgn paketnya merasa dirugikan kalau kek gini mohon buat developer nya dibenerin,2,0,,2025-04-10 14:28:15,,,
dc77b151-4979-429e-a9f7-5fda51bb4f7d,El Nino,https://play-lh.googleusercontent.com/a/ACg8ocLVyNQ8RTfc7E1GYf_Pdcyq257TRfGZ6wby4mGGBY5DzKiVQg=mo,"aplikasi tolol amat dah,,,mau masuk aja susahnya minta ampun,,,kalau caramu gini pelanggan lu pada kabur,,,,sinyal juga sekarang dah nggak kaya dulu lagi,,sering gak ada jaringan,,,,",1,0,8.6.2,2025-04-10 14:26:45,,,8.6.2
43519f22-23f7-4615-9335-9336275e3871,Hasbi Rosyadi,https://play-lh.googleusercontent.com/a/ACg8ocJEvRkCvSYLWiIIjq1Fb5qO6-YrYC-sP97Hpvv25akqlO5o1w=mo,"aplikasi seeing eror, orang juga mau lihat kuota tinggal berapa malah ngebug",1,0,,2025-04-10 14:25:13,,,
b74f6f1e-4768-4d2a-87b3-5e158c3f17ba,AK Chanel,https://play-lh.googleusercontent.com/a/ACg8ocJxM5wCqihaIBsECaAcRTVuWeWEltA1mm4Lb1-FKGO8NlOhUw=mo,teknologi sekarang semakin canggih tapi Telkomsel kecepatan internet makin lelet sinyal makin lemah sangat mengecewakan.,1,0,,2025-04-10 14:24:59,,,
6a404168-72e9-4b05-84ac-1b6abe99afe8,FIRMANSYAH ADE WINATA GURU SINGA,https://play-lh.googleusercontent.com/a-/ALV-UjVm0RgrIuC2Ci-OizRuxZvzANBzMMRkbVObqCU5bqkekDK61cw,tidak mantap SL punya kuasa,1,0,,2025-04-10 14:24:49,,,
8d521768-5023-4706-95ea-81d6fbe1ca4c,Ady Leceng,https://play-lh.googleusercontent.com/a-/ALV-UjWv5kr5SvbMALY_A9_oc1VscirqotIkCtPv06RQlph6uu5Rjuvj,aplikasinya ini mbok yo di perbaiki masak mau cek data aja lemotnya minta ampun,1,0,,2025-04-10 14:18:46,,,
ff1e04f4-2ba0-4813-8352-05d6c5e7aa60,Nizam Adityawirawan,https://play-lh.googleusercontent.com/a-/ALV-UjXPWDgCse8iyvZ0Jv0Subbk1RrXYKMoy5sqLR7KmoSWoEt-nSJFlg,"apk kocak !!, mau cek kuota loading mulu waduh min min perbaiki plis min",2,0,8.7.0,2025-04-10 14:16:54,,,8.7.0
db4c4758-3878-4d24-9275-96ed9d118b32,Indra Alamsyah,https://play-lh.googleusercontent.com/a/ACg8ocKdCb1zDqosO4uQU0AFS0BFA148Jisp9SgjHuY-3Lzs6MLwSQ=mo,kuota mahal ngga jelas jaringan nya udah fix ganti nomor aja. udah jelek banget nih kartu,2,0,,2025-04-10 14:16:36,,,
fa31f1fe-1645-404c-9ff4-1df96f32873e,Chun Li,https://play-lh.googleusercontent.com/a/ACg8ocLWgw2uDHv0BEMuFgPwSO-ArcKRfNRabeJMt9Jp8HspRRav4g=mo,"ini Telkomsel kenapa si? jaringan 4g, bar sinyal 3 tapi buat main game ya tuhaaannn lag parah, sampe di game keterangan ga ada internet. Ini mulai sejak H-1 lebaran loh. Aku make telkomsel terus dari aku smp, walau ganti nomor tetep pilih teljomsel. Tapi kenapa makin kesini makin mengecewakan",2,0,,2025-04-10 14:12:53,,,
788b5c20-cacf-42a8-a6c8-c54fe7059188,dafa yoga,https://play-lh.googleusercontent.com/a/ACg8ocIXMdr5OPFakGFrB_KkuiDy2sDSj0KvYraHQwU9knRgt1Wo-w=mo,"sinyal burik,ga stabil,agak laen",1,0,,2025-04-10 14:12:02,,,
d73a731a-8388-4eb6-9e76-1bd5ac9bbc10,Susi herawati,https://play-lh.googleusercontent.com/a-/ALV-UjXOvXFVJvrKKT9twh2lUIP2uGqaE6wEuh-oYqQGbkHaecpT2EOS-w,ngeselin APK Telkomsel ini...mau lihat sisa kuota aja Ngelag nya nauzubillah... harus hapus apk baru download ulang iwwww,1,0,6.16.0-344,2025-04-10 14:01:57,,,6.16.0-344
2fa96481-6e0e-4808-9f8e-d5e11687955f,Rizky Ardian,https://play-lh.googleusercontent.com/a/ACg8ocKfIwj76WjmdFuC9Apq9MaazBtTdS1LXhC5zISnKyQynnQdsA=mo,lemot,1,0,8.7.0,2025-04-10 14:01:02,,,8.7.0
b3a19732-cfb1-4468-9950-8ffdb9c328b2,Tri Sunardiyanto,https://play-lh.googleusercontent.com/a-/ALV-UjWZe9axvpnRQVieGLevwt7r6aSGeprGqgqMXQ2uNs8e4EcucAOx,"Apk busuk,sinyal bagus tapi apk lemot,tidak berfungsi dengan bagus,ngelag2 mana mungkin ponsel,ponsel ip 13 tapi my telkomsel lemot",1,0,8.7.0,2025-04-10 13:58:46,,,8.7.0
2eae5c8a-702a-47f4-92d0-2a936062e4c3,Yusuf puji Rahmanda,https://play-lh.googleusercontent.com/a/ACg8ocIVvenqOxxfENpZKPWw0F-zTmxNaEd2qgYTCQYZ3nqHB4htQQ=mo,Internet mahal tapi jaringan nya ngelag Mulu,1,0,8.7.0,2025-04-10 13:48:59,Hai Kak Yusuf. Maaf banget ya. Silakan akses aplikasi MyTelkomsel untuk mendapatkan lebih banyak pilihan dan penawaran paket datanya ya. Untuk keluhan jaringan lambat silakan coba restart handphone Kakak. Jika masih terdapat kendala silakan hubungi kami di DM Instagram @telkomsel atau di tsel.id/chatva. Semoga membantu. :) -Ken,2025-04-10 15:40:42,8.7.0
1e071b3d-6e6e-43b4-b803-77bd483f5c86,Khoirun Nisa,https://play-lh.googleusercontent.com/a/ACg8ocKJHAX53QNvCIv9gICkbHCYNlznwNLzrRdB7WlpctNwfq_zMA=mo,serba lima ribu paket datanya udah ga ada promonya .mohon dong di adakan lagi promo paket 5 rb nya,4,0,8.6.2,2025-04-10 13:47:01,,,8.6.2
838e254f-7bb6-4bc6-88db-23ce6befae8a,Dheo Irfandanny,https://play-lh.googleusercontent.com/a/ACg8ocKlSfM0qib9tFQR_8uz8atSqvmxchfqV9F3oDc-jYSzAUb4tw=mo,bisa bisa nya kuota lokal untuk daerah yang diluar jangkauan bisa dibeli. 2x kejebak merasa ditipu bisa bisanya,1,0,8.7.0,2025-04-10 13:46:26,,,8.7.0
19cda812-473b-4c85-a022-e61f5c8f3d31,mobile legend,https://play-lh.googleusercontent.com/a/ACg8ocJ3CHeZH2j7QcS584eNi3InWC8N0IaWE1JpTIK05b4TaOGhnw=mo,kecewa saya beli masa aktif ngikutin saran telkomsel buat memperpanjang masa aktif kuota yg mau hangus eh ternyata bohong udah gitu cutomer sevice nya gk respon,1,0,8.6.2,2025-04-10 13:46:06,,,8.6.2
6e58fecd-a138-44be-a151-368adcaee519,Ferdi Barker,https://play-lh.googleusercontent.com/a/ACg8ocKkvMv0DoPUwhqmG3l-ozj4SRhC2x6SI6EKJtkGMnhqNqCxJA=mo,suka error payah!!!,2,0,8.7.0,2025-04-10 13:43:55,,,8.7.0
181faf43-1939-4505-a1e1-56bfaf17164c,Jo Jo,https://play-lh.googleusercontent.com/a/ACg8ocIwFw6BmARWkVbLu2_4PVK2rLCsaF5Raithg3hKNdU0pnAy_g=mo,udah berkali-kali gagal terus login ke akun dana,1,0,,2025-04-10 13:43:13,,,
0cff3cb3-ca9d-44a8-809d-5935a9987a11,Iksan Bahtiar,https://play-lh.googleusercontent.com/a/ACg8ocI1vVDh_vQA25UXph42YFqBWf2ASXN3hS10mcB6MsHWYWpNlQ=mo,Aplikasi lamban. Padahal smartphone saya cukup bagus.,1,13,8.6.2,2025-04-10 13:40:54,,,8.6.2
2a1ef871-64ad-4771-8047-82b52f0eb6b8,Akbar Abdillah,https://play-lh.googleusercontent.com/a-/ALV-UjWqQawEXxs3q3jpGhQFLY6mWoCX9j60HOD2fkBnS8xZ6NkOK2ze,tolong jaringannya di perbaikin dong!!,1,0,8.7.0,2025-04-10 13:37:48,,,8.7.0
9b1e7880-7a4e-48f4-bd9d-4c09ddf8a07c,Erik wiranto sihotang,https://play-lh.googleusercontent.com/a-/ALV-UjXg-6NfySQEZyu_SILltl5Ef39M0-neI8HIEXTtI_XvzuBlB9E,"aplikasi taik, ngak ada perubahan nge Buck terus update terus tapi gitu gitu aja",1,0,8.7.0,2025-04-10 13:36:23,,,8.7.0
90f1d1da-90b2-465b-9ae9-8e42832e8eed,Muhammad Andyko,https://play-lh.googleusercontent.com/a/ACg8ocLM6rhYE1DgiSFEFMxQTAQo4Pac4vm4VcU-Yg5t8vAkJNThXg=mo,paketan 5g nya sisa banyak terus Telkomsel sediain jaringan 5g cuma di Deket gedung telkomnya doang ya syg paket 5g nya ni,3,0,,2025-04-10 13:35:08,,,
53d80aa8-69b3-45ca-b56a-763822c244cd,hendrI saputra,https://play-lh.googleusercontent.com/a/ACg8ocKreMoPra2BuEifOwG1GxhYuhZSqiasRa7Zvi-aW201UJJ1=mo,hari hujan jaringan hilang. rating bintang 1,1,0,8.7.0,2025-04-10 13:34:31,"Hai Kak Hendri. Mohon maaf untuk ketidaknyamanannya, untuk kendala jaringan lemah/gak stabil silakan coba restart handphone Kakak. Apabila masih terdapat kendala silakan hubungi kami di DM Instagram @telkomsel atau hubungi kami di tsel.id/chatva. Semoga membantu. :) -Ken",2025-04-10 15:55:39,8.7.0
d3b8e383-81f5-4dee-a210-79d520313dad,Ayub Rohmansyah,https://play-lh.googleusercontent.com/a-/ALV-UjW5auHzr3xiTlQsOUZXJIeFcJD8r-z6BFghK72-nxPMndKpi2AZ,app tidak berjalan dengan baik,1,0,8.7.0,2025-04-10 13:33:35,,,8.7.0
cf45082d-0301-476c-9825-3d06be92e027,Hendri GreenSamudera (hendri_samudera99),https://play-lh.googleusercontent.com/a-/ALV-UjXM7fIZ4TT4-_sz8MDzWj5hnl7wm_FjOS1c1ufsCWg5n_rxN_yA,"Selalu jawabannya ""Mohon maaf atas ketidak nyamanan,udah berjalan sekian taon nyatanya Ketidaknyamannya itu ABADI"". Lelet tapi mahaal.",2,0,8.6.2,2025-04-10 13:32:46,,,8.6.2
3ef4f9bb-89c9-4ef9-b0da-c88e2182ff76,Doni Syaputra,https://play-lh.googleusercontent.com/a-/ALV-UjVwYbBWX49mGFpXz_c1WzjMRIT7qSi89s60YTPzi6iaufp5Pw,makin gak jelas Telkom skrg sinyal nya susah padahal jaringan full mana udh ngumpulin poin stamp bnyk² malah gk bisa di tukarkan,1,0,8.6.2,2025-04-10 13:31:40,"Hai Kak Doni. Mohon maaf untuk ketidaknyamanannya, untuk kendala jaringan lemah/gak stabil silakan coba restart handphone Kakak. Apabila masih terdapat kendala silakan hubungi kami di DM Instagram @telkomsel atau hubungi kami di tsel.id/chatva. Semoga membantu. :) -Ken",2025-04-10 15:56:14,8.6.2
14a284bf-ab0c-4c26-bbd0-2175b0fae932,MAMUL NATION25,https://play-lh.googleusercontent.com/a/ACg8ocJ4ItPxz3Of8eAOsEiRPcOXKxuBqOY09UuYjkKp6qeYlQ3jgw=mo,"sinyal 4G serasa sinyal 2G, ni niat benerin ga sihh",1,0,8.6.2,2025-04-10 13:26:53,,,8.6.2
2614af28-b752-4b1c-8578-2aba044de2a7,Alhabsy Alhabsy,https://play-lh.googleusercontent.com/a-/ALV-UjUSuL3stDVluDnB8kptXuL50bbD4LsQwtJbpsEE1-RNnoQgNYE,"aplikasi ini sangat penting bisa mengisi paket dengan memakai data bisa apa saja bisa main game, buka browsing dll🔥🔥🔥",5,0,8.7.0,2025-04-10 13:26:04,"Hai Kak Alhabsy, terima kasih tetap setia menggunakan layanan Telkomsel. Apresiasi dari Kakak sangat berarti bagi kami dalam meningkatkan layanan dan performa MyTelkomsel. Have a great day :) -Ken",2025-04-10 14:07:10,8.7.0
45acae50-ecdb-457b-95bc-e0b1f173bd36,Siswan sidi P. Icha,https://play-lh.googleusercontent.com/a/ACg8ocLHRktSeoM-g1IJ1lt-1jxXtHlmmYhFCQv8guFEL3-hHy8FZg=mo,Sayang aplikasi nya lamban,2,0,,2025-04-10 13:25:11,,,
603601df-66e6-41cd-adee-90b5b6ddd4ba,Fera Aja,https://play-lh.googleusercontent.com/a/ACg8ocKcPRlrCchs1LhY3d_ibCd-PJD_oPNaFUBJXqsxbx00Fad7bQ=mo,"baru mau coba siih,, belum tau hasil nya seperti apa nanti",5,0,,2025-04-10 13:24:16,"Hai Kak Fera, terima kasih tetap setia menggunakan layanan Telkomsel. Apresiasi dari Kakak sangat berarti bagi kami dalam meningkatkan layanan dan performa MyTelkomsel. Have a great day :) -Ken",2025-04-10 14:27:36,
c3aaa914-4446-4091-b09f-5c637ab4f131,Edi Junaedi,https://play-lh.googleusercontent.com/a/ACg8ocKND1H9euK3b3N7Ly_nZapbSwuKuLkMOh0iJ0VLUA-EpZqVmA=mo,Bagus aflikasi MY Telkomsel jadi serba tau ada di sini,5,0,,2025-04-10 13:22:55,"Hai Kak Edi, terima kasih tetap setia menggunakan layanan Telkomsel. Apresiasi dari Kakak sangat berarti bagi kami dalam meningkatkan layanan dan performa MyTelkomsel. Have a great day :) -Ken",2025-04-10 14:07:30,
3e045d3c-5ace-48f4-b436-459718f8d21b,Fahminrldzihni,https://play-lh.googleusercontent.com/a-/ALV-UjWswAfJxVMa6hg4ZjZHz6enKgDJq4akSsw9w-OUvlAMkYeS-TGDFQ,"di update bukanya *satset* tapi lemot,kuota gw masi banya, sinyal oke,buka buka aplikasi aja ribet amat,pake ngelag segala, sosmed yang lain mah bisa aman. Aneh banget",1,0,,2025-04-10 13:21:58,,,
ccc097ba-c6c6-4e30-b1e2-a7cda97de1ae,Fhebby Friyanti,https://play-lh.googleusercontent.com/a/ACg8ocJJDYOs7f-2TVustF9IYHgBL2yLcnrgPC_nZZnkF3PiBtagPg=mo,mntappp,5,0,,2025-04-10 13:20:14,"Hai Kak Fhebby, terima kasih tetap setia menggunakan layanan Telkomsel. Apresiasi dari Kakak sangat berarti bagi kami dalam meningkatkan layanan dan performa MyTelkomsel. Have a great day :) -Ken",2025-04-10 14:08:26,
71e8cd11-0f00-450d-9d25-418868cf8bd0,asep setiawan,https://play-lh.googleusercontent.com/a-/ALV-UjUaz0-OAmUr6ez_1cC9At1lMwZ25MgestKxGdK2HiakiFaLepjU,"jaringannya sekarang sangat lambat, sering bermasalah buka aplikasi .. tolong di perbaiki",2,0,8.6.2,2025-04-10 13:20:13,,,8.6.2
e05c385a-2668-4aa0-9a35-5dd019773f73,Zulkifli zul,https://play-lh.googleusercontent.com/a-/ALV-UjVhLyZVsYxxSwYIDk9T-vmCEtsAX4ZY1XuZur7QdGdVc0Se6DdG,cakep,5,0,8.7.0,2025-04-10 13:18:31,"Hai Kak Zulkifli, terima kasih tetap setia menggunakan layanan Telkomsel. Apresiasi dari Kakak sangat berarti bagi kami dalam meningkatkan layanan dan performa MyTelkomsel. Have a great day :) -Ken",2025-04-10 14:08:36,8.7.0
282212dc-1207-4817-a18a-7e525cfd391b,Rentina Samosir,https://play-lh.googleusercontent.com/a-/ALV-UjWll4InmfF8iUmEUXi1zLovRuARHe07frRf_qgGMAXi22p_2K03Dw,nge lag terus nih aplikasi,3,0,8.7.0,2025-04-10 13:17:24,,,8.7.0
3fe704f9-eaef-4d3c-877f-7ad0e147b789,Krishna Galih Prawesi,https://play-lh.googleusercontent.com/a-/ALV-UjVXzjg3_eTDXg1Rs19WgILCbJIJLHYWx332B_MlIJy1r7XkT2E,gw mau top up malah metode pembayaran ini di tolak ini Napa sih bingung gw njir,4,0,8.6.2,2025-04-10 13:16:17,,,8.6.2
80f0dff1-1674-42cc-81fd-7849808acb5e,CORNELIUS PASORONG,https://play-lh.googleusercontent.com/a-/ALV-UjWTKj1Eabek80vbF8DpvzQ4jO6aMrzutJSE_x-G_JNAWxniON4,apk sampah,1,1,8.6.2,2025-04-10 13:15:35,,,8.6.2
db298d72-23f1-44d5-a612-da87de03551a,Savio Marthen,https://play-lh.googleusercontent.com/a-/ALV-UjXO5ON28wq1AtAhuNQmkZfjzioq_LuFekg0e4SDogs5oOroAZ9Y,mantap,5,0,8.6.2,2025-04-10 13:15:28,"Hai Kak Savio, terima kasih tetap setia menggunakan layanan Telkomsel. Apresiasi dari Kakak sangat berarti bagi kami dalam meningkatkan layanan dan performa MyTelkomsel. Have a great day :) -Ken",2025-04-10 14:08:53,8.6.2
40ddf5ec-f873-48ae-ac74-d5a0476ab850,Eva putri,https://play-lh.googleusercontent.com/a/ACg8ocLNAarVgpE6G1q3VpdCrLNaNUDc2PaLPGKLmkXN3BeCRM2vSQ=mo,"Sinyal Buruk Suka hilang hilang, Paket Data Mahal Banget Dibandingkan kartu merek lain, Bonus tidak ada. terutama paket data nya jangan mahal banget",1,0,8.6.2,2025-04-10 13:15:24,,,8.6.2
b89d9ac7-8673-47d4-b6ec-0f3f486ee817,Manan Soenz,https://play-lh.googleusercontent.com/a-/ALV-UjUZOSFTnP_-ApT1BYzlqnhfVjv9ksb4lIA-XWGNXQ42yeisW1Tc,ada dana yang masuk buat beli paket data malah ngehilang gak tahu kemana giliran mengajukan malah di bikin pusing hadehhh,1,0,8.6.2,2025-04-10 13:13:46,,,8.6.2
dad6a63f-fc89-45c0-8db7-38c16dcb7548,azham prestasi,https://play-lh.googleusercontent.com/a-/ALV-UjVB38I_2nmVjmE3SQAV4U-7ksDqVpjgeRnPpU6EjpBZAlDSKveV,sementara ku kasih ⭐⭐⭐⭐⭐,5,0,8.3.0,2025-04-10 13:12:30,"Hai Kak Azham, terima kasih tetap setia menggunakan layanan Telkomsel. Apresiasi dari Kakak sangat berarti bagi kami dalam meningkatkan layanan dan performa MyTelkomsel. Have a great day :) -Ken",2025-04-10 14:09:09,8.3.0
0ce54e14-f918-4dbd-ad56-e7eb68b7ef42,Riyanto K,https://play-lh.googleusercontent.com/a-/ALV-UjUoNzK7Vls07QXn8WGgzG0c2P_4lY5K15TK1KCO5_sGzDoUdP4,"gue pindah provider berharap kenceng koneksinya eh malah lebih lama, main game juga lag terus lagi. ngecek kuota apk nya lemot juga, hadeeehh",1,0,8.6.2,2025-04-10 13:12:15,,,8.6.2
afa4ff81-16a5-429d-a4f7-6188a172365d,Muhamad Hilman,https://play-lh.googleusercontent.com/a-/ALV-UjVP8cpS89EKUsw1AVfYUL0PPsNgCJ-Igidu3ueopFqJB3MtO3rs,kok gbisa di download,3,0,,2025-04-10 13:12:14,,,
381b542d-69f7-4807-a312-b1887643f8b8,Muhamad Dafa,https://play-lh.googleusercontent.com/a-/ALV-UjWEXMJGBBxXmh4C21XwNOIgGIOxjoL2jL_IWFGdvVFR0jnBkMo,sering eror ngk jelas,1,0,8.7.0,2025-04-10 13:09:21,,,8.7.0
8a6f0d87-81e0-4bb8-abbb-de0f49eeb075,Sukanyahoo,https://play-lh.googleusercontent.com/a-/ALV-UjU7lrKc3q4gU44HH1mJW1v8xluEPMqZ2_tnhY8iw-QNdC-QLYBo,ga semua pengguna wifi indihome pake kartu telkomsel ya.. ngapain coba indihome ngecek nya harus di my telkomsel udah bener punya aplikasi sendiri malah nempel ke aplikasi lain,1,0,8.7.0,2025-04-10 13:09:12,,,8.7.0
62c2c678-cf5e-40ba-92af-b9f2fdb59444,kaila Mutiara bilqis,https://play-lh.googleusercontent.com/a/ACg8ocLtt-9ERJu4OC24ftJyTCzw3mS1M2wSq0GgR358tnGgcX6-sA=mo,#luar biasa nya my Telkomsel stabil gk pernah ada crash atau eror,5,0,,2025-04-10 13:07:05,,,
81e217c4-ccc8-488a-9a22-3d6bb8157f78,Rah mat,https://play-lh.googleusercontent.com/a-/ALV-UjXF9m2Jl0OlXgdeuHcJat1v5cVBZT4e4H64pnXaI2Kf2_2hfZYp,gimana ini sinyal nya kadang bagus kadang jelek,1,0,8.6.2,2025-04-10 13:05:40,,,8.6.2
6adef188-799d-4d8a-97da-0689638781ad,Reja Rafael,https://play-lh.googleusercontent.com/a/ACg8ocIIv9Z_MX_l8y6-OQPD05VRvn_v8y-pqGu-BNAsAWOAswZ6cQ=mo,manyap,5,0,,2025-04-10 13:02:56,,,
ffedd4e7-6cc8-4fff-9677-d96a8b5e75ba,Sugeng Dua lah,https://play-lh.googleusercontent.com/a/ACg8ocLrvBx6LdquIpAcr2IzrTVqQtpLJY4dTf42xV3vDeHta89GBQ=mo,Sangat buruk setiap isi pulsa 20.000 ribu yg masuk hanya 12.000 ribu,1,0,8.7.0,2025-04-10 12:59:48,,,8.7.0
3e48702c-e2b0-4232-b51f-fa48c2eb6c65,Ilham Novriansyah,https://play-lh.googleusercontent.com/a/ACg8ocJBbBzAZ7-nc2CnLi9UQCkT0S_vFDCR5T097n1c4Jx_lMptCXk=mo,#luar biasa nya my Telkomsel stabil GK perna ada crash atau eror,5,0,8.6.2,2025-04-10 12:59:10,,,8.6.2
ab6bf3d8-57d6-4e6c-ad86-4ab3e2e3a852,Joni Pasaribu,https://play-lh.googleusercontent.com/a/ACg8ocJrSAVaa2O-IywFIpnTPRj_cwoQEQL4yi4tfKHByrU_-8L8kg=mo,"paket bulanan super mahal !! tapi jaringan mancing emosi,",1,2,8.6.2,2025-04-10 12:57:24,Hai Kak Joni. Maaf banget ya. Silakan akses aplikasi MyTelkomsel untuk mendapatkan lebih banyak pilihan dan penawaran paket datanya ya. Untuk keluhan jaringan lemah/gak stabil silakan coba restart handphone Kakak. Jika masih terdapat kendala silakan hubungi kami di DM Instagram @telkomsel atau di tsel.id/chatva. Semoga membantu. :) -Ken,2025-04-10 15:21:59,8.6.2
5040fb84-67f1-4169-819f-82005a71202d,ahad riyadi,https://play-lh.googleusercontent.com/a/ACg8ocKp_RoYeJdjw2daei9fQ460UhvaXpKslVyK7UtVgHZDi05GXP4=mo,jadikan koin nya bisa di belikan paket data dan pulsa,5,0,8.6.2,2025-04-10 12:55:20,,,8.6.2
b5e88eb5-be5d-49e3-b5a9-0e591ae225a1,Wahyu Striadi,https://play-lh.googleusercontent.com/a/ACg8ocKn38Q9p3XbWype4Re9zwHUOd3LXM9Uifn3bliqpXHJZ5cjPQ=mo,bagus,5,0,,2025-04-10 12:52:12,"Hai Kak Wahyu, terima kasih tetap setia menggunakan layanan Telkomsel. Apresiasi dari Kakak sangat berarti bagi kami dalam meningkatkan layanan dan performa MyTelkomsel. Have a great day :) -Ken",2025-04-10 14:09:23,
dd3e88e7-8339-41d6-8039-4af5f2bba559,Iksan Safrudi,https://play-lh.googleusercontent.com/a/ACg8ocK0wRDKEuYCNidcg7b0wcw8HktDa1ZHY4YT7eOOrgs5sdDFow=mo,"coin gk bisa di tuker kuota, aplikasi bug bufring.",1,0,,2025-04-10 12:51:54,,,
41560b57-3c8e-4e8e-b318-c461161a6c2d,Ade Dea,https://play-lh.googleusercontent.com/a-/ALV-UjXUfrbqTQHmvCLiUubuyJzpX5-ZUfNHugM4kWl8ZI4BXsPsaXw,"Aplikasi terlalu berat, mau update gagal terus padahal sudah ngosongin ruang internal lebih 1GB",3,0,,2025-04-10 12:49:26,,,
45ca5b13-e4d8-4687-9362-2fd9ef8b3f35,April Widodo,https://play-lh.googleusercontent.com/a/ACg8ocJG56dmT0WDD0LSxRy2EFVYgUPHbwRyuN1hc62Phr2X5X_0pg=mo,"my telkomsel aplikasi #BONGKAR PASANG# ( uninstall dan instal lagi)cuma sekali pakai. Sungguh memprihatinkan.....,",1,0,,2025-04-10 12:46:28,,,
083edbc4-3672-4b91-bb32-06834b68c22f,Ian Ardiansyah,https://play-lh.googleusercontent.com/a-/ALV-UjU2B9VPFG0-kQZo2-jdu0K_FbmCk9jJF_G81eEbOFEL0RUy_rA0,LEMOT!!,1,0,8.6.2,2025-04-10 12:44:35,,,8.6.2
9c76d7d2-f03b-40ae-b7e3-fb7388673b8c,RobiDarwis Robii,https://play-lh.googleusercontent.com/a/ACg8ocIQNZub6PJS2nIszQc1RCYzilrXZi1hShMkrX5w-zwuh_55hA=mo,ini kenapa yah ko jaringan ny jelek banget sekarang,5,0,8.7.0,2025-04-10 12:42:06,,,8.7.0
5a4d8070-1c67-4fbb-95de-8204381b5fef,The Hunter,https://play-lh.googleusercontent.com/a/ACg8ocKIdl4RxJVVt7dw8F9QIHcAe2OyngXb2gCZSaY78uGQJ-ijPg=mo,tolong dong adain tukar poin ke kouta masa iya nggak ada percuma Punya poin banyak tapi nggak bisa di tukar kouta kita butuh nya tukar poin buat kouta bukan diskon yang lain,1,0,8.6.2,2025-04-10 12:41:07,,,8.6.2
dc1abf9a-8ba5-48fb-8404-5ec0cb9da376,mboh karepku,https://play-lh.googleusercontent.com/a-/ALV-UjWeJtaT0oblTgF0JlBc1B1RDbGryIyxpG7bViSWZxyaUf0wsup_,"Apk My Ngelag ga bisa dibuka. jagonya eroor Telkomsel sudah gk seprti dulu... Sekarang semakin banyak bts malah jaringan lemot kayak siput. Desa liprak kulon,banyuanyar,jatim",1,0,8.6.2,2025-04-10 12:40:44,"Mohon maaf, Kak. Mengenai keluhan koneksi internet lambat, silakan konfirmasi ke Twitter @Telkomsel, atau bisa melalui Telegram @Telkomsel_official_bot , Facebook Messenger 'Telkomsel', LINE @Telkomsel, atau WhatsApp Telkomsel Virtual Asisten. Makasih :) -Zidane",2022-03-11 15:37:52,8.6.2
e5d48f5e-961a-4b62-940a-11937d3e2bca,Jipo Jipo,https://play-lh.googleusercontent.com/a/ACg8ocIK1ZpOLj25SZPi2aCXxAwuOVhpzJqCASGGBBt1xlUlxQfhjQ=mo,aplikasinya erro,1,0,8.6.2,2025-04-10 12:38:57,,,8.6.2
bf5c3a1a-fd6e-4fbf-9800-063da92baf88,Nailahayati Zulkifli,https://play-lh.googleusercontent.com/a/ACg8ocLHn9PQwBAYG8gGLw-eBuwnMHqMnHKXCgc0oSVahZJkTIILRw=mo,lumayan lah tapi yang kurang habis kita isi paket nya harus ada gratis paketnya dong tolong ya ditam bah plis,5,0,8.6.2,2025-04-10 12:36:26,,,8.6.2
22657bbe-9517-4fb3-9fce-5b8e573aafa8,Tri wiyono,https://play-lh.googleusercontent.com/a/ACg8ocLFWqsm8s9TeUYVaa8YW_wdLl5-8xNJQwlFbby5vrJF6rXw3g=mo,"jaringan sulit ,telkomsel paya!!",1,0,8.6.2,2025-04-10 12:35:37,"Hai Kak Tri. Mohon maaf untuk ketidaknyamanannya, untuk kendala jaringan lemah/gak stabil silakan coba restart handphone Kakak. Apabila masih terdapat kendala silakan hubungi kami di DM Instagram @telkomsel atau hubungi kami di tsel.id/chatva. Semoga membantu. :) -Ken",2025-04-10 15:56:30,8.6.2
97007616-71d4-4336-bd2d-c596b122be36,Andra Yani,https://play-lh.googleusercontent.com/a/ACg8ocK0fvwnNFW5L__0aQd2uRqdyhB35CPxo-A6ROA9hpirheMh9w=mo,#luar biasa nya my Telkomsel stabil gk perna ada crash atau eror,5,0,8.7.0,2025-04-10 12:35:37,,,8.7.0
327c13dd-90b8-402d-a05b-fc8b2a722e48,ursula andriani bui,https://play-lh.googleusercontent.com/a-/ALV-UjXdZrWFz5MXS1yGdI3YhpUvPxvZnBjI3Z-r8dNpZ9lT59Ou6ms,akhir2 ini suka log out sendiri dan kalau mau login lagi tidak ada sms dri my telkomsel untuk link loginnya. hmm,1,0,8.7.0,2025-04-10 12:35:17,,,8.7.0
08835426-6584-4bad-be57-30a8d99e1150,Hikmah Fajar,https://play-lh.googleusercontent.com/a-/ALV-UjW7v3YOWBrK8a8DmtLDnwwnaViqLuefGHl1J7vDSuH6S7B4QIAL,permasalahan sama dengan penggunaan lain.. aplikasi lemot..,5,0,8.6.2,2025-04-10 12:33:00,,,8.6.2
4d703b2f-e992-40d7-b539-4cae8c2cbc73,Rizzan Wijaya28,https://play-lh.googleusercontent.com/a/ACg8ocKVi5DduDoz-OclICLv8YImiK93ii4Z36Cp98EYdjU58LKnfQ=mo,"saya sangat puas akan my Telkomsel , terima kasih my Telkomsel untuk stamp tolong ditambahi lagi agar cepat mendapatkan banyak gratisan nya dong",5,0,8.6.2,2025-04-10 12:29:16,"Hai Kak Rizzan, terima kasih tetap setia menggunakan layanan Telkomsel. Apresiasi dari Kakak sangat berarti bagi kami dalam meningkatkan layanan dan performa MyTelkomsel. Have a great day :) -Ken",2025-04-10 14:09:41,8.6.2
d631b863-b032-4b36-99e2-ca20d19b8b32,faris namikaze,https://play-lh.googleusercontent.com/a-/ALV-UjXbPcXq7peb5BEBo86F-QOPgfzVT2Asq0bE-PJTUUmdXAKqFa8,lag parah kalo buka app ini 🥴,1,0,8.6.2,2025-04-10 12:25:20,,,8.6.2
7c4718b0-a34f-4f91-8304-28b40787a6b2,Iyan Yan,https://play-lh.googleusercontent.com/a/ACg8ocKeQXLB1IQ_aHZa44UFaVbZIktM4UKTUTbjB_LQ4_ZYKCgiSA=mo,ko ini ngga bisa di download ya aplikasi nya bantu penjelasannya dong,1,0,,2025-04-10 12:21:44,,,
e3e86599-a792-493b-b5fd-a60568164ded,Ydz Official,https://play-lh.googleusercontent.com/a-/ALV-UjV5-CHzw_8yvIMpq2SBpY3Szu9-lf1M7A2WB7q5_btmLhdViQQS,"udah mahal,daerah gw sinyalnya jelek gak kaya dulu,dulu bagus2 aja skarang buset makin mahal makin susah sinyal.",1,0,8.6.2,2025-04-10 12:18:22,,,8.6.2
6a1cbd49-2fde-4add-85a0-426d5ccdc2ba,Roni faisal,https://play-lh.googleusercontent.com/a-/ALV-UjVkWY2jamVGF6w00TwsZF7vwfXQXKytgkJyymnmYGHBY658PdA,Sinyal penuh Buka apk loading mulu ga guna!,2,0,8.6.2,2025-04-10 12:18:02,,,8.6.2
0285a10d-8855-4eb3-a0ce-3b616acf26d0,Purwati Wuryaningsih,https://play-lh.googleusercontent.com/a/ACg8ocK5dd8ZccOYC8SAxMpe2Lc-qqfd-73aE9Sa36NjiipjqDI7EA=mo,katanya kalo bersihin sampah cache biar gak ngelek boong banget gw udah bersihin sampah chace 10 kali tetep ngelag,1,0,8.6.2,2025-04-10 12:14:37,,,8.6.2
30c26c5e-a7f6-4838-979c-b3b08ce17f55,James aryut,https://play-lh.googleusercontent.com/a/ACg8ocIHJLyzyfoZN_H-_yXZjGX0EBDxGZYa8sRMJcmftz5oX2jZzA=mo,"sudah hampir 5 hari jaringan internet nya buruk banget , udah beberapa kali minta bantu vero tapi masih belum ada perbaikan jaringan nya , saya sebagai cust telkom sangat amat kecewa berat atas jaringan telkomsel , dan ga ada solusi dari pihak telkomsel",1,0,8.7.0,2025-04-10 12:13:52,"Hai Kak James. Mohon maaf untuk ketidaknyamanannya, untuk kendala jaringan lemah/gak stabil silakan coba restart handphone Kakak. Apabila masih terdapat kendala silakan hubungi kami di DM Instagram @telkomsel atau hubungi kami di tsel.id/chatva. Semoga membantu. :) -Ken",2025-04-10 15:56:52,8.7.0
5ea70142-a25f-4f20-9d83-57f2769ae790,Rayan,https://play-lh.googleusercontent.com/a/ACg8ocK1G0rSGeDnsksKMSQq_0BH_ul-pATKmU5pWqt0kj1V_kvj3w=mo,aplikasi nya Ngebug saat ini melihat jumlah paket tolong di perbaiki,1,0,,2025-04-10 12:09:56,,,
eac83246-d6fe-4b22-bcfd-7429f586e4ce,Rama Dani Chanel,https://play-lh.googleusercontent.com/a-/ALV-UjVsYQO8zVp4OBEtPrUSpW5esGLVzpGtvsvjuhYIikC5fBroN5xl,"Loading mulu, Mohon perbaiki Setiap 2 hari hapus cache, dan hapus data,",1,0,8.7.0,2025-04-10 12:08:06,"Hai Kak Rama, Mohon maaf untuk ketidaknyamanannya ya, silakan coba cara berikut ya Kak:
1. Clear cache aplikasi
2. Force close aplikasi
lalu coba login kembali, apabila masih mengalami kendala, silakan hubungi kami melalui DM Instagram @Telkomsel atau chat di tsel.id/chatva. Semoga membantu. :) -Edo",2025-03-04 12:09:29,8.7.0
6d629aa2-a0e1-44f4-92ab-00db1636c753,Ajebran Berli,https://play-lh.googleusercontent.com/a-/ALV-UjXyhBgHAkvBCuSugb-DPD348XGeFoAThdN5ZNMFyEMHQGr0oTg,aplikasi lemot banget,1,0,,2025-04-10 12:07:35,,,
c31931c8-bdf8-4c3f-bba5-84de30fb8ce4,Car Tono,https://play-lh.googleusercontent.com/a/ACg8ocIJwDS3YuJrTz_DXsDyn0yv6QbwUgrShG6EZPrppMmdT08D7g=mo,beli kuota di my telkomsel pulsa selalu tiba tiba di kurangi sama my telkomselnya misal beli pulsa 50 buat kuota 50rb dapat 30bg belum juga transaksi tiba tiba jadi 30rb pulasanya,1,0,8.6.2,2025-04-10 12:04:56,,,8.6.2
6412c823-9bc9-475b-853e-427290bc8390,Antasari Galingging,https://play-lh.googleusercontent.com/a/ACg8ocIM_-zZvnVNnKeoFUvsLbBFkIOustg8I2PEO7TGzryRppLePw=mo,Jagan membuyarkan sekali sekali aplikas inieng acak acak data hape kita,3,0,,2025-04-10 12:04:08,,,
ed5583ab-ccab-42c7-986f-4643a1845aaa,Inayah Geje,https://play-lh.googleusercontent.com/a-/ALV-UjWehqPeM_bVbwB5gVAytw5DX19oDJmAZMlWDKM2hs20jTUhlw,"telkomsel makin lama makin gak jelas ,semua jaringan normal sudah 4G , tetap gak bisabuat akses internet , jaringan makin susah , gak rekomen sekarang ,",2,0,8.6.2,2025-04-10 12:03:29,,,8.6.2
bd029250-461e-40e9-9c39-3352f63c0f28,Ciko Ck,https://play-lh.googleusercontent.com/a-/ALV-UjUxe_EBB7ZMKYlKfgjIS-LbiW5HU1P3VQvoQzHivoDzRKW8oHns,"aplikasi banyak tidak bergunyanya, nge lag mulu dri",1,0,8.6.2,2025-04-10 12:03:03,,,8.6.2
72908ec5-37a6-4e44-862e-5173d31e09ee,Adit SJ,https://play-lh.googleusercontent.com/a/ACg8ocK-VP0fb5-0ndeCjxuuEfWSm1-OWUzAdJWM7Qo4inZxHV8h4w=mo,"Update terus,giliran cek kuota aja sulit,lemot,sama kaya jaringannya yg katanya jaringan prioritas tapi kurang berkualitas.",1,0,8.6.2,2025-04-10 12:00:15,"Hai Kak Adit. Mohon maaf untuk ketidaknyamanannya, silakan coba restart handphone Kakak. Apabila masih terdapat kendala silakan hubungi kami di DM Instagram @telkomsel atau hubungi kami di tsel.id/chatva. Semoga membantu. :) -Alma",2025-03-29 00:31:59,8.6.2
388b8ca1-1066-4e15-bd45-606d6a506126,HACKER Pro,https://play-lh.googleusercontent.com/a-/ALV-UjXnGfOlk7kshykzmBMRXDA5Rd_S7McoERfbsnEe09XsriNYj-nd,"ngeselin anjir padahal masih punya 4 gb kuota utama dikasih sms kamu sedang mengakses internet taruf non paket , mending pake im3 jelas paket nya",1,0,8.6.2,2025-04-10 12:00:12,,,8.6.2
07dcca5e-bcb7-405d-ba5b-8f0e8672fe59,Febri Salindeho,https://play-lh.googleusercontent.com/a-/ALV-UjVGrUyUGuT2eDumS-SMUIIE4lNKs4ICEhrY_pquTMOCEaxzrtod,"Laporan penurunan Paket langganan indihome saya sudah 1 bulan tidak Tindaklanjuti,sebagai konsumen indihome saya kecewa dengan pelayanan yang laman dan terkesan tidak ada solusi",1,0,8.7.0,2025-04-10 11:59:40,,,8.7.0
73a6c266-712d-4e3b-b6c7-a2b89d6b502e,RID “RID” RID,https://play-lh.googleusercontent.com/a-/ALV-UjWRlyLyVPmCBAWA-z8bIMGYNJPYmgkdw1uBGjr6x82wsy6E9gU,"jelek banget, kuota nya mahal apak nya lemot lawack",1,0,8.6.2,2025-04-10 11:54:18,,,8.6.2
22f8a35b-5448-45fb-98bd-0f0f598b39bb,Ivan Ananada Prayoga,https://play-lh.googleusercontent.com/a/ACg8ocJ0rUcxfHVg80P906a4B28pw2kbaq_QwbUIpJMc_nHBAgNc5w=mo,ga bisa di pake njir,1,0,8.7.0,2025-04-10 11:52:44,,,8.7.0
9263edd6-53d0-4a02-86b8-8407bf7e747d,Adeh Sudarsono,https://play-lh.googleusercontent.com/a-/ALV-UjXW2YexTf2derbDFgVjxuhSKSYEk1eUyrJ9WjJpUvZjAEIlCcg,"APLIKASI SEKALAS TELKOMSEL NGELEG, LEMOT,LELET !!",1,0,8.7.0,2025-04-10 11:51:54,,,8.7.0
fd03a3f2-33e5-4a61-a877-7e0db08df2a3,Bou Ronal,https://play-lh.googleusercontent.com/a/ACg8ocJFK5Qb_F16WiJZH2Y02kgqrInAEWEA_uRjeNdY45ec-U-egQ=mo,telkomsel jaringan paling lelet di indonesia,1,0,8.6.2,2025-04-10 11:51:49,"Hai Kak Ronal. Mohon maaf untuk ketidaknyamanannya, untuk kendala jaringan lemah/gak stabil silakan coba restart handphone Kakak. Apabila masih terdapat kendala silakan hubungi kami di DM Instagram @telkomsel atau hubungi kami di tsel.id/chatva. Semoga membantu. :) -Ken",2025-04-10 15:57:10,8.6.2
1bab24fb-13c0-4353-be37-8ae72f1cc6ae,Sukron Mamun,https://play-lh.googleusercontent.com/a/ACg8ocLvgve_GqUlGagujLhqvkpVXQ8Rco37v5HaAV5YdvI3reLkaQ=mo,MB nya tolong di kurangin bg,5,0,,2025-04-10 11:51:32,,,
95cf9410-005e-4cae-971f-fe5fd55eb36a,arif saiful,https://play-lh.googleusercontent.com/a-/ALV-UjXGYNJM3W2q4P64qnBMExIagIjv0ho6a-F07LPMpNwb_4RZbY4P,"sinyal sekarang susah ngelag terus... susah sekarang sinyal nya, lemot banget Kouta mahal lemot sinyalnya.",1,0,8.6.2,2025-04-10 11:50:27,,,8.6.2
24432f56-9d32-4190-a1ec-88368e086ae6,Merry Gaibu,https://play-lh.googleusercontent.com/a-/ALV-UjUjh0VJY9-xw-fKAyZGarSfIQKoeznFo3ehjPLpTwevZ5ky-mI9,huhu kok kartu prabayar kuotanya mahal banget ya mana yang 30 harian nggak ada yang murah nggak pas sama saya yang kantong pelajar ini huh padahal kartu ini udah dari 2016 pakenya warisan dari bapak😭😭,2,0,8.7.0,2025-04-10 11:47:36,,,8.7.0
6c0d4b8d-7bea-4e90-83ab-97a62142b09b,Aris Nur,https://play-lh.googleusercontent.com/a-/ALV-UjWBOtagHW5mq-_ySPflHDJV9r1KVNxOi8zsqMtTnvbrDbpw1t9V,"aplikasi lemot,",1,0,8.6.2,2025-04-10 11:47:30,,,8.6.2
91b51e4d-4eb3-4eae-a9a7-2c8f1e32dd37,فاهر,https://play-lh.googleusercontent.com/a/ACg8ocJ_YNdN4eeGUUjVf8540ZMDB2ap2rs6sQFu7gR2PzL5Ta9hJZs=mo,LOADING TEROSSSSSSS,1,0,8.6.2,2025-04-10 11:44:39,,,8.6.2
2957c9cd-7539-401d-aee8-d769e3d55633,diyoon cahprabu,https://play-lh.googleusercontent.com/a/ACg8ocLJs-xLr_GOViwT6Wh_j_xCnoNsp0Vor8rMDnDCxVImrmUvxQ=mo,mau liat sisa Kouta aja ngeleg terus,2,0,8.6.2,2025-04-10 11:39:54,,,8.6.2
adf03064-c6c0-4435-8a51-9e06f50ada95,Nanda Sila,https://play-lh.googleusercontent.com/a/ACg8ocKR-0Con5GJBEqZyxVL_XiSCIuffg0ZtIiECu6LMGw7OyIjtw=mo,aplikasi SUPER LELET!!!,1,0,,2025-04-10 11:39:29,,,
1e357c12-857e-467a-b9d5-db14e373d2b8,Septian Hendra,https://play-lh.googleusercontent.com/a-/ALV-UjUScSpj_ylCuPN9yYkA3askAmMP9GqmqBuUZGYjPxoTv8g-V6Y,"aplikasinya berat banget ini, mau buka aja susah, mau lihat sisa kuota gak bisa refesh",2,0,8.7.0,2025-04-10 11:37:50,,,8.7.0
27404957-cb36-4d30-bcaf-14dcd9dcd569,Ana Na,https://play-lh.googleusercontent.com/a/ACg8ocKoTa6yyS2a5QrR6qV8xoPFvw9NyIUHLMv79eyj4-EPJLPcIQ=mo,nge lag mulu malesin!!!,1,0,8.6.2,2025-04-10 11:34:25,,,8.6.2
f738968d-8593-4378-853d-6ba623a93298,Deki R,https://play-lh.googleusercontent.com/a-/ALV-UjV2s-izp8UdWlz6LXrPoV11n9ssLTaKyu5q9y2KUGX90pWYERg,tembelek,1,0,,2025-04-10 11:30:27,"Hai Kak Deki. Mohon maaf untuk ketidaknyamanannya, untuk keluhan tarif paket silakan akses aplikasi MyTelkomsel untuk mendapatkan lebih banyak pilihan dan penawaran paket datanya ya Kak. Semoga membantu :) -Ken",2024-09-23 14:05:22,
7bceecaa-d96e-4e54-a6f6-e6c8e22973a3,kang efai1,https://play-lh.googleusercontent.com/a/ACg8ocLUM9nz9T0lSfroWIbun-eXrsgr0R3DFuM4S_XBCqFr0DjmrQ=mo,tolong d perbaiki lagi masalah jaringan ini bukan saya saja yg comen kaya gini seluruh Indonesia masalah leg saat main game @telkomsel,5,0,8.6.2,2025-04-10 11:28:20,,,8.6.2
4ed081eb-b5ca-4fd3-8a63-494bdf924747,Thoyib Efendi,https://play-lh.googleusercontent.com/a-/ALV-UjUbfXar_kiDqOCYkQIgnHOdS8DpCgREHP6QCxNUGtg0hq_wB5FH,"Kenapa sering lemot kalau buka aplikasi My Telkomsel nya, padahal pakai aplikasi lainnya aman² aja",3,0,8.6.2,2025-04-10 11:27:52,,,8.6.2
2660becd-7659-4085-be85-a9c28c282520,ferdiyanto monggesang,https://play-lh.googleusercontent.com/a/ACg8ocJGvH9J0K9h7Rw7hlxEn-dEGqkRjIjIXM84yya7KSGyLQhIJA=mo,mudah dan terpercaya,5,0,8.6.2,2025-04-10 11:25:37,"Hai Kak Ferdiyanto, terima kasih tetap setia menggunakan layanan Telkomsel. Apresiasi dari Kakak sangat berarti bagi kami dalam meningkatkan layanan dan performa MyTelkomsel. Have a great day :) -Ken",2025-04-10 14:10:00,8.6.2
f8659a62-de19-4484-830a-9a4eccefa63c,Ragil marli Agil,https://play-lh.googleusercontent.com/a-/ALV-UjUULfIpW0XwAH81_Ux0ANHMafkOUfzsBONni0rSAXvPdkPNOQ,"Aplikasi apa ini gak bsa sambungkan metode pembayaran Ewalet rusak apa gimana ni aplilasi, harga elit apk ny lag² gak jelas",1,0,8.7.0,2025-04-10 11:25:05,"Hai Kak Ragil, metode pembayaran e-money udah tersedia ya. Apabila tidak tersedia silakan coba cara berikut:
1. Clear cache aplikasi, atau
2. Force close aplikasi
lalu coba login kembali, Jika masih terdapat kendala, silakan hubungi kami di DM Instagram @Telkomsel atau hubungi kami di tsel.id/chatva . Semoga membantu. :) -Ken",2025-04-10 11:46:14,8.7.0
55d46bdb-b8f5-4a94-abc1-962aa1021d22,Yosep Pino,https://play-lh.googleusercontent.com/a/ACg8ocLjcBnbmNnOmIERrORcMYGdE5TaNwrJ_1UtRQpGs40MjZ3xzw=mo,adaa sedikit buff nya,5,0,,2025-04-10 11:23:42,"Hai Kak Yosep, terima kasih tetap setia menggunakan layanan Telkomsel. Apresiasi dari Kakak sangat berarti bagi kami dalam meningkatkan layanan dan performa MyTelkomsel. Have a great day :) -Ken",2025-04-10 14:27:04,
b10c52b3-ae9c-4cdd-b5b3-02662132c960,gk suka bacot motovlog nob,https://play-lh.googleusercontent.com/a/ACg8ocLnyPnXwxxkVOaj80iuRlCB4gnW1tH1R83RO70pr8p-6ENylA=mo,"harga paketan nya mahal mahal , jaringan nya busuk",1,0,8.4.2,2025-04-10 11:21:49,Hai Kak. Maaf banget ya. Silakan akses aplikasi MyTelkomsel untuk mendapatkan lebih banyak pilihan dan penawaran paket datanya ya. Untuk keluhan sinyal lemah silakan coba restart handphone Kakak. Jika masih terdapat kendala silakan hubungi kami di DM Instagram @telkomsel atau hubungi kami di tsel.id/chatva. Semoga membantu. :) -Ken,2025-04-10 11:46:44,8.4.2
f1aaa49a-bfcf-4db9-8033-5b490276565f,Aldi Setiawan,https://play-lh.googleusercontent.com/a/ACg8ocI4K6aZK5-rxGrWccL1_L595hJDUTBqZhrFCGx6ny_hHEKNOQ=mo,ampas banget jarang satu ni,1,0,8.7.0,2025-04-10 11:21:13,"Halo, Kak Aldi. Yuk infoin detail pertanyaan atau kendala yang Kakak alami pada produk dan layanan Telkomsel melalui fitur bantuan di DM Instagram @Telkomsel atau hubungi kami di tsel.id/chatva.Semoga membantu :) -Ken",2025-04-10 11:47:20,8.7.0
be23f006-0ae9-4179-b23c-8a3eb5a538e6,Sugilar,https://play-lh.googleusercontent.com/a/ACg8ocJeMFa1Fn8PhBzVJKScTmfihayZcITnFemZSdULRi0YaypH5A=mo,"bagus sih, cuma kaya kurang niat aja bikin aplikasinya hehee",2,0,8.6.2,2025-04-10 11:20:48,,,8.6.2
34383632-a78e-4845-9eb1-25a28ee59a0d,Muhammad Dimas Handika,https://play-lh.googleusercontent.com/a-/ALV-UjUh0kCsBtQ8kIZW0ZXsYC7dum6NbZNi63yCVYrX91y7zgGHPQo,"oi min knapa paket data 5gb yang seharga 17k hilang, kikir amat di hilangin",2,0,,2025-04-10 11:17:08,,,
b9234f46-ca33-4259-b555-d1649b083aaf,AL FATAH,https://play-lh.googleusercontent.com/a/ACg8ocIe8kWXaUXUU-ZpNIkz4UE6p_UE4cDlG71rJI5ELOoFbJkwRg=mo,"Aplikasi apaan ini, makin lama signal nya nggak bagus, sudah gitu buka aplikasi nya susah terus, sekedar cek sisa kuota pun, huffftt",1,0,,2025-04-10 11:13:45,"Maaf banget Kak Fatah. Perihal aplikasi MyTelkomsel gak bisa dibuka, silakan coba cara berikut ya Kak:
1. Clear cache aplikasi
2. Force close aplikasi.
Untuk kendala sinyal lemah, silakan restart HP Kakak ya. Jika masih mengalami kendala, bisa hubungi kami melalui DM Instagram @Telkomsel atau chat di tsel.id/chatva. Semoga membantu :) -Ken",2025-04-10 11:48:28,
a768b6d2-5c1d-485f-8835-d8a602dc0486,Puja Sulaeman,https://play-lh.googleusercontent.com/a/ACg8ocI_b3dtdE-TWec6cvYLcXlyUKr7hxXW9VRu5ZTh8EPPplJy1Ik=mo,Benerin apk lu ini ngelag blok.,1,1,8.6.2,2025-04-10 11:12:56,"Hai Kak Puja. Mohon maaf untuk ketidaknyamanannya ya, silakan coba cara berikut ya Kak:
1. Clear cache aplikasi
2. Force close aplikasi
lalu coba login kembali, apabila masih mengalami kendala aplikasi MyTelkomsel lambat, silakan hubungi kami melalui DM Instagram @Telkomsel atau hubungi kami di tsel.id/chatva. Semoga membantu. :) -Ken",2025-04-10 11:48:56,8.6.2
95226c92-98d8-472b-a8f6-88687f7731dc,Michrom Muhammad kallam,https://play-lh.googleusercontent.com/a-/ALV-UjXc3G4YBdDvXwduqwHbFgFj-tvRujGzPRCInVWKjHZ2NHiRe9A,aplikasi sampah lemot bener padahal jaringan 500mbps kaga jelas servernya,1,0,8.7.0,2025-04-10 11:11:54,"Hai Kak Michrom. Mohon maaf untuk ketidaknyamanannya ya, silakan coba cara berikut ya Kak:
1. Clear cache aplikasi
2. Force close aplikasi
lalu coba login kembali, apabila masih mengalami kendala aplikasi MyTelkomsel lambat, silakan hubungi kami melalui DM Instagram @Telkomsel atau hubungi kami di tsel.id/chatva. Semoga membantu. :) -Ken",2025-04-10 12:02:11,8.7.0
ae919dce-5e4c-47f7-8cc0-088f6ed1d35b,Muhammad adha Rizki p,https://play-lh.googleusercontent.com/a-/ALV-UjW4nrHQ5wtunDCiJeI_ckyZFD79i4_zL0U0YXGLS_d5w5RLJlOl,"kerenn my Telkomsel, banyak diskon nyaa dan banyak yang murahh di my Telkomsel",5,0,8.3.0,2025-04-10 11:11:12,"Hai Kak Adha, terima kasih tetap setia menggunakan layanan Telkomsel. Apresiasi dari Kakak sangat berarti bagi kami dalam meningkatkan layanan dan performa MyTelkomsel. Have a great day :) -Ken",2025-04-10 14:22:49,8.3.0
3484e12d-d48b-4e0e-8797-21f4921d5786,Jhupenk Jhup,https://play-lh.googleusercontent.com/a/ACg8ocI84Bty0CXu1q189Xm5S80LbP2VcGhxe-e31Z8T78FUnZuIKQ=mo,my Telkomsel aplikasi yg bagus .,5,0,8.6.2,2025-04-10 11:00:58,"Hai Kak Jhupenk, terima kasih tetap setia menggunakan layanan Telkomsel. Apresiasi dari Kakak sangat berarti bagi kami dalam meningkatkan layanan dan performa MyTelkomsel. Have a great day :) -Ken",2025-04-10 14:26:09,8.6.2
f52d632a-8c5d-4e6c-82dc-663e9f659053,bastian arif54,https://play-lh.googleusercontent.com/a/ACg8ocJPJWnBIMi-NFrHnfhHy7EpCEyieXHg1-lphD5Ug-qOB3MyhQ=mo,masa ga bisa buat login,3,0,,2025-04-10 11:00:13,,,
56062776-71c7-40a2-8360-2201bb579b88,Lucky Setiawan,https://play-lh.googleusercontent.com/a-/ALV-UjUJnSO7n8bMwdHG0cjm4suadM2dqz3awSie0rKjD8qQZGtmUS69,buseh ngeleg pisan ni apk,3,0,8.6.2,2025-04-10 10:58:51,,,8.6.2
4e784f37-c096-43bd-a67c-b39dee4a075c,wahyu Dian,https://play-lh.googleusercontent.com/a/ACg8ocKHgMN1SOF_PzQxCkCjhNYUGEj6vJAkF775L1OZr4zv2-NVnA=mo,"sinyal telkomsel sekarang parah bgt.. ilang"" terus.. tolong d perbaiki",5,0,8.6.2,2025-04-10 10:58:25,,,8.6.2
4d8b81a1-4a14-40e2-b23d-b9be80e0c955,Asry Asmawi,https://play-lh.googleusercontent.com/a-/ALV-UjXbLNFKB8sBR7upwFm93BOhiB8cRTN82EaVpKPXBYDpeftTZ2mR,"di abdet terus tapi susah login, kalaupun bisa login belum terbuka fiturnya udah keluar lagi dari app. app ini jelek banget!!!",1,0,8.7.0,2025-04-10 10:57:54,"Hai Kak Asry. Mohon maaf untuk ketidaknyamanannya, silakan coba login kembali setelah beberapa saat. Apabila aplikasi MyTelkomsel masih force closed, silakan hubungi kami melalui DM Instagram @telkomsel atau hubungi kami di tsel.id/chatva . Semoga membantu :)-Ken",2025-04-10 11:30:16,8.7.0
363c3cf6-1c12-4c05-b66e-b348fae8e32d,Sherly,https://play-lh.googleusercontent.com/a/ACg8ocKhMQNE43wU3cfbZy8PDwoyzzyC7Uxy7ppg1NbxWPkugpYeqw=mo,katanya jaringannya bagus apanya bagus error terusss,1,0,8.6.2,2025-04-10 10:55:59,"Hai Kak Sherly. Mohon maaf untuk ketidaknyamanannya, untuk kendala jaringan lemah/gak stabil silakan coba restart handphone Kakak. Apabila masih terdapat kendala silakan hubungi kami di DM Instagram @telkomsel atau hubungi kami di tsel.id/chatva. Semoga membantu. :) -Ken",2025-04-10 11:49:59,8.6.2
7b1f1d98-1547-4421-8bc3-675f69c90642,Raka Pratama,https://play-lh.googleusercontent.com/a-/ALV-UjX8wTo2vG8_P00LhbxjABJgZJ3CdTxdfQkAmdlmOY3sNSDSH6Pr,"SEMOGA TELKOMSEL BANGKRUT,, PENGGUNA TELKOMSEL PADA PINDAH,,, KUOTA MAHAL JARINGAN LEMOT.",1,0,8.6.2,2025-04-10 10:52:27,Hai Kak Raka. Maaf banget ya. Silakan akses aplikasi MyTelkomsel untuk mendapatkan lebih banyak pilihan dan penawaran paket datanya ya. Untuk keluhan akses internet lambat silakan coba restart handphone Kakak. Jika masih terdapat kendala silakan hubungi kami di DM Instagram @telkomsel atau hubungi kami di tsel.id/chatva. Semoga membantu. :) -Ken,2025-04-10 11:37:22,8.6.2
45460cb3-95c2-4051-a556-861135f9b5c2,Slam Setiady,https://play-lh.googleusercontent.com/a/ACg8ocIWmPj4FQ8DeJFis_YD2B0qCfrKAeU9K5E4owB0jpYUkFZhFQ=mo,"aplikasi terlalu berat, lemoootttt padahal sinyal full",1,0,8.6.2,2025-04-10 10:50:30,"Hai Kak Slam. Mohon maaf untuk ketidaknyamanannya ya, silakan coba cara berikut ya Kak:
1. Clear cache aplikasi
2. Force close aplikasi
lalu coba login kembali, apabila masih mengalami kendala aplikasi MyTelkomsel lambat, silakan hubungi kami melalui DM Instagram @Telkomsel atau hubungi kami di tsel.id/chatva. Semoga membantu. :) -Ken",2025-04-10 12:04:02,8.6.2
7c2ec51e-5c1f-49e0-a703-9f7004a1879e,Mohammad Ainul Holid,https://play-lh.googleusercontent.com/a/ACg8ocIxc9lIrBbYrNaeTZfHi8bgr9hTzH6oth8yl6qJEIZIGvjBdg=mo,jaringan penuh malah ngelag terus menerus heran saya,1,0,8.7.0,2025-04-10 10:50:05,"Hai Kak Ainul. Mohon maaf untuk ketidaknyamanannya, perihal keluhan akses internet lambat silakan coba restart handphone KakaFk. Apabila masih terdapat kendala silakan hubungi kami di DM Instagram @telkomsel atau hubungi kami di tsel.id/chatva. Semoga membantu. :) -Ken",2025-04-10 11:37:59,8.7.0
d61ea72a-aa9e-48c1-8d58-36e2c64ebcd4,Hester Tampubolon,https://play-lh.googleusercontent.com/a-/ALV-UjU4VvU4dQEWwlLt0we_feG_IbuFQP19QF5-yDhvfEWQEJlRg4jGfg,wifi sampah lo,1,0,6.18.0,2025-04-10 10:49:05,Hai Kak Hester. Mohon maaf untuk ketidaknyamanannya. Untuk kendalanya Kakak bisa langsung menghubungi kami di DM Instagram @Telkomsel atau hubungi kami di tsel.id/chatva . Semoga membantu. :) -Ken,2025-04-10 12:04:22,6.18.0
3e4013bd-5295-4384-b040-9bf3dd7d720d,Dadan Ginanjar,https://play-lh.googleusercontent.com/a-/ALV-UjU625IhvzOkoYQBaAhPj9YIg1OBbi6kMMLfwdqktagOG6JpR6Me,Sekarang sinyal Telkomsel paling jelek di banding yg lain. Ga sebanding udah mahal lemot,1,0,8.6.2,2025-04-10 10:48:58,Hai Kak Dadan. Maaf banget ya. Silakan akses aplikasi MyTelkomsel untuk mendapatkan lebih banyak pilihan dan penawaran paket datanya ya. Untuk keluhan akses internet lambat silakan coba restart handphone Kakak. Jika masih terdapat kendala silakan hubungi kami di DM Instagram @telkomsel atau hubungi kami di tsel.id/chatva. Semoga membantu. :) -Ken,2025-04-10 11:38:40,8.6.2
8a625434-150d-41d9-84a2-a60b8acb4b1e,Toto Cellusetia,https://play-lh.googleusercontent.com/a/ACg8ocKj9VJKO2EwgQzVXS_rq5mtFRRkyXzquI5xSPBi0Gwyy-_YCQ=mo,aplikasi terlalu lambat loading terlalu lama,1,0,,2025-04-10 10:48:12,"Hai Kak Toto. Mohon maaf untuk ketidaknyamanannya ya, silakan coba cara berikut ya Kak:
1. Clear cache aplikasi
2. Force close aplikasi
lalu coba login kembali, apabila masih mengalami kendala aplikasi MyTelkomsel lambat, silakan hubungi kami melalui DM Instagram @Telkomsel atau hubungi kami di tsel.id/chatva. Semoga membantu. :) -Ken",2025-04-10 11:39:10,
c4e318a1-9210-4f17-a231-8efc3b7ac94e,Aditya018 Aditya018,https://play-lh.googleusercontent.com/a/ACg8ocK_QTqTV1DGJG7b1EWZLaTbP1IXwiBlcbULxiNbTHlGYhGerw=mo,paket elit jaringan sulit,1,0,8.6.2,2025-04-10 10:45:05,Hai Kak Aditya. Maaf banget ya. Silakan akses aplikasi MyTelkomsel untuk mendapatkan lebih banyak pilihan dan penawaran paket datanya ya. Untuk keluhan sinyal lemah silakan coba restart handphone Kakak. Jika masih terdapat kendala silakan hubungi kami di DM Instagram @telkomsel atau hubungi kami di tsel.id/chatva. Semoga membantu. :) -Ken,2025-04-10 11:29:42,8.6.2
c5c07cd1-e9ba-489d-ad0a-923e19213216,ser wedi,https://play-lh.googleusercontent.com/a-/ALV-UjXy7TF4ixwq11_Xr1kTEfHpY1XTYW2DCr8_QBcOIy3RJRzaueY_,"Sekarang Jaringan Telkomsel di Duri-Riau tidak ada Bagus nya, beli Paket Mahal malah Lemot dan ngelag. sangat mengecewakan 😤",1,0,8.7.0,2025-04-10 10:31:31,Hai Kak Wedi. Maaf banget ya. Silakan akses aplikasi MyTelkomsel untuk mendapatkan lebih banyak pilihan dan penawaran paket datanya ya. Untuk keluhan sinyal lemah silakan coba restart handphone Kakak. Jika masih terdapat kendala silakan hubungi kami di DM Instagram @telkomsel atau hubungi kami di tsel.id/chatva. Semoga membantu. :) -Ken,2025-04-10 11:33:50,8.7.0
0b072a68-3b36-40f7-ac89-804ff6895abb,Arief Suderman,https://play-lh.googleusercontent.com/a-/ALV-UjVkr3NEvLLWLPqIbEqd2uf02x_UGSt7-CMe19_S4-pHf-YUKlqJrw,sering bngt pkek app ini gak pernah bsa di buka aneh emang,1,0,8.3.0,2025-04-10 10:25:56,"Hai Kak Arief. Mohon maaf untuk ketidaknyamanannya ya, silakan coba cara berikut ya Kak:
1. Clear cache aplikasi
2. Force close aplikasi
lalu coba login kembali, apabila aplikasi MyTelkomsel masih mengalami kendala gak bisa dibuka, silakan hubungi kami melalui DM Instagram @Telkomsel atau hubungi kami di tsel.id/chatva. Semoga membantu. :) -Ken",2025-04-10 11:33:27,8.3.0
ff979028-ee53-4c61-8b34-ab8d92cd6897,Yanforman Sarumaha,https://play-lh.googleusercontent.com/a-/ALV-UjVjp7G_GGpYV0samKBXIsQH_n5yv_WND-qPmEB33LrXH4sVDNG0,mahal doang nge game kek taik jaringannya,1,0,8.6.2,2025-04-10 10:25:01,Hai Kak Yanforman. Maaf banget ya. Silakan akses aplikasi MyTelkomsel untuk mendapatkan lebih banyak pilihan dan penawaran paket datanya ya. Untuk keluhan akses internet lambat silakan coba restart handphone Kakak. Jika masih terdapat kendala silakan hubungi kami di DM Instagram @telkomsel atau di tsel.id/chatva. Semoga membantu. :) -Ken,2025-04-10 11:34:16,8.6.2
544c5452-e8c1-4ea4-b70c-ef2b4ad49dcc,Brilian HelfaStev,https://play-lh.googleusercontent.com/a-/ALV-UjU54MWgnDXZt0Nz-YuTjqjdO7mpNN7KM28T--oBZ4psmxKzRR6r,"KUOTA,SINYAL ELIT. KECEPATAN JARINGAN SULIT PEPEK",1,0,8.7.0,2025-04-10 10:22:27,"Hai Kak Brilian. Mohon maaf untuk ketidaknyamanannya, perihal keluhan akses internet lambat silakan coba restart handphone KakaFk. Apabila masih terdapat kendala silakan hubungi kami di DM Instagram @telkomsel atau hubungi kami di tsel.id/chatva. Semoga membantu. :) -Ken",2025-04-10 11:34:51,8.7.0
cef0f647-079f-433e-bf26-e1b68b4f7465,Aploy Ramos,https://play-lh.googleusercontent.com/a/ACg8ocIJC-AoDLCr1R7wpTfizkzzAIQppHG-3suonz7Bw5z5UeE4Ww=mo,apk sering eror,1,0,,2025-04-10 10:21:48,"Hai Kak Aploy. Mohon maaf untuk ketidaknyamanannya ya, silakan coba cara berikut ya Kak:
1. Clear cache aplikasi
2. Force close aplikasi
lalu coba login kembali, apabila aplikasi MyTelkomsel masih mengalami kendala gak bisa diakses, silakan hubungi kami melalui DM Instagram @Telkomsel atau hubungi kami di tsel.id/chatva. Semoga membantu. :) -Ken",2025-04-10 11:35:44,
e1ac4e7c-ef16-4bd7-915f-26b767c10fa6,Affan Affan,https://play-lh.googleusercontent.com/a-/ALV-UjUAlJb3OgncYdl7X4DGr1mJvgIgrcHnGXgEe6Y66K6DG24suO1X,"sinyal sangat buruk padahal hanya 100meter dari menara seluler Telkomsel, tolong untuk di perbaiki min",2,0,8.6.2,2025-04-10 10:21:27,,,8.6.2
6196ea85-9180-491a-a2e1-2ecfff72c57c,Wulan Aliya,https://play-lh.googleusercontent.com/a/ACg8ocLwhgJfbRX_2GdNrDf97B4DIXkESrWO2p469a8d0RtuO7O6Dw=mo,cukup,3,0,,2025-04-10 10:15:46,,,
822490ae-e76c-42f2-96fd-f3387457e2f0,Rizky Putra,https://play-lh.googleusercontent.com/a-/ALV-UjVaSJZbDsSD3GhM4Ff5_NdzMjWqnlxubaVubZAmjwhu9csx6-Uz,"Aplikasi nya cukup bagus dan cukup membantu, tapi sebaiknya di tambah kan fungsi pengamanan pulsa, supaya jika paket internet kita habis maka pulsa kita tidak tersedot, jadi kami bisa lebih leluasa dan tidak khawatir jika pulsa kita tersedot🙏🙏 Edit: sudah ditambahkan, bagus, auto bintang 5⭐⭐⭐⭐⭐",5,1,8.6.2,2025-04-10 10:14:21,"Hai Kak Rizky, terima kasih tetap setia menggunakan layanan Telkomsel. Apresiasi dari Kakak sangat berarti bagi kami dalam meningkatkan layanan dan performa MyTelkomsel. Have a great day :) -Ken",2025-04-10 14:23:05,8.6.2
ba7fc243-cb4f-4bc7-a1a8-4701154b0aaf,iing Maulana,https://play-lh.googleusercontent.com/a-/ALV-UjUhGSOyPJHlE7IBr0_j5cnCXmC1JT2tiKA7um3-erpaBGERZcg,Saya pake kartu Telkomsel lite dan saya membeli paket yang 100GB di aplikasi my telkomsel tapi kenapa jaringan nya sangat buruk sekali truss nyoba pindah pindah lokasi tetep aja sinyal nya buruk padahal kuota baru di isi yang 100GB bahkan kota jakarta pun yang terbilang sinyal sangat luas tetep saja lemot ini sebetul nya yang bermasalah di apa nya kuota ada 100GB masa aktif kartu masih lama cuma kenapa jaringan nya benar benar buruk sekali kalau masih kayak gini truss mah jaringan nya,1,0,8.6.2,2025-04-10 10:13:05,,,8.6.2
1b559b03-75aa-4947-a2b6-05cec106bd06,Ian Moetz,https://play-lh.googleusercontent.com/a-/ALV-UjVV6jRBvAISPfUEs-Od46_jVI927UBSBonht6X2vcSzGq4OeR_6,operator ga jelas udah laporan ke gerai masih aja sama suka maling pulsa orang ga pake internet tp pulsa di potong terus laporan melalui apknya lebih parah layanan nya udh 1 jam lebih operator nya ga jelas tolong jgn suka maling pulsa orang jaringan pakai wifi malah di potong terus bilang pakai internet ga jelas lu,1,0,,2025-04-10 10:09:37,,,
9f1dc3eb-7a56-4b47-9e0a-f337a349aa98,M.N Rido,https://play-lh.googleusercontent.com/a-/ALV-UjUKfuaG0HnGYSxH72nnxfp4E3IFfGePoGWpqVIdW1nnFqLh26gD,sinyal bagus tapi tapi pas buka aplikasi nya tetep ngelag ga jelas,1,0,8.6.2,2025-04-10 10:09:09,"Hai Kak Rido. Mohon maaf untuk ketidaknyamanannya ya, silakan coba cara berikut ya Kak:
1. Clear cache aplikasi
2. Force close aplikasi
lalu coba login kembali, apabila masih mengalami kendala aplikasi MyTelkomsel lambat, silakan hubungi kami melalui DM Instagram @Telkomsel atau hubungi kami di tsel.id/chatva. Semoga membantu. :) -Ken",2025-04-10 11:36:12,8.6.2
eff498ef-cee5-4362-8339-a55b209dc5f1,Maulana 1505,https://play-lh.googleusercontent.com/a-/ALV-UjX1JIXGGd7zkSOFf-oEGy1fXov2zZtPEr5VCl-SFTsXG-KiR9s,"nih apk makin kesini update trs, berat bet. ya gmna ya, padahal nih hp kuat loh main game berat juga dilibas ram besar 8/258 lecet pemakean, selebih total los, japri, net, angkut dah tuh..Lagi BU soalnya, No BT/TB, pengen dijual aja.....udh fiks si di apknya bermasalahnya...udh enak sinyal Telkomsel dirumah gua gk kaya dulu mau nyari sinyal satu biji aja susah...tapi kemaren ni jaringan Telkomsel bermasalah trs 2 hari...what happen? aya naon?",5,0,8.1.0,2025-04-10 10:08:17,,,8.1.0
5ca60ab2-4dfa-49ae-9793-fa6ffab41402,Betsy Matheos,https://play-lh.googleusercontent.com/a-/ALV-UjXwxZOy60Y1OkoE8noXDf0X2CZgzzSippteS6xrowsOqooRbg5f,"setelah membaca semua ulasan di sini baru saya paham ternyata yg slh bukan jaringan atau hp saya,tapi emang apk nya. contohnya pas pengisian pulsa ada paket yg sesuai kt minati,misalnya 12 gb 20 rbu 7 hari pas di isi pulsanya semua harga paket dan nominal paket terganti yang tadinya cuman isi 20 harus mau nambah lagi biar dapat kuota sesuai,kalaupun dana sdh tdk cukup,mau g mau harus beli kuota yg di bwh sesuaikan dgan nominal pulsa. biasa 20 rbu 12 gb malah jdi 20 rbu 2 gb,telkom telkom🙁",2,0,8.6.2,2025-04-10 10:05:17,,,8.6.2
d09cb4fc-831d-4d33-b014-8a1626f46c42,Aksa Muhammad,https://play-lh.googleusercontent.com/a/ACg8ocImAwb3Ey0G4LjIL0ZSlMqrFduuesVfxskNmB1pGVXxk3AXcg=mo,"Dari banyak aplikasi operator: myim3, bima+, myxl, axisnet... Yg terburuk jatuh kepada my telkomsel 🤣 Bug semua isinya",1,0,8.6.2,2025-04-10 10:02:39,"Hai Kak Aksa. Mohon maaf untuk ketidaknyamanannya ya, silakan coba cara berikut ya Kak:
1. Clear cache aplikasi
2. Force close aplikasi
lalu coba login kembali, apabila aplikasi MyTelkomsel masih mengalami kendala saat digunakan, silakan hubungi kami melalui DM Instagram @Telkomsel atau hubungi kami di tsel.id/chatva. Semoga membantu. :) -Ken",2025-04-10 11:39:58,8.6.2
5e157dfb-e435-4e12-8080-51688753e115,Nurul Wae,https://play-lh.googleusercontent.com/a/ACg8ocJMvAzgm6kUkDdkfp7ApR--9VcifzetbicRyMuCRlchXT7buw=mo,"aplikasinya lemot,buat ngecek kuota lemot. sinyal padahal bagus,berulang kali direfresh sama saja",1,0,8.4.2,2025-04-10 10:01:12,"Hai Kak Nurul. Mohon maaf untuk ketidaknyamanannya ya, silakan coba cara berikut ya Kak:
1. Clear cache aplikasi
2. Force close aplikasi
lalu coba login kembali, apabila masih mengalami kendala aplikasi MyTelkomsel lambat, silakan hubungi kami melalui DM Instagram @Telkomsel atau hubungi kami di tsel.id/chatva. Semoga membantu. :) -Ken",2025-04-10 11:40:21,8.4.2
9e116b58-f583-41c2-a993-7f2ac84ce565,Ahmad,https://play-lh.googleusercontent.com/a-/ALV-UjXgc37ChhtSAsWCO6nT121DWLExjA95BYFM9YtYs5GruVHsccQq,"Jaringannya gg edit : disuruh kasih keluhan, eh pas beneran dikasih keluhan malah ga peduli awokawok udahlah mending pakai wifi aja kalau yang berurusan sama SIM card itu cuma buat keperluan penting aja jangan gblg jadi manusia 🫶🏻",2,0,8.7.0,2025-04-10 09:59:51,"Mohon maaf ya, Kak Ahmad. Untuk keluhan jaringan agar dapat mimin bantu lebih lanjut, silakan konfirmasi ke Twitter @Telkomsel, atau bisa melalui Telegram @Telkomsel_official_bot , Facebook Messenger 'Telkomsel', LINE @Telkomsel, atau WhatsApp Telkomsel Virtual Asisten. Makasih :) –Lina",2022-06-10 05:20:11,8.7.0
a6e20c21-ba28-4fd8-aae9-884cd71e26dc,Jahar Wahidi,https://play-lh.googleusercontent.com/a/ACg8ocKXE_pXq8zKa91kkO7NIOmvnpL1obZXiEJ0ADIzLCbxwrSR-w=mo,apk nya lemot,1,0,,2025-04-10 09:57:19,,,
147df75d-44ae-48f2-9069-6c0404bc5783,Indra Lesmana,https://play-lh.googleusercontent.com/a/ACg8ocKeYyuDfXoAkYMsiJGnZ2BoFE6o6gqGOsmgXuFP03F4LspYX6s=mo,"ini my telkomsel kenapa si.? gak bisa bisa , gak jelas.",1,0,8.6.2,2025-04-10 09:54:19,,,8.6.2
a1142154-03ec-4617-adbb-71124fef092e,Andri Utama Augusty,https://play-lh.googleusercontent.com/a-/ALV-UjUVKE3rVqVpEWy9RMhPlZWxuabI8wJDMByQMFlGkJlvWEqAJdBN,mau cek kuota susah banget.,1,0,8.6.1,2025-04-10 09:54:11,"Hai Kak Andri. Mohon maaf untuk ketidaknyamanannya ya, silakan coba cara berikut ya Kak:
1. Clear cache aplikasi
2. Force close aplikasi
lalu coba login kembali, apabila aplikasi MyTelkomsel masih mengalami kendala gak bisa dibuka, silakan hubungi kami melalui DM Instagram @Telkomsel atau hubungi kami di tsel.id/chatva. Semoga membantu. :) -Ken",2025-04-10 11:56:38,8.6.1
b927d3c7-946e-48da-b7ab-354b88865a2d,Romensh Syerik,https://play-lh.googleusercontent.com/a-/ALV-UjUzM4BBbzrQQX8c4-gZKWQLwCcu9t2Z72dE3RT_XnCNNQD88ME,"tolong perbaiki aplikasi telkomsel kalau di buka susah masuk,padahal buka aplikasi lain langsung masuk..",1,0,8.7.0,2025-04-10 09:53:01,"Hai Kak Romensh. Mohon maaf untuk ketidaknyamanannya ya, silakan coba cara berikut ya Kak:
1. Clear cache aplikasi
2. Force close aplikasi
lalu coba login kembali, apabila masih mengalami kendala gak bisa masuk aplikasi MyTelkomsel, silakan hubungi kami melalui DM Instagram @Telkomsel atau hubungi kami di tsel.id/chatva. Semoga membantu. :) -Ken",2025-04-10 11:57:25,8.7.0
88f7375e-0509-4488-bf21-f9c0cd8f3d74,Tuty Rovidah,https://play-lh.googleusercontent.com/a/ACg8ocKOgf88KvlGhxXWTflULVHbmSCoWjERaVb5bdY0P-G8TlVeRg=mo,sangat membantu !!!,4,0,,2025-04-10 09:50:31,"Hai Kak Tuty, terima kasih. Tetap pakai aplikasi MyTelkomsel ya 😊 -Sekar",2025-04-11 06:27:50,
3bea7a07-8ff4-463b-9979-0b5b1db429a0,Ade Agustian,https://play-lh.googleusercontent.com/a-/ALV-UjUmNWfiZcOuBDBtDWaIrAq4xGmVfJnVx3mNcbjrfq0YhUu7dN3V,"aplikasi gaguna, aneh x aplikasi gk seperti apk yg lain",1,0,8.6.2,2025-04-10 09:49:25,"Halo, Kak Ade. Maaf banget ya. Yuk infoin detail pertanyaan atau kendala yang Kakak alami pada produk dan layanan Telkomsel melalui fitur bantuan di DM Instagram @Telkomsel atau hubungi kami di tsel.id/chatva.Semoga membantu :) -Ken",2025-04-10 11:41:16,8.6.2
91dd12bf-abe9-4c9c-bef8-b88a90538a1a,Free Fire,https://play-lh.googleusercontent.com/a/ACg8ocIPfGmz94lVGAQ01nBnYmaYd1lkPhjw2BTe93eJwoFtA_Qasw=mo,"kenapa sih sekarang telkomsel ini, baru saja dibayar lalu minta lagi dia mohon di perbaiki ya",2,0,,2025-04-10 09:45:15,,,
38696c14-2851-4fee-84f2-5dcc44da470d,Meti Misnawati1234,https://play-lh.googleusercontent.com/a-/ALV-UjWsQBsIV_G6sMB8-169xUxkf69lcoFSlOwP4Cg11Qc2H2OzVIg,sinyal nya jelek banget,1,0,8.6.2,2025-04-10 09:43:38,"Hai Kak Meti. Mohon maaf untuk ketidaknyamanannya, untuk kendala sinyal lemah/gak stabil silakan coba restart handphone Kakak. Apabila masih terdapat kendala silakan hubungi kami di DM Instagram @telkomsel atau hubungi kami di tsel.id/chatva. Semoga membantu. :) -Ken",2025-04-10 11:43:07,8.6.2
93a936a3-9e49-4c67-84f0-77a3b3bdc588,Tdv 16,https://play-lh.googleusercontent.com/a/ACg8ocK863y3D87h8H5N55BgOtzY-hzfmYwRXWxlwrVm1PDtvVXxcQ=mo,kasih bintang 3 aja ah. apa kali ini apk. tiap diakses mo cek data kok ngelag terus gajelas..,3,0,8.7.0,2025-04-10 09:43:09,,,8.7.0
a6a7eadf-f018-4952-b9ab-94b8d9bc4867,Dedi Waruhu,https://play-lh.googleusercontent.com/a/ACg8ocLVSdD-zhuDEZSIPyjy61fbLdFGDuiNDrPgtt2J_xcIcyQHJw=mo,aplikasi kek ttaii,3,0,8.7.0,2025-04-10 09:40:54,,,8.7.0
cf620c33-7312-48f8-9b53-ea16854d6dad,Tjia-Rikie,https://play-lh.googleusercontent.com/a/ACg8ocK4QsIjbtxTUdrgAPa-T7fmDaUClxlocgXffW7Lh1BizURJeA=mo,"ternyata bukan saya aja yang ngalamin masalah jaringan, banyak juga yang komen negatif ttg telkomsel. saya uda bertahun2 pake telkomsel, baru sekarang ngalamin jaringan lemot, uda ganti2 apn tetep aja lemot. tolong dong telkomsel, dibenahin lagi jaringannya. sinyal 4g malah kayak 3g/2g. mana kemaren pas saya posisi di jalan mo pulang pake gojek malah ga bisa2 apa. sinyal 4g + bar penuh. untung ada orang yg baik hati ngasi share datany buat internet jadi bisa aktif lagi.",1,0,8.6.2,2025-04-10 09:37:10,,,8.6.2
ce6e9656-7a37-4dbe-979d-2916863633f4,feri adiansah,https://play-lh.googleusercontent.com/a/ACg8ocKox1DG1xl6hGYoqNGD6seN_w7qLuZNxp4e6_H-96J0tkd9uA=mo,"kenapa yaa,kalo mau beli kouta setiap sebulan sekali suruh login lagi ke aplikasinya. tolong di perbaiki👍",1,0,8.6.2,2025-04-10 09:36:12,,,8.6.2
6c34a454-1177-4802-a357-7239c6cbf1ba,Tomi Page,https://play-lh.googleusercontent.com/a-/ALV-UjVr-3qZAS1_l44gk-ROCnrN3CjkBI1kw4IRffMUdHoQTU5_taKp,bagus 👍👍,5,0,8.6.2,2025-04-10 09:33:00,"Hai Kak Tomi, terima kasih tetap setia menggunakan layanan Telkomsel. Apresiasi dari Kakak sangat berarti bagi kami dalam meningkatkan layanan dan performa MyTelkomsel. Have a great day :) -Ken",2025-04-10 14:23:23,8.6.2
a2c1db98-15b3-4b6f-a76b-18205e41f94e,Ahmad Nurfais,https://play-lh.googleusercontent.com/a-/ALV-UjUNrlzBjj3ntmtFmuFXc70S5IML7a299O3zNJKlrcCtyS8AtgEr,gimana si gua kaga bisa login ke Telkomsel nya payah banget sih bikin gua kesel,1,0,8.6.2,2025-04-10 09:29:58,"Hai Kak Ahmad. Mohon maaf untuk ketidaknyamanannya ya, silakan coba cara berikut ya Kak:
1. Clear cache aplikasi
2. Force close aplikasi
lalu coba login kembali, apabila masih mengalami kendala gagal login, silakan hubungi kami melalui DM Instagram @Telkomsel atau hubungi kami di tsel.id/chatva. Semoga membantu. :) -Ken",2025-04-10 11:59:54,8.6.2
e0821d29-45fb-445d-b29c-9f8d71f1b8c5,Sasi Rafka,https://play-lh.googleusercontent.com/a-/ALV-UjXSpVASjhaa_hjZbhWilgoD8fQTEkpFQyd5Zxs4AiYOowudvrZ8,"sudah pakai kartu as 7 tahun ,, jaringan. bagus",5,0,8.7.0,2025-04-10 09:28:10,"Hai Kak Sasi, terima kasih tetap setia menggunakan layanan Telkomsel. Apresiasi dari Kakak sangat berarti bagi kami dalam meningkatkan layanan dan performa MyTelkomsel. Have a great day :) -Ken",2025-04-10 14:28:17,8.7.0
a49f297d-68b5-4f4f-ba6c-29f08d7d0b24,Novita T . H,https://play-lh.googleusercontent.com/a-/ALV-UjXPyInexvbTbP9XBEKeB8HDM19Fd9qYaRtVOx1wkt1vYd5Mok_8,"Kenapaaaaaa Kok malah jd gak berfungsi di hpku ☹️ Padahal udah instal lama, jd harus unisntal krna gak berfungsi lagi huhuhu",5,0,8.6.2,2025-04-10 09:28:09,,,8.6.2
b9ef7093-ac15-4a71-bc55-ac6b0ee4705e,Fahri Alfian,https://play-lh.googleusercontent.com/a/ACg8ocLZ-sub0WNSbVbBPC55IhIql0q83Gh0BL2QYCbqMkcI7txeAw=mo,"apk nya ga jelas sering log out sendiri, udah login nya susah banget, login verifikasi nya ampun berjam' cuma nunggu notif nya masuk sampah banget, padahal jaringan bagus tolong lah kerja sama nya, d perbaiki yg bener, agar konsumen nyaman",1,0,,2025-04-10 09:27:43,"Hai Kak Fahri. Mohon maaf untuk ketidaknyamanannya, silakan coba login kembali setelah beberapa saat. Apabila aplikasi MyTelkomsel masih force closed, silakan hubungi kami melalui DM Instagram @telkomsel atau hubungi kami di tsel.id/chatva . Semoga membantu :)-Ken",2025-04-10 12:00:21,
4b6d53c7-b8dc-4152-992d-f83796856e82,Surya Zainuddin Panji,https://play-lh.googleusercontent.com/a-/ALV-UjUZh2zOZd23u8BqKv2iI_VSrllyHnvVtOR9uDKavilKrbCI3RA,Baru mencoba aplikasi MyTelkomsel ... belum tahu apa bisa digunakan saat diperlukan...,5,0,8.6.2,2025-04-10 09:26:22,"Hai Kak Surya, terima kasih tetap setia menggunakan layanan Telkomsel. Apresiasi dari Kakak sangat berarti bagi kami dalam meningkatkan layanan dan performa MyTelkomsel. Have a great day :) -Ken",2025-04-10 14:30:00,8.6.2
9e904ace-75a8-46df-8b47-54c5215139cf,Humaidi,https://play-lh.googleusercontent.com/a-/ALV-UjWuU1wQoauLTuRudKKR79-x9WmEtJeYpFiNp-pP6Nr4CmElcHcO,apk jelek,1,0,8.7.0,2025-04-10 09:21:51,Hai Kak Humaidi. Mohon maaf untuk ketidaknyamanannya. Untuk kendalanya Kakak bisa langsung menghubungi kami di DM Instagram @Telkomsel atau hubungi kami di tsel.id/chatva . Semoga membantu. :) -Ken,2025-04-10 12:00:44,8.7.0
20a82e9b-b7be-458f-9ae8-7a68d0541b3f,muhammad ridwan,https://play-lh.googleusercontent.com/a-/ALV-UjWWNAEFwdZ2I0l4fGoA_1xGJUQKNI8r4F_q8l7oZoUgPROuNbk,apk rusak,1,0,8.6.2,2025-04-10 09:17:46,"Hai Kak Ridwan . Mohon maaf untuk ketidaknyamanannya ya, silakan coba cara berikut ya Kak:
1. Clear cache aplikasi
2. Force close aplikasi
lalu coba login kembali, apabila aplikasi MyTelkomsel masih mengalami kendala gak bisa dibuka, silakan hubungi kami melalui DM Instagram @Telkomsel atau hubungi kami di tsel.id/chatva. Semoga membantu. :) -Ken",2025-04-10 09:25:12,8.6.2
0b35b7be-3b2d-4715-a37f-e979b74d013f,REVAZ _109,https://play-lh.googleusercontent.com/a/ACg8ocJC5xHnnBXx8yqhaKsXB7C33YJCyJ9og66HrHnTDFviBjTB9w=mo,Ga bisa dibuka padahal signal bagus tetap aja loding,1,0,8.6.2,2025-04-10 09:17:26,"Hai Kak Revas. Mohon maaf untuk ketidaknyamanannya ya, silakan coba cara berikut ya Kak:
1. Clear cache aplikasi
2. Force close aplikasi
lalu coba login kembali, apabila aplikasi MyTelkomsel masih mengalami kendala gak bisa dibuka, silakan hubungi kami melalui DM Instagram @Telkomsel atau hubungi kami di tsel.id/chatva. Semoga membantu. :) -Ken",2024-12-30 12:14:52,8.6.2
9cf7ce48-aaa3-4d98-af85-4b1edd9b3c90,Putri Nela,https://play-lh.googleusercontent.com/a/ACg8ocJQmv_KkQfnQW9YLyPYA3HirXauKGXFLf4XBr8wu_8mtHDwLQ=mo,"paket serba mahal, tapi jaringan kek 3G. lebih baik kartu 3 jaringan nya lancar jaya",1,0,,2025-04-10 09:16:59,Hai Kak Putri. Maaf banget ya. Silakan akses aplikasi MyTelkomsel untuk mendapatkan lebih banyak pilihan dan penawaran paket datanya ya. Untuk keluhan sinyal lemah silakan coba restart handphone Kakak. Jika masih terdapat kendala silakan hubungi kami di DM Instagram @telkomsel atau hubungi kami di tsel.id/chatva. Semoga membantu. :) -Ken,2025-04-10 09:25:40,
de4a3b99-3714-4a04-b562-f022e1fe7055,Muh Saiful,https://play-lh.googleusercontent.com/a/ACg8ocKxUD0IHmnv2W4dsy8YgjgwvdOs3btaY6VO6CPDjN8JMQqT5w=mo,setiap hujan slalu sinyal nya jelek banget .. kacau kacau,1,0,,2025-04-10 09:11:14,"Hai Kak Saiful. Mohon maaf untuk ketidaknyamanannya, untuk kendala jaringan lemah/gak stabil silakan coba restart handphone Kakak. Apabila masih terdapat kendala silakan hubungi kami di DM Instagram @telkomsel atau hubungi kami di tsel.id/chatva. Semoga membantu. :) -Ken",2025-04-10 09:26:04,
e3256453-0860-485d-a2a0-b284370e923c,Jack Miko,https://play-lh.googleusercontent.com/a/ACg8ocIXw-AEDVzaB_v2NCXV30F3L6cePCPnyRwiBlnM7WHGgMnCSQ=mo,kacau lah,1,0,,2025-04-10 09:00:54,Hai Kak Jack. Mohon maaf untuk ketidaknyamanannya. Untuk kendalanya Kakak bisa langsung menghubungi kami di DM Instagram @Telkomsel atau hubungi kami di tsel.id/chatva . Semoga membantu. :) -Ken,2025-04-10 09:26:28,
31f1f34c-1e35-46a2-ba3a-0bac45bd7713,Diki febian,https://play-lh.googleusercontent.com/a/ACg8ocIMZezPbdtCiV6a2AzAoqRpIrZnwN6vq4L8v8aDBlKoP-fVJA=mo,mau maketin di my Telkomsel data nyala ilang dah pulsa ampun,1,0,,2025-04-10 09:00:23,"Hai Kak Diki. Mohon maaf untuk ketidaknyamanannya, karena kami memerlukan informasi lebih lanjut untuk membantu Kakak perihal keluhan pulsa tiba-tiba terpotong, silakan hubungi kami di DM Instagram @telkomsel atau hubungi kami di tsel.id/chatva. Semoga membantu. :) -Ken",2025-04-10 09:27:10,
65dddd56-61e9-4737-83b7-41aedf530365,Andikadoni 56,https://play-lh.googleusercontent.com/a/ACg8ocJu4oH-KqA2LCpJANIf6j7LWLNPzZvtpXwHvXaQnX75LGqX5Q=mo,promo enak sakali,5,0,8.6.2,2025-04-10 08:57:27,"Hai Kak Andikadoni, terima kasih tetap setia menggunakan layanan Telkomsel. Apresiasi dari Kakak sangat berarti bagi kami dalam meningkatkan layanan dan performa MyTelkomsel. Have a great day :) -Ken",2025-04-10 14:23:44,8.6.2
1c2cfba6-59c8-4d5f-a2d7-7163a979b134,Oji Hanifar,https://play-lh.googleusercontent.com/a/ACg8ocLAR1rsZ7mwXqhEO6JkGcM8mlRvcad_RNP-yYC3WoxK70TjpA=mo,gabisa login kocak,1,0,,2025-04-10 08:52:12,"Hai Kak Oji. Mohon maaf untuk ketidaknyamanannya ya, silakan coba cara berikut ya Kak:
1. Clear cache aplikasi
2. Force close aplikasi
lalu coba login kembali, apabila masih mengalami kendala gagal login, silakan hubungi kami melalui DM Instagram @Telkomsel atau hubungi kami di tsel.id/chatva. Semoga membantu. :) -Ken",2025-04-10 09:28:06,
6264a7a0-8bad-4204-b017-92f446ccb917,HAIKALPRA Yuda,https://play-lh.googleusercontent.com/a/ACg8ocI5IjWK9OxX5R5-hMOcIeGSkK9v5LJVOP27q8s0RZ3QiMhMMw=mo,👍,5,0,8.6.2,2025-04-10 08:46:09,"Hai Kak Yuda, terima kasih tetap setia menggunakan layanan Telkomsel. Apresiasi dari Kakak sangat berarti bagi kami dalam meningkatkan layanan dan performa MyTelkomsel. Have a great day :) -Ken",2025-04-10 14:24:00,8.6.2
ab49e305-5d24-40a0-ada7-074e8852339d,xzy yanzz,https://play-lh.googleusercontent.com/a/ACg8ocKkDG9GWa5rKgGl7ttA8FIIYSi9u9HpGD9SKReY_dg4jhft=mo,pulsa gua di ambil mulu,1,0,,2025-04-10 08:45:09,"Hai Kak. Mohon maaf untuk ketidaknyamanannya, karena kami memerlukan informasi lebih lanjut untuk membantu Kakak perihal keluhan pulsa tiba-tiba terpotong, silakan hubungi kami di DM Instagram @telkomsel atau hubungi kami di tsel.id/chatva. Semoga membantu. :) -Ken",2025-04-10 09:51:29,
8ab26886-ed19-4bb3-8024-717d6b72f844,SYAEFUL BAHRI,https://play-lh.googleusercontent.com/a-/ALV-UjWn0BFY-J-bvwcH59UPqOozBBJ_MuTCjYs3w7Oiq7hKPAQdqQGu1A,pulsa ga d pake habis terus maksudnya gmn.. sama aja maling lo,1,0,8.6.2,2025-04-10 08:41:40,"Hai Kak Syaeful. Mohon maaf untuk ketidaknyamanannya, karena kami memerlukan informasi lebih lanjut untuk membantu Kakak perihal keluhan pulsa tiba-tiba terpotong, silakan hubungi kami di DM Instagram @telkomsel atau hubungi kami di tsel.id/chatva. Semoga membantu. :) -Ken",2025-04-10 09:53:23,8.6.2
7346bcf8-0219-4d6a-aa5c-d83e2db845b2,Nurman,https://play-lh.googleusercontent.com/a/ACg8ocIHnoKgcvWuoeUzNrn11AAt-f2GmRG94N24U7PQKBdp4p-dtQ=mo,#mantulnya my telkomsel mudah diakses dimanasaja,5,0,,2025-04-10 08:40:38,,,
eaa465f9-d118-47b3-a486-c1800a3c6fb8,Pengguna Google,https://play-lh.googleusercontent.com/EGemoI2NTXmTsBVtJqk8jxF9rh8ApRWfsIMQSt2uE4OcpQqbFu7f7NbTK05lx80nuSijCz7sc3a277R67g,"Hanya bertahan beberapa hari saja, Tidak berapa lama setelah update aplikasi my telkomsel ini, udah susah lagi utk membuka nya, itupun dengan cara uninstall dan dan install",4,0,8.7.0,2025-04-10 08:38:15,"Hai Kak, terima kasih untuk saran dan masukannya ya Kak. Hal ini sangat berarti bagi kami untuk meningkatkan Layanan dan performance aplikasi MyTelkomsel. :) -Sekar",2025-01-27 06:46:11,8.7.0
4380b915-630d-4462-9ef2-a83c133484f2,CemonG,https://play-lh.googleusercontent.com/a-/ALV-UjU3jtgaNk6HSNfH1205JgIdUmOA808ytzxuMv6GjdutQ2pkxiqA,semakin d update semakin lag parah,1,0,8.7.0,2025-04-10 08:36:38,"Hai Kak. Mohon maaf untuk ketidaknyamanannya ya, silakan coba cara berikut ya Kak:
1. Clear cache aplikasi
2. Force close aplikasi
lalu coba login kembali, apabila masih mengalami kendala aplikasi MyTelkomsel lambat, silakan hubungi kami melalui DM Instagram @Telkomsel atau hubungi kami di tsel.id/chatva. Semoga membantu. :) -Ken",2025-04-10 09:56:58,8.7.0
67462835-0b3f-4c08-8fa9-497bd6288322,Arilla Duwi Saputra,https://play-lh.googleusercontent.com/a-/ALV-UjV_ZXJ2v29sRvu8Yri5YGNMjKvdGtnwt7y2KzKoKQZY9ByukXo,ora apik tenan cok,1,0,,2025-04-10 08:26:11,Hai Kak Arilla. Mohon maaf untuk ketidaknyamanannya. Untuk kendalanya Kakak bisa langsung menghubungi kami di DM Instagram @Telkomsel atau hubungi kami di tsel.id/chatva . Semoga membantu. :) -Ken,2025-04-10 09:00:38,
36d35aa2-dedb-425e-8f3d-ea4f1f1d7542,Desi Riana,https://play-lh.googleusercontent.com/a/ACg8ocKPoKoCWc9i3qh0w109fBRtgnY9p2ZJjStT-UveybvHTsAtEA=mo,"aplikasi lambat, penawaran *363#, TDK bisa diaktivasi.. pokoknya bobrokkk sekalii",1,0,,2025-04-10 08:21:11,"Hai Kak Desi. Mohon maaf untuk ketidaknyamanannya ya, silakan coba cara berikut ya Kak:
1. Clear cache aplikasi
2. Force close aplikasi
lalu coba login kembali, apabila masih mengalami kendala aplikasi MyTelkomsel lambat, silakan hubungi kami melalui DM Instagram @Telkomsel atau hubungi kami di tsel.id/chatva. Semoga membantu. :) -Ken",2025-04-10 12:01:18,
21b52b07-b0fc-40c1-abfb-975075a50a88,Ghivan Va,https://play-lh.googleusercontent.com/a/ACg8ocIQFIyiXKko68qvCDFYd2JlPfBs9usdlBs_128f3Ti6aL28-g=mo,pulsa kesedot,1,0,8.6.2,2025-04-10 08:19:06,"Hai Kak Ghivan. Mohon maaf untuk ketidaknyamanannya, karena kami memerlukan informasi lebih lanjut untuk membantu Kakak perihal keluhan pulsa tiba-tiba terpotong, silakan hubungi kami di DM Instagram @telkomsel atau hubungi kami di tsel.id/chatva. Semoga membantu. :) -Ken",2025-04-10 09:01:15,8.6.2
0bad128e-24e3-4a4f-9eef-99a3675aefad,Aldo alwimna,https://play-lh.googleusercontent.com/a-/ALV-UjX0sLF7hln0iL0I7tZQaaozA4B0cpLJ56ykpMFB_9-523QMFuU,Error mulu si bumn tolool satu ini,1,0,,2025-04-10 08:18:11,"Hai Kak Aldo. Mohon maaf untuk ketidaknyamanannya ya, silakan coba cara berikut ya Kak:
1. Clear cache aplikasi
2. Force close aplikasi
lalu coba login kembali, apabila aplikasi MyTelkomsel masih mengalami kendala gak bisa diakses, silakan hubungi kami melalui DM Instagram @Telkomsel atau hubungi kami di tsel.id/chatva. Semoga membantu. :) -Ken",2025-04-10 09:03:51,
6d5a9a46-2b8c-419a-a12d-d245d6ec3c0d,Hyouka7,https://play-lh.googleusercontent.com/a-/ALV-UjUwWabFTScXnFWd0YQ7zeFcnUWmfuaAl8afuKz8zG1wguD_Jcb9,lebih lancar main game berat daripada buka Mytelkomsel. Parah lemot banget aplikasinya setiap buka loading terus!!,3,25,8.6.2,2025-04-10 08:17:43,,,8.6.2
282218be-5447-4b97-9706-53ecf586c483,hans prio,https://play-lh.googleusercontent.com/a-/ALV-UjVAua1c7xMFs6wpr9I-i8UjgryifQ6i6dZc4BOdZLhkc4Bmmibq,Aplikasinya berat banget... Dan Jaringan telkomsel sering gak stabil.... Mengecewakan... Gak di kota gak di desa sama aja... Gak stabil... terakhir kasih bintang 1 thn 2021 berharap ada progres perbaikan. Sekarang di thn 2025 ternyata masih aja kendalanya sama lemot... mau cek kuota saja saat jaringan bagus lama banget... sudah di tinggal bikin kopi masih belum beres. perusahaan nasional tapi gak ada improve. Yang salah kliatanya air kopi saya ini.,2,0,8.7.0,2025-04-10 08:10:15,"Maaf ya, Kak Hans. Untuk keluhan aplikasi MyTelkomsel. Segera hubungi Mimin melalui email ke cs@telkomsel.co.id atau DM Twitter @telkomsel, Mimin siap membantu Kakak. Makasih :) –Lina",2021-02-21 03:17:52,8.7.0
f9cc9d03-c03f-4f43-a5d5-f1cf9d6d515a,Zaki,https://play-lh.googleusercontent.com/a/ACg8ocLAeIiRHNDLnttOioltnzwapuDxyab1j-eX75ZPH4RSKuy_-g=mo,sangat bagus,2,0,,2025-04-10 08:08:52,,,
3cdaa35c-8c1d-4221-9276-ac006cef40aa,Nora Fransiska,https://play-lh.googleusercontent.com/a/ACg8ocL06ezip0ZJ50kYOe23ohCZr-o-2CGdUKz5Z43Nqp9pVGWneg=mo,#Mantul nya MyTelkomsel bisa diakses kapan saja dan dimana sajaaa,5,0,,2025-04-10 08:08:24,,,
967a7752-c9d7-466a-9691-f692f73d0545,Azat Nurfalah,https://play-lh.googleusercontent.com/a-/ALV-UjWFHRf_GC4yJmbjsTHK1nRyFQEhkmpPJtwPqe2Bgp0CEtQGeMU,"sampai kapan nih gak adaa fitur safe pulsa, cape saya kesedot terus setelah kuota habisssss",1,0,,2025-04-10 08:02:20,"Hai Kak Azat. Mohon maaf ya. Untuk fitur Jaga Pulsa bisa di aktifkan dengan cara klik “Profil” pada bagian kiri atas layar Utama kemudian pilih menu ""Jaga Pulsa"" atau ""Jaga Tagihan"" dan silakan geser ke kanan. Jika masih mengalami kendala, silakan hubungi kami melalui DM Instagram @Telkomsel atau di tsel.id/chatva. Semoga membantu. :) -Ken",2025-04-10 09:05:46,
45ae677c-e018-4460-88d2-9541a0dee4ff,Irfan Handoko,https://play-lh.googleusercontent.com/a/ACg8ocLye-ub5DnUhBTrAS1GpnMq9Irx8WTIf1t-capAWWUGPMlZpg=mo,patah patah jaringannya,1,0,8.7.0,2025-04-10 07:57:07,"Hai Kak Irfan. Mohon maaf untuk ketidaknyamanannya, untuk kendala jaringan lemah/gak stabil silakan coba restart handphone Kakak. Apabila masih terdapat kendala silakan hubungi kami di DM Instagram @telkomsel atau hubungi kami di tsel.id/chatva. Semoga membantu. :) -Ken",2025-04-10 09:07:00,8.7.0
6051a16d-4495-45e6-b38f-b7c7369fda27,Dimas Al fayit,https://play-lh.googleusercontent.com/a/ACg8ocKTNFF_x9Ldpozt-tlz-0qOBdvzrtKi116lBDJixg_8g-dnXw=mo,aplikasi buruk .sangat buruk kebanyakan fitur gak penting bikin lemot .nama aja yang Bede buat aplikasi gak pernah bener udah bertahun tahun tetep aja gini . habis ini pindah operator lain aja deh yang lebih enak aplikasinya .aplikasinya sangat sangat buruk,1,0,,2025-04-10 07:54:32,,,
49cb60eb-fba2-406c-ad11-0d0ab780e812,Saroha Purba,https://play-lh.googleusercontent.com/a-/ALV-UjXc45Xu7Q9UJ7giNSgZXEu57EMUFsPlQQYcscI65_PN6xBtwH8,"ini kok pulsa habis terus ya, pake data kita pak SIM lain kok pulsa kita hilang aneh aja Telkomsel ini, pulsa pun di korupsikan",1,0,8.6.2,2025-04-10 07:43:28,"Hai Kak Saroha. Mohon maaf untuk ketidaknyamanannya, karena kami memerlukan informasi lebih lanjut untuk membantu Kakak perihal keluhan pulsa tiba-tiba terpotong, silakan hubungi kami di DM Instagram @telkomsel atau hubungi kami di tsel.id/chatva. Semoga membantu. :) -Ken",2025-04-10 08:02:40,8.6.2
77fdda11-7edd-471c-a71e-a287877602d3,Charles Lesiangi,https://play-lh.googleusercontent.com/a/ACg8ocKWq5gxDOZkXgrHYvbQijrxwUkckhPcYEJ9o-HYwejmiGQrFg=mo,"udah enak di gunakan aplikasi ini,,,,tapi tiba"" yg muncul kok punya no lain. udah coba hapus dan download berulang kali tapi no saya yg di masukkan tapi nnt yg muncul no org lain. sangat tdk nyaman,,,,apalagi sekelas Telkomsel. masa no lain yg muncul di aplikasi kita???",1,0,8.7.0,2025-04-10 07:43:06,,,8.7.0
8c357e02-08c6-4d5a-a387-b3f62c65f9ab,Julia Gustina,https://play-lh.googleusercontent.com/a-/ALV-UjUYUSLRpUHrd7941EuRlkrh42adQN3-RgRYbWWdfCvXlVjDnsqO,okkk,5,0,8.6.2,2025-04-10 07:39:59,,,8.6.2
6aa1abfc-65a7-4c3c-b521-ff39c42fc15c,Asper16,https://play-lh.googleusercontent.com/a-/ALV-UjXUxIK2qfSayKygWSR16DtU5XR0TL0rsZYrN_UPdUO1G9esXqLT,aplikasi paling berat di play store adalah my telkomsel kalau mau lancar harus ram 30GB room 3TB,1,0,8.6.2,2025-04-10 07:37:29,"Hai, Kak Asper. Mohon maaf untuk ketidaknyamanannya ya, apabila aplikasi MyTelkomsel terlalu berat di handphone Kakak, silakan coba unduh MyTelkomsel Basic. Aplikasi ini sudah tersedia di PlayStore. Apabila masih mengalami kendala, silakan hubungi kami melalui DM Instagram @Telkomsel atau chat di tsel.id/chatva. Semoga membantu. :) -Ken",2025-04-10 08:04:28,8.6.2
343a0239-8eee-4618-a9b5-2a0091696173,Bang Kamani,https://play-lh.googleusercontent.com/a/ACg8ocKD6XMtnxVtZOYMmFqVSq5lEY0kAfqsobrJOATc9xNrt7Pp7Q=mo,"setiap mau beli paket, tulisannya expired. makin aneh ni aplikasi",1,0,,2025-04-10 07:37:21,"Hai Kak Kamani. Mohon maaf untuk ketidaknyamanannya. Untuk kendala gak bisa aktivasi paket, Kakak bisa langsung menghubungi kami di DM Instagram @Telkomsel atau hubungi kami di tsel.id/chatva . Semoga membantu. :) -Ken",2025-04-10 08:06:13,
d7232ebc-93a5-46a8-a4fc-bc31762b7dea,Yoshua A. Bhallowo,https://play-lh.googleusercontent.com/a/ACg8ocIsnUJsX6l6tmNxUkupOeiBAO7miXebSZKyFd8nrJMf2FLuwg=mo,"Perbaiki kualitas jaringannya, masa kalah sama ISP sebelah? Harga mahal, kualitas tdk meningkat justru menurun. Kadang sering hilang sinyal. Sdangkan pakai jaringan toko sebelah justru lebih bagus. ckckckckck....",3,0,8.6.2,2025-04-10 07:32:01,,,8.6.2
36ea944e-a839-42c2-b604-3386921ffffc,Mrizki Fadillah,https://play-lh.googleusercontent.com/a/ACg8ocIg8Cv9sfpziA7SJi3OX8liSXSNmPRzXrcF69wmnzIwClxiPw=mo,tidak di sarankan menggunakan kartu telkomsel untuk bermain ml sinyal full tapi merah terus di dalam game,1,0,8.6.2,2025-04-10 07:27:17,"Hai Kak Rizki. Mohon maaf untuk ketidaknyamanannya ya, silakan coba cara berikut ya Kak:
1. Clear cache aplikasi
2. Force close aplikasi
lalu coba login kembali, apabila masih mengalami kendala aplikasi MyTelkomsel lambat, silakan hubungi kami melalui DM Instagram @Telkomsel atau hubungi kami di tsel.id/chatva. Semoga membantu. :) -Ken",2025-04-10 08:07:11,8.6.2
742def8d-2491-4ba4-b03e-0e2c249d49cc,Only Game,https://play-lh.googleusercontent.com/a/ACg8ocKSDgkCJzPv7RvDgX8hYJ3km0VWC1CCK5OE_VWgwpvvBDNKCg=mo,Ini apk nya rusak banget asliii dahh,1,0,,2025-04-10 07:18:58,Hai Kak. Mohon maaf untuk ketidaknyamanannya. Untuk kendalanya Kakak bisa langsung menghubungi kami di DM Instagram @Telkomsel atau hubungi kami di tsel.id/chatva . Semoga membantu. :) -Ken,2025-04-10 08:07:37,
521e7525-0f72-4bcc-8c3a-77bd25599c73,GraPARI Ekstensi,https://play-lh.googleusercontent.com/a/ACg8ocJmYngnRKDVQHg36PATs6hjdtx0G5JuqrUI8jsp7QNjR_KuFQ=mo,#MANTUL nya my telkomsel bisa diakses kapan saja dan dimana saja,5,0,8.6.2,2025-04-10 07:16:42,,,8.6.2
1141206e-b153-4ad6-8c0f-be4c9c68475b,Mail Assegaf,https://play-lh.googleusercontent.com/a-/ALV-UjUBvsHnc2R5WZ82NLwAvjZ8Xq3se2eQiqUMzsL80ghg5WtqInk,"cra dapat kuota internet gratis tiap bulan skli kuota mulai dari 15-25GB waktu pmkaian 2Hari, login my tlkomsel, trus pilih Reward, trus pilih kuota Intrnet ... cukup dg biaya 1kupon saja.. trimksih",5,0,,2025-04-10 07:16:10,,,
3f20f3b0-20ed-4c0c-b006-741f5e239686,Mhdave 88,https://play-lh.googleusercontent.com/a/ACg8ocJvR-XKgqRkiYuvKKq9zBT6B4xFURAU1lvJXg0DEUXNLIRsvg=mo,ga jelas..isi pulsa bgt mytsle di buka koq ke potong aj,2,0,,2025-04-10 07:12:47,,,
c2f170be-8383-4990-a3ab-42799b694918,Oksuuu Indah,https://play-lh.googleusercontent.com/a-/ALV-UjV2Jn1NIe1yaw1SNVBooow_Ffmgh_L2P72yBQS-_z-qPurQiIS9,"fiturrr my telkomsel emang mantap, memudahkan kita untuk pembelian paket internet dan juga berbagai paket nonton lainnya",5,0,8.6.2,2025-04-10 07:12:17,"Hai Kak Indah, terima kasih tetap setia menggunakan layanan Telkomsel. Apresiasi dari Kakak sangat berarti bagi kami dalam meningkatkan layanan dan performa MyTelkomsel. Have a great day :) -Ken",2025-04-10 14:10:17,8.6.2
c22bcd96-a9ac-4b97-b816-52e840383981,Nika Arcadya,https://play-lh.googleusercontent.com/a/ACg8ocI5nxIVLXiOCdrG4mATXcv2lWCWVJYENmXSAjNYNHYSXtwZTuM=mo,aplikasi apaaan cek kuota aja lemot nya minta ampun,1,0,8.6.2,2025-04-10 07:11:27,"Hai Kak Nika. Mohon maaf untuk ketidaknyamanannya ya, silakan coba cara berikut ya Kak:
1. Clear cache aplikasi
2. Force close aplikasi
lalu coba login kembali, apabila masih mengalami kendala aplikasi MyTelkomsel lambat, silakan hubungi kami melalui DM Instagram @Telkomsel atau hubungi kami di tsel.id/chatva. Semoga membantu. :) -Ken",2025-04-10 08:10:32,8.6.2
4354cd4b-3960-4ae8-af36-312c6e056018,Ulan Ramadhani,https://play-lh.googleusercontent.com/a-/ALV-UjVA2YWLIO0qa_Jc-PPXf_QZfS45c0Hwt_oNbR-u_FaITD-sVko,#Mantul nya my telkomsel bisa diakses kapan saja,5,0,8.6.2,2025-04-10 07:10:53,,,8.6.2
84391439-9430-46b9-8f34-f972b2669d80,Nur Nasuha,https://play-lh.googleusercontent.com/a/ACg8ocKAwjpcQuJ9NjJ6Ow0JbS7lnZ-m92-zs1IFDAhzBv993gjFCg=mo,telkosel sekrang jaringan nya sering eror,1,0,,2025-04-10 07:00:46,"Hai Kak Nur. Mohon maaf untuk ketidaknyamanannya, untuk kendala jaringan lemah/gak stabil silakan coba restart handphone Kakak. Apabila masih terdapat kendala silakan hubungi kami di DM Instagram @telkomsel atau hubungi kami di tsel.id/chatva. Semoga membantu. :) -Ken",2025-04-10 08:09:05,
205882c9-36c8-4cad-9f02-d1dc79c1ea49,Andry ronaldo Situmeang,https://play-lh.googleusercontent.com/a/ACg8ocIE211xLpsApW3GXzMlfIoDtYH3GHZsf4KSDaLiZQ1kbSL8hg=mo,paket banyak. internetngak nyambung,1,0,,2025-04-10 06:54:44,"Hai Kak Andry. Mohon maaf untuk ketidaknyamanannya, perihal keluhan gak bisa akses internet, silakan coba restart handphone Kakak. Apabila masih terdapat kendala silakan hubungi kami di DM Instagram @telkomsel atau hubungi kami di tsel.id/chatva. Semoga membantu. :) -Ken",2025-04-10 08:15:06,
6439f1c6-b217-48a1-8d7b-21c57b1a2273,Ros Tina,https://play-lh.googleusercontent.com/a/ACg8ocJNbe3LGOMiBD5sMHW0epDyJvy5obaXQPqkQ4nNstCZl53Ffw=mo,Telkomsel sekarang ada situs GAMREN suka potong pulsa kitaaa terus nnti di ajarin cara berhnti cuma disruh blas off stop unreg di SMS tau tau nya gak bsaaa seakan akan bisa mereka pelakunya sendiri ternyata kocak gak bakal bisa cok kecuali cek sendiri di *500#,2,0,8.7.0,2025-04-10 06:43:13,,,8.7.0
f5b336f0-3d5a-4d2a-af97-6e0b43ffba01,AMAT KHAERONI,https://play-lh.googleusercontent.com/a-/ALV-UjVi9ZCC8QNs1qeo3QoWKnosHoVfo126jN5e7hTejvsSETKddQst,"ini aplikasi apaan sih, berat banget buat bukanya padahal cuma buat cek pulsa, data internet dan telpon kok kayak ngangkat gunung aja loading Mulu!",1,1,8.6.2,2025-04-10 06:37:56,,,8.6.2
2ecc30cd-a044-4cdd-bd68-20d7236deb6f,Arjuna Arjuna,https://play-lh.googleusercontent.com/a-/ALV-UjVRxG5AEKAakvoxqvjtC9lt6bTHyoRDPcfETpKReq4xFvMq_FRF,"sampah, makin hari bukannya makin lancar malah makin lemot ini aplikasi. bener"" gak bisa di andelin pas bener"" butuh sekelas telkomsel bener"" terlihat sampah karena aplikasi ini sangat mengecewakan",1,0,7.5.0,2025-04-10 06:33:34,,,7.5.0
52ae67f8-5fea-4e82-b137-8ae4831780c5,asmifa aurora,https://play-lh.googleusercontent.com/a-/ALV-UjUBGxo4_JN6d-iJNrpnKl78rKaC8nlRkgMMzrSh3E3BTZRJ0I8,apk nya sangat membantu memudahkan dalam pembelian paket data dan lainnya.,5,0,8.6.2,2025-04-10 06:33:10,"Hai Kak Asmifa, terima kasih tetap setia menggunakan layanan Telkomsel. Apresiasi dari Kakak sangat berarti bagi kami dalam meningkatkan layanan dan performa MyTelkomsel. Have a great day :) -Ken",2025-04-10 14:10:41,8.6.2
684f7fb3-0abb-4961-b7f5-5a1fd3f80dab,khairunnisa,https://play-lh.googleusercontent.com/a-/ALV-UjUqUy8kyFWDZAr559c3JAD5Ealnxg1hnM3Bb1oAIabZOB6WEabI,aplikasi jelek kemudian padahal udah isi pulsa tapi tak bisa beli paket data bikin kesel aja sampai 3 hari tapi ada kuota padahal mau absensi di sekolah Tolong perbaiki segera kalau tidak para pelanggan Telkomsel akan pindah karena pelayanannya yang jelek,1,0,8.7.0,2025-04-10 06:24:56,,,8.7.0
6d640538-8c54-46c6-acc0-5f72f84e9008,Marjuki Jukii,https://play-lh.googleusercontent.com/a/ACg8ocIFg6TjrCRuV1aAEJgPGxY-ApfbXLihFm0lby0qJvP0EtUT=mo,jaringan jelek sdh 5 hari ini...tolong dong di bantu...buferring muluuuu...,1,1,8.6.2,2025-04-10 06:21:52,"Halo, Kak Marjuki. Maaf atas kendala akses data lambat. Agar mimin bisa bantu Kakak, hubungi Mimin melalui fitur bantuan di aplikasi MyTelkomsel, atau kirim email ke cs@telkomsel.co.id, Twitter @Telkomsel, Facebook Messenger 'Telkomsel', atau WhatsApp Telkomsel Virtual Asisten. Makasih :) -Noela",2022-04-04 08:15:21,8.6.2
ec66264c-1a75-4d03-92aa-65010b58f603,Fahri dian syahputra,https://play-lh.googleusercontent.com/a-/ALV-UjVl9kllNXgl2WI7IQF9t26deVNFHgauytxfH3GvyzCcAo0MMkOu,"aplikasi jaringan,tapi aplikasi sendiri ngelag😛😹",1,0,,2025-04-10 06:10:43,"Hai Kak Fahri. Mohon maaf untuk ketidaknyamanannya ya, silakan coba cara berikut ya Kak:
1. Clear cache aplikasi
2. Force close aplikasi
lalu coba login kembali, apabila masih mengalami kendala aplikasi MyTelkomsel lambat, silakan hubungi kami melalui DM Instagram @Telkomsel atau hubungi kami di tsel.id/chatva. Semoga membantu. :) -Ken",2025-04-10 06:36:03,
85b0ecf1-9d62-42d8-b196-c2f69154f07e,Denny Demos,https://play-lh.googleusercontent.com/a/ACg8ocJ07DzzArBNpIRfd6rL1u2swakfnGnGdD4abmJnFXo9Jha-Mg=mo,"setelah diupdate makin lemot parah, sediakan update an terbaru lagi",1,0,8.7.0,2025-04-10 06:07:54,"Hai Kak Denny . Mohon maaf untuk ketidaknyamanannya ya, silakan coba cara berikut ya Kak:
1. Clear cache aplikasi
2. Force close aplikasi
lalu coba login kembali, apabila masih mengalami kendala aplikasi MyTelkomsel lambat, silakan hubungi kami melalui DM Instagram @Telkomsel atau hubungi kami di tsel.id/chatva. Semoga membantu. :) -Ken",2025-04-10 06:37:40,8.7.0
011dcd2d-ac04-4ce1-ad2d-4b89d3ec85af,Zumila Warni,https://play-lh.googleusercontent.com/a/ACg8ocISgizBWII8CSWGzA6YarNyu52WNcq5aKIwvx5qxxISQEyauw=mo,"ubur2 ikan lele,telkomsel #Mantul lee",5,0,,2025-04-10 06:07:00,"Hai Kak Zumila, terima kasih. Tetap pakai aplikasi MyTelkomsel ya 😊 -Sekar",2025-04-10 06:28:00,
badb68a4-daad-4c17-a9c1-d61572639717,Terlarang Three,https://play-lh.googleusercontent.com/a/ACg8ocKniLpJ7uF_3-UFog58unx7c8Ch2DwNb795ClNIFrxws4Ne6Q=mo,payah.. ngeleg teruss,1,0,,2025-04-10 06:06:33,"Hai Kak. Mohon maaf untuk ketidaknyamanannya ya, silakan coba cara berikut ya Kak:
1. Clear cache aplikasi
2. Force close aplikasi
lalu coba login kembali, apabila masih mengalami kendala aplikasi MyTelkomsel lambat, silakan hubungi kami melalui DM Instagram @Telkomsel atau hubungi kami di tsel.id/chatva. Semoga membantu. :) -Ken",2025-04-10 06:45:15,
e421199a-6a24-413a-a3a9-7d066bf2db20,Edyynn,https://play-lh.googleusercontent.com/a/ACg8ocK5_WNFr5IcnnOqEWtx2LE5Q23YgsXB_5x-TVLp8NDhbF2mSw=mo,"gak perlu ribet, beli paket internet cukup lewat MyTelkomsel . design aplikasinya#gahaar",5,0,8.7.0,2025-04-10 06:06:15,"Hai Kak Edyynn, terima kasih tetap setia menggunakan layanan Telkomsel. Apresiasi dari Kakak sangat berarti bagi kami dalam meningkatkan layanan dan performa MyTelkomsel. Have a great day 😊 -Sekar",2025-04-10 06:28:15,8.7.0
c5242bc4-7fc5-4dc0-80ba-ca523346454b,Ipong Pebriyanto,https://play-lh.googleusercontent.com/a-/ALV-UjW9lj_1bIe2NIBiuix3qe3rbzYaBobTj53yWjgogYEnjG8lE-wI,"mohon pihak Telkomsel adakan lagi fitur infut code voucher fisik d aplikasi MyTelkomsel kayak dulu lagi, krna itu sangat bermanfaat buat saya.. karna di tempat saya cuma tersedia jaringan 4G saja, sementara jaringan 2G tidak ada..",3,1,8.6.2,2025-04-10 06:03:53,,,8.6.2
accc69b2-757b-414d-92db-03b7d4302182,Aditya azmi hail,https://play-lh.googleusercontent.com/a-/ALV-UjXmZxpEBWY7-X_KZpbesxk11ZfI4gaeJMN_v4UAWz8lELwJDrtL,ngeload data sisa kuota aja lama banget 🥲,2,0,8.6.2,2025-04-10 05:59:19,,,8.6.2
94cb7dac-fc2b-4fe1-a57a-35195ee94ade,Fajar Syawalludin (Jaey),https://play-lh.googleusercontent.com/a-/ALV-UjXzmHkqVqAEZ1aqPwDImOYKUu1BUiviVYoyiPjgyHWOF_UBLqEa7A,"Apk busuk, lemot banget, muter muter doang loading nya",1,0,8.7.0,2025-04-10 05:59:18,"Hai Kak Fajar. Mohon maaf untuk ketidaknyamanannya ya, silakan coba cara berikut ya Kak:
1. Clear cache aplikasi
2. Force close aplikasi
lalu coba login kembali, apabila masih mengalami kendala aplikasi MyTelkomsel lambat, silakan hubungi kami melalui DM Instagram @Telkomsel atau hubungi kami di tsel.id/chatva. Semoga membantu. :) -Ken",2025-04-10 06:45:41,8.7.0
776c9f95-e7a7-4f1e-a826-0059ce81cb6b,Enjelina Hangin,https://play-lh.googleusercontent.com/a-/ALV-UjWOpBLKXvfadMm9TEMe6gsNfm3QLk_WZJns477zyKwNwimoKeBz,apk nya suka ngelag knp yaak,3,0,8.6.2,2025-04-10 05:51:06,,,8.6.2
b13b23d8-ff2a-4ca9-a1fa-a75b98c83118,Gema Ramadhan,https://play-lh.googleusercontent.com/a/ACg8ocIuTOA3G9Y6LuUtJFcEhAG2s_hYIEHSBQx_Ev8LolpwkaGuYg=mo,#mantul jaringan nya mantull teruss,5,0,8.7.0,2025-04-10 05:46:57,"Hai Kak Gema, terima kasih tetap setia menggunakan layanan Telkomsel. Apresiasi dari Kakak sangat berarti bagi kami dalam meningkatkan layanan dan performa MyTelkomsel. Have a great day 😊 -Sekar",2025-04-10 06:31:07,8.7.0
8da2b70f-4ed7-4247-8978-b528c274b9bd,Andi Rb,https://play-lh.googleusercontent.com/a-/ALV-UjUmnP8jhxMWPzFBKtMGrfylUtSdSA8t2o_OsZW3vMOgZnfvHH8,"semoga Telkomsel yang sekarang terus di pertahankan, jangan kembali seperti yang dulu(pelit).",5,0,,2025-04-10 05:44:52,"Hai Kak Andi, terima kasih tetap setia menggunakan layanan Telkomsel. Apresiasi dari Kakak sangat berarti bagi kami dalam meningkatkan layanan dan performa MyTelkomsel. Have a great day 😊 -Sekar",2025-04-10 06:31:27,
d0d739ec-15df-4737-9e8d-1cbf61952b52,zamal hidayat,https://play-lh.googleusercontent.com/a/ACg8ocIr_wrUKpKLDM-mCfNfdI56SX-YCh5EU_5SWB1QZ7cstojiucc=mo,"Sinyal nya ga bagus jng beli Telkomsel, gw aja nyesel pake Telkomsel.",1,0,8.6.2,2025-04-10 05:44:41,"Hai Kak Zamal. Mohon maaf untuk ketidaknyamanannya, untuk kendala sinyal lemah/gak stabil silakan coba restart handphone Kakak. Apabila masih terdapat kendala silakan hubungi kami di DM Instagram @telkomsel atau hubungi kami di tsel.id/chatva. Semoga membantu. :) -Ken",2025-04-10 06:46:16,8.6.2
9e3cbfa4-bd66-4783-806e-ddd595bbc488,Tree Celluler,https://play-lh.googleusercontent.com/a/ACg8ocI_sPE3L7EVWEb6RunKur6f-Zm4ydOPSBlKy_ZZIpkjKTj-tw=mo,oke,5,0,8.6.2,2025-04-10 05:43:53,"Hai Kak Tree, terima kasih. Tetap pakai aplikasi MyTelkomsel ya 😊 -Sekar",2025-04-10 06:31:46,8.6.2
0d9b8442-7674-418a-be80-3b1d2fb1e5d6,Rahmi Amalia,https://play-lh.googleusercontent.com/a/ACg8ocKuY382Ti1BG558ywtwQ9c1RM5TO4-70XyNvfk_2B2dVG7yIw=mo,okee,5,0,8.7.0,2025-04-10 05:42:46,,,8.7.0
ddc5d5d6-c5af-463d-ac73-675f8ef1e7c1,Rizky Maulana Priyadi,https://play-lh.googleusercontent.com/a-/ALV-UjVgT2qJ9iWuEyUlO8fvXNrt7-cEm1v_xPkUSLXFx32JvUtrbJDP,bbusukkkkkkk,1,0,8.6.2,2025-04-10 05:40:54,Hai Kak Rizky. Mohon maaf untuk ketidaknyamanannya. Untuk kendalanya Kakak bisa langsung menghubungi kami di DM Instagram @Telkomsel atau hubungi kami di tsel.id/chatva . Semoga membantu. :) -Ken,2025-04-10 06:46:41,8.6.2
cf322ced-671a-44a0-83b5-e1d3c589a723,Bang Duyy,https://play-lh.googleusercontent.com/a-/ALV-UjUA0WpbCsMRMuO-0XIr-OaIZxRzx9ockKeVl-WkRgL_iVKss0U,"tekomsel . benerin dong aplikasi nya masa mau liat kuota aja ngelag parah gabisa lebuka , gimana si",1,0,8.3.0,2025-04-10 05:38:43,"Hai Kak. Mohon maaf untuk ketidaknyamanannya ya, silakan coba cara berikut ya Kak:
1. Clear cache aplikasi
2. Force close aplikasi
lalu coba login kembali, apabila masih mengalami kendala aplikasi MyTelkomsel lambat, silakan hubungi kami melalui DM Instagram @Telkomsel atau hubungi kami di tsel.id/chatva. Semoga membantu. :) -Ken",2025-04-10 06:47:07,8.3.0
cdb2967b-f87e-466a-8e4d-78a19bd5a23c,Mai Munah,https://play-lh.googleusercontent.com/a/ACg8ocJd6b59FdDOeYZHtUiUws0yKsJFAw-sKVs6YMDKIMeq0DXorA=mo,Telkomsel akses dimana saja #Mantul,5,0,,2025-04-10 05:38:02,,,
a78a88cb-2b31-41fa-a745-0d777ddc2990,reevan Silalahi,https://play-lh.googleusercontent.com/a/ACg8ocKRY7pNzRlip0gxFvgJLFuLrl_egGRLcaLiEzuLTKfPjMKcsg=mo,ini kenapa aplikasi nya kok beli paket tidak bisa lagi pakai pulsa?????,1,0,8.7.0,2025-04-10 05:37:18,"Hai Kak Reevan. Mohon maaf untuk ketidaknyamanannya. Untuk kendala gak bisa melakukan pembelian paket menggunakan pulsa, Kakak bisa langsung menghubungi kami di DM Instagram @Telkomsel atau hubungi kami di tsel.id/chatva . Semoga membantu. :) -Ken",2025-04-10 06:47:56,8.7.0
8a314b68-497d-433d-b8eb-995f50a94bb3,Rizki Aulia,https://play-lh.googleusercontent.com/a/ACg8ocK99pcWcihQunXS46teouQNr7t4oZbBybN9EGZ-Bw_wSVDXRg=mo,#mantul jaringan nya sangat mantull,5,0,8.6.2,2025-04-10 05:29:58,,,8.6.2
00c43298-9b2f-49d7-9c6a-13de212d722d,KETUA PENGURUS PPDB 2025,https://play-lh.googleusercontent.com/a-/ALV-UjWohX4KGgJx85Wzug2KTE8UA9FG0_PSmQy0SWepX8O8wSRJkto,aplikasi ini sudah tidak bisa membaca berapa kuota yang saya miliki lagi tolong segera di perbaiki🙏🏻🙏🏻,1,0,,2025-04-10 05:29:35,"Hai Kak. Mohon maaf ya, silakan coba cara berikut ya Kak:
1. Clear cache aplikasi
2. Force close aplikasi
lalu coba login kembali, apabila aplikasi MyTelkomsel masih mengalami kendala gak bisa cek sisa kuota di aplikasi MyTelkomsel, silakan hubungi kami melalui DM Instagram @Telkomsel atau hubungi kami di tsel.id/chatva. Semoga membantu. :) -Ken",2025-04-10 06:05:23,
69b04c70-c632-46be-81f8-a101eb22579c,Abemaya Usman,https://play-lh.googleusercontent.com/a-/ALV-UjXju5RAySZCexT2uNw_QNVP3D3iNaC5E7m4Vzw0BBLIvCSCs73R,kuota masih banyak tapi lemot,1,0,8.6.2,2025-04-10 05:29:16,"Hai Kak Abemaya. Mohon maaf untuk ketidaknyamanannya, perihal keluhan akses internet lambat silakan coba restart handphone Kakak. Apabila masih terdapat kendala silakan hubungi kami di DM Instagram @telkomsel atau hubungi kami di tsel.id/chatva. Semoga membantu. :) -Ken",2025-04-10 06:08:19,8.6.2
9c3c390c-cb92-488a-bd08-0e2b1b4d4576,Hamba Allah,https://play-lh.googleusercontent.com/a/ACg8ocJjGb3vNYS9dTyKtI7B1zUeG7YlbZ4oacSeZysjbIKLPxBzrg=mo,"mau log in aja susah kalii, diklik sms jawabnya terjadi kesalan terus 😤",1,0,8.7.0,2025-04-10 05:27:41,"Hai Kak. Mohon maaf untuk ketidaknyamanannya ya, silakan coba cara berikut ya Kak:
1. Clear cache aplikasi
2. Force close aplikasi
lalu coba login kembali, apabila masih mengalami kendala gagal login, silakan hubungi kami melalui DM Instagram @Telkomsel atau hubungi kami di tsel.id/chatva. Semoga membantu. :) -Ken",2025-04-10 06:09:10,8.7.0
b4f10cbc-11f6-4573-80d6-37fb7a1acd10,reni chintyadewi,https://play-lh.googleusercontent.com/a/ACg8ocLdk_juc1zB-tX5ItFoZxr0co87iJbCWoYvORZVNxAsSyqrI0U=mo,mantap,5,0,,2025-04-10 05:26:09,"Hai Kak Reni, terima kasih tetap setia menggunakan layanan Telkomsel. Apresiasi dari Kakak sangat berarti bagi kami dalam meningkatkan layanan dan performa MyTelkomsel. Have a great day :) -Ken",2025-04-10 14:11:03,
01829739-f161-4b7c-9124-b74eca44ccf0,Vidi Putra Pratama,https://play-lh.googleusercontent.com/a/ACg8ocJQuXma8DzdI9DZ4YLDkB8cLQo_jjDyXo2bkKv0BOJcoelb2g4=mo,sinyal jelek data gjls lgi main game sinyal jelek bgt hdh,1,0,8.7.0,2025-04-10 05:23:27,"Hai Kak Vidi. Mohon maaf untuk ketidaknyamanannya, untuk kendala jaringan lemah/gak stabil silakan coba restart handphone Kakak. Apabila masih terdapat kendala silakan hubungi kami di DM Instagram @telkomsel atau hubungi kami di tsel.id/chatva. Semoga membantu. :) -Ken",2025-04-10 06:12:31,8.7.0
9505ac7c-3395-4f33-b4b8-3387ab2c7af1,Hands Sabastian,https://play-lh.googleusercontent.com/a/ACg8ocKLR1CtUiM602-pDxK1ey0skeAXlz6L89madjr25kTeUCYy-kc=mo,NGE LEK WOI. INDONESIA EMAS APA YANG EMAS JARINGAN AJA NGELAG,1,0,8.6.2,2025-04-10 05:22:17,"Hai Kak. Mohon maaf untuk ketidaknyamanannya, perihal keluhan akses internet lambat silakan coba restart handphone Kakak. Apabila masih terdapat kendala silakan hubungi kami di DM Instagram @telkomsel atau hubungi kami di tsel.id/chatva. Semoga membantu. :) -Ken",2025-04-10 06:17:12,8.6.2
8ae70835-8051-4a07-a3f2-190dd758f91d,koncone ultraman,https://play-lh.googleusercontent.com/a/ACg8ocIciaTjdDjiIHt7irTLj6ZmNFOnyL2P4bo0eQTvXUp1Gs8xTjko=mo,aplikasi gak guna,1,0,8.7.0,2025-04-10 05:20:20,Hai Kak. Mohon maaf untuk ketidaknyamanannya. Untuk kendalanya Kakak bisa langsung menghubungi kami di DM Instagram @Telkomsel atau hubungi kami di tsel.id/chatva . Semoga membantu. :) -Ken,2025-04-10 06:24:12,8.7.0
f6542a78-3d93-41e0-843e-dc6b76a59817,Vendyk Aji Ashari,https://play-lh.googleusercontent.com/a-/ALV-UjVHZA63Fjx8o23l0g9h6Ta0P27OlQeeFsgdU7RufNEMU3bQylGXzA,lemot,1,0,8.6.2,2025-04-10 05:19:05,"Hai Kak Vendyk. Mohon maaf untuk ketidaknyamanannya ya, silakan coba cara berikut ya Kak:
1. Clear cache aplikasi
2. Force close aplikasi
lalu coba login kembali, apabila masih mengalami kendala aplikasi MyTelkomsel lambat, silakan hubungi kami melalui DM Instagram @Telkomsel atau hubungi kami di tsel.id/chatva. Semoga membantu. :) -Ken",2025-04-10 06:25:16,8.6.2
dcc267af-3c1f-4cd3-ad11-3368ac08d0ad,Al Fitroh,https://play-lh.googleusercontent.com/a/ACg8ocK3HIUfVf5HxlT86AIZCGs-7MW9Ic6b7UaubF__A40tI64f6w=mo,"#mantulnya mytelkomsel dimana saja,kapan saja",5,0,8.7.0,2025-04-10 05:18:23,,,8.7.0
ec4b3388-6832-4bd9-ba6a-22132d47aec7,Raja Putra,https://play-lh.googleusercontent.com/a-/ALV-UjXDjOyI0Snkofywy9-T7jMi7xjSsgqqkyXZR9nfpasI-JjiaNQ,saya sangat puas sekali terimakasih my Telkomsel,5,0,8.6.2,2025-04-10 05:18:20,"Hai Kak Raja, terima kasih tetap setia menggunakan layanan Telkomsel. Apresiasi dari Kakak sangat berarti bagi kami dalam meningkatkan layanan dan performa MyTelkomsel. Have a great day :) -Ken",2025-04-10 14:24:25,8.6.2
53d85798-ad8e-427e-a541-9d8b9989426a,Rio Sianturi,https://play-lh.googleusercontent.com/a/ACg8ocKxQETfWulixHZsNendTgKcwzBXkUPsTMCgD1fOoLP35TeXVA=mo,terimakasih atas bantuannya.... salam sehat,5,1,8.7.0,2025-04-10 05:17:00,"Hai Kak Rio, terima kasih tetap setia menggunakan layanan Telkomsel. Apresiasi dari Kakak sangat berarti bagi kami dalam meningkatkan layanan dan performa MyTelkomsel. Have a great day :) -Ken",2025-04-10 14:24:42,8.7.0
e4f0e849-6ed6-4e40-864c-9dfa5fbfd5bf,KC KumpulanCell,https://play-lh.googleusercontent.com/a/ACg8ocIsTUJqYccyLjdsvWqLHPs1oDArj1uBQqAqkqTgvj9bjLeTgQ=mo,okkk,5,0,,2025-04-10 05:15:44,,,
763e0144-0d20-4aed-a1d8-680face65efe,Ridho Pratama,https://play-lh.googleusercontent.com/a/ACg8ocKTlBYh42m1x6jn7dK0I0MH-bhkylJeWY8Y3Grmt-ls_ng7Gw=mo,aplikasi berat susah dibuka,1,0,8.6.2,2025-04-10 05:13:40,"Hai, Kak Ridho. Mohon maaf untuk ketidaknyamanannya ya, apabila aplikasi MyTelkomsel terlalu berat di handphone Kakak, silakan coba unduh MyTelkomsel Basic. Aplikasi ini sudah tersedia di PlayStore. Apabila masih mengalami kendala, silakan hubungi kami melalui DM Instagram @Telkomsel atau chat di tsel.id/chatva. Semoga membantu. :) -Ken",2025-04-10 06:26:27,8.6.2
af464bd2-6f97-4608-8027-397f06e8ca72,Muhammad Nurdin,https://play-lh.googleusercontent.com/a-/ALV-UjWTn8SDHgVI4Jx-YDVJ3Hr2TAB7JLLx2BWYdv3gPxLV8t4cbWJ-og,parah setiap hari jaringan nya buruk dan sangat menggangu pekerjaan padahal sdh di prioritaskan ke Telkomsel biaya kita dari wifi jaringan HP pakai telkomsel 2 minggu dites sangat buruk sinyal sekarang aku coba beralih aja dah alhamdulillah berganti provider lain mendingan. di tambah provider lain bis 5G ini mentok 4G,1,0,8.6.2,2025-04-10 05:13:16,"Hai Kak Nurdin. Mohon maaf untuk ketidaknyamanannya, untuk kendala jaringan lemah/gak stabil silakan coba restart handphone Kakak. Apabila masih terdapat kendala silakan hubungi kami di DM Instagram @telkomsel atau hubungi kami di tsel.id/chatva. Semoga membantu. :) -Ken",2025-04-10 06:48:30,8.6.2
37cf733f-7d79-49bc-8778-be470088c602,Alfi Huda,https://play-lh.googleusercontent.com/a-/ALV-UjVJsjuFnT8KGsJLp_zO9kB4yviBbkBPDU3Y2rp8_VvvMdTYUwya,mantap👍,5,0,8.7.0,2025-04-10 05:11:24,"Hai Kak Alfi, terima kasih tetap setia menggunakan layanan Telkomsel. Apresiasi dari Kakak sangat berarti bagi kami dalam meningkatkan layanan dan performa MyTelkomsel. Have a great day :) -Ken",2025-04-10 14:11:19,8.7.0
3a45cb87-7e58-4d40-ad7e-6e32208a2793,Aldo Syukri,https://play-lh.googleusercontent.com/a/ACg8ocKYng0MUeD1uYcenIPCYfqkTDxbOFVJ8c_olSD4Dwp0WMP15w=mo,Telkomsel akses dimana saja #Mantul,5,0,8.7.0,2025-04-10 05:05:58,,,8.7.0
a635e875-0904-4703-9990-840399ce5305,Y. Farezi,https://play-lh.googleusercontent.com/a-/ALV-UjWZrpmoJw9KkbSywDW3KFEnFxZhsHIeFU7PGotZsQEiBy6NjY0o,"aplikasi terburuk...semenjak layanan Indihome di pegang sama my Telkomsel,layanan semakin BURUK..Menaikan tarif bulanan Indihome tanpa sepengetahuan pelanggan,lebih bagus pindah layanan internet sebelah yg lebih ramah dan biaya bulanan lebih ekonomis.",1,0,6.4.1,2025-04-10 05:05:01,"Hai, Kak Farezi. Mohon maaf untuk ketidaknyamanannya ya, silakan coba cara berikut ya Kak:
1. Clear cache aplikasi
2. Force close aplikasi
lalu coba login kembali, apabila masih mengalami kendala, silakan hubungi kami melalui DM Instagram @Telkomsel atau hubungi kami di tsel.id/chatva. Semoga membantu. :) -Alma",2025-01-14 06:02:46,6.4.1
68543339-1834-4569-b14e-2466caf85d27,User User,https://play-lh.googleusercontent.com/a/ACg8ocKJnyWIKJfpUj33HXteIpKTHHlt7FYEY_8Y63-LEm-qPL2n=mo,makin parah aplikasi my Telkomsel neh.. asal saya masuk selalu keluar sendiri....,1,0,6.3.0,2025-04-10 05:03:39,"Hai Kak. Mohon maaf untuk ketidaknyamanannya, silakan coba login kembali setelah beberapa saat. Apabila aplikasi MyTelkomsel masih force closed, silakan hubungi kami melalui DM Instagram @telkomsel atau hubungi kami di tsel.id/chatva . Semoga membantu :)-Ken",2025-04-10 06:50:46,6.3.0
7876ea36-5027-40f9-a1ea-99e8db5bdb42,Akangman,https://play-lh.googleusercontent.com/a/ACg8ocIYNryiwS8O4_AcS4ao7u1wXxKw_yHE_2_F8fnAui9gzzG_8A=mo,sekarang my telkomsel menjengkelkan ketika mau chek paket sama mau beli paket itu payah banget ngeleg padahal jaringan bagus tapi mau chek pake aja harus hapus apk trus donlot lagi saya sangat kecwa sekali kalo begini trus mnding pindah ke kartu sebelah daripada telkomsel nih,1,0,8.6.2,2025-04-10 05:02:52,,,8.6.2
56035dfb-4b26-4008-bbb6-da888339002a,Astri Wulandari,https://play-lh.googleusercontent.com/a/ACg8ocKPE6BZNhTxQn7AZFU_Uw8pGwk_f-OztDkQ7BGJle9TUKHMkw8=mo,"sekarang lemotttt banget buka apknya, pdhl jaringan cepet",1,0,8.7.0,2025-04-10 04:58:00,"Hai, Kak Astri. Mohon maaf ya kalau ada yang bikin Kakak ga nyaman. Agar Mimin bisa bantu Kakak lebih optimal, tolong hubungi Mimin melalui fitur bantuan di aplikasi MyTelkomsel atau DM Twitter @telkomsel. Mimin tunggu ya Kak, makasii :) -Faza",2021-11-16 08:44:07,8.7.0
61a759f9-3910-42b8-961b-f1ad1e345898,Rina Sigalingging,https://play-lh.googleusercontent.com/a/ACg8ocL_hHSCJsxZAr_G3uhPrcLmVBm0okVVviEZlliTjgwN1OJGAg=mo,"mau beli paket sulit dan promo jg mahal sampai jaringannya kurang bagus,harap dipahami",4,0,8.6.2,2025-04-10 04:56:23,,,8.6.2
689bbd6e-1a10-4f9a-aac5-0dd34090f926,Siti,https://play-lh.googleusercontent.com/a/ACg8ocI20bxKuurc47bwKdUlGyJ4zZ4lwg6T0aW74Oxyb7iQ-21SiA=mo,keren sekali,5,0,8.6.2,2025-04-10 04:46:05,"Hai Kak Siti, terima kasih tetap setia menggunakan layanan Telkomsel. Apresiasi dari Kakak sangat berarti bagi kami dalam meningkatkan layanan dan performa MyTelkomsel. Have a great day :) -Ken",2025-04-10 14:11:33,8.6.2
c3fd14cc-5f9e-4684-9950-9e13501099b7,SAIHAN MUNTAHAA JAZILI ALFARUQ,https://play-lh.googleusercontent.com/a-/ALV-UjXP-TXdJX0pRFctYw-Sm2ADUAaedGsCKLJw0Yrtv3ARVqAbSkoq,harga elit sinyal sulit,1,0,8.6.2,2025-04-10 04:44:24,"Hai Kak SAIHAN. Maaf bikin gak nyaman. Terkait tarif paket, silakan akses aplikasi MyTelkomsel untuk mendapatkan lebih banyak pilihan dan penawaran paket datanya ya Kak, untuk kendala sinyal, silakan coba restart handphone Kakak. Jika masih terdapat kendala silakan hubungi kami di DM Instagram @telkomsel atau chat di tsel.id/chatva. -Sekar",2025-04-10 06:18:12,8.6.2
c5d0ae22-15d1-452d-8c13-61846006e160,FACHRUR OZI,https://play-lh.googleusercontent.com/a-/ALV-UjVvWpyJ9CADsGMbULpvqWOiDC12u9AUzsBmlzrLHDVCxtQWsXA,terkadang sinyal tidak stabil walau sedang di wilayah kota,3,0,8.6.2,2025-04-10 04:41:12,"Hai, Kak Fachrurozi. Maaf banget ya. Terkait keluhan sinyal tidak stabil, yuk hubungi Mimin melalui akun Instagram @telkomsel atau email cs@telkomsel.com agar dibantu lebih lanjut. Mimin tunggu ya Kak. Makasih :) -Alma",2023-08-24 05:53:48,8.6.2
576a159e-d122-48c1-a39d-bb1a25bfea3d,Rausan iron fikri Fikri,https://play-lh.googleusercontent.com/a/ACg8ocJmpwjB51SYiVNBe6HUArcMAQ5MR5dZ2KmUYogE-3h7tN0x-g=mo,Telkomsel akses dimana saja #Mantul,5,0,8.6.2,2025-04-10 04:39:23,,,8.6.2
334aaf90-f815-4513-b0b0-55bd2b06ed40,Core Idusk,https://play-lh.googleusercontent.com/a/ACg8ocL6ggZjVJHKTPijahhgFbBIUP9fjrDkneoP4VqsxHt0zosfIg=mo,apk ngelek,1,0,8.6.2,2025-04-10 04:34:32,"Hai Kak Core. Mohon maaf untuk ketidaknyamanannya ya, silakan coba cara berikut ya Kak:
1. Clear cache aplikasi
2. Force close aplikasi
lalu coba login kembali, apabila masih mengalami kendala, silakan hubungi kami melalui DM Instagram @Telkomsel atau chat di tsel.id/chatva. Semoga membantu. 😊 -Sekar",2025-04-10 06:18:33,8.6.2
2cd929ef-19ed-4313-9d9f-c9c9968724ea,Eri Anto,https://play-lh.googleusercontent.com/a/ACg8ocJcEkJOFtsOqww_3t8Zt9EUOOsZpFfNHc0TT8UH-u8NWGbLCg=mo,telkomsel mantap dan #Mantul,5,0,,2025-04-10 04:24:51,"Hai Kak Eri, terima kasih tetap setia menggunakan layanan Telkomsel. Apresiasi dari Kakak sangat berarti bagi kami dalam meningkatkan layanan dan performa MyTelkomsel. Have a great day :) -Ken",2025-04-10 14:25:32,
8beb3a8b-8c34-4ad0-96a5-2218689a6ef0,Defri Putra,https://play-lh.googleusercontent.com/a/ACg8ocIQ6QbAd_wwqJNu_HyP6PCgVQzAilUuZ89tEkvhdc_zgF3zyg=mo,okkk,5,0,8.6.2,2025-04-10 04:20:30,,,8.6.2
1cf7a819-e5eb-4e07-ba13-4e1eb92ab05a,Rosihan Wijaya,https://play-lh.googleusercontent.com/a/ACg8ocIr7iXZjS1DxhPq8NIAJxOy54XT0inO18AQiozoWMdUJ834OQ=mo,susah regristrasi nya sekarang,1,0,,2025-04-10 04:20:07,"Hai Kak Rosihan. Mohon maaf untuk ketidaknyamanannya. Untuk kendala registrasi, Kakak bisa langsung menghubungi kami di DM Instagram @Telkomsel atau hubungi kami di tsel.id/chatva. Semoga membantu. 😊 -Sekar",2025-04-10 06:19:14,
2b408d7d-ce72-4dae-8d8c-4c876e66dcc5,Dimas,https://play-lh.googleusercontent.com/a/ACg8ocJefgU04Fd8DCs2tflWiJtckwNegvAjjnhFo2MRDKCfCILs7w=mo,#luarbiasa paket internet Telkomsel Bisa dibeli dalam beberapa klik aja di My Telkomsel,5,0,,2025-04-10 04:16:23,,,
edd66ad0-c301-4b8a-a1ae-2eed9ba5b826,Arpandi Pandi74,https://play-lh.googleusercontent.com/a-/ALV-UjW0TX4EwoCTS7GxLbYQ4VZKNpwCs7tnEolauGSfvTRzrNOv324,mantap,5,0,8.6.2,2025-04-10 04:10:34,"Hai Kak Arpandi, terima kasih tetap setia menggunakan layanan Telkomsel. Apresiasi dari Kakak sangat berarti bagi kami dalam meningkatkan layanan dan performa MyTelkomsel. Have a great day :) -Ken",2025-04-10 14:11:54,8.6.2
ffb29964-4379-4ee1-af27-dbabd68c8979,faishalnajidputra abadi,https://play-lh.googleusercontent.com/a-/ALV-UjUI8dPyUyH_zoLHCgRkPpf7IMU6VyVp8ohYG-ueGmiZK7VHkG5u,"pulsa masih ada, ketika masa aktif habis, pulsa jadi 0, update baru kah ?",1,0,,2025-04-10 04:08:09,"Hai, Kak Faishal. Maaf ya. Mengenai keluhan gak bisa melakukan pembayaran menggunakan Virtual Account pada aplikasi MyTelkomsel, agar dapat mimin bantu lebih lanjut, yuk hubungi mimin melalui akun Twitter @telkomsel, Telegram @Telkomsel _official_bot, atau Facebook Messenger 'Telkomsel'. Mimin tunggu ya Kak. Makasih :) -Sakia",2022-11-04 00:56:03,
53a62c66-2822-4b9f-b439-f1075b83cf86,Fendriyanto Ishak,https://play-lh.googleusercontent.com/a/ACg8ocKmXnYA1hzwZjlxyaxZiEH7rN3a1F28Q4ZI-xSYfTL8iytacw=mo,beneran sumpah gua nunggu sejam lebih 🥲,1,0,,2025-04-10 04:07:03,Hai Kak Ishak. Mohon maaf untuk ketidaknyamanannya. Untuk kendalanya Kakak bisa langsung menghubungi kami di DM Instagram @Telkomsel atau hubungi kami di tsel.id/chatva. Semoga membantu. 😊 -Sekar,2025-04-10 06:19:37,
40c2f2ef-7024-4fa1-b589-f6fb29aa53b6,Aqsa Bian,https://play-lh.googleusercontent.com/a/ACg8ocJvVJiO_8WbBXmZzlKhsu827Ai8u8SuQUbYR3ox6Nq7A4zNNQ=mo,mantap,5,0,,2025-04-10 04:04:19,"Hai Kak Aqsa, terima kasih. Tetap pakai aplikasi MyTelkomsel ya 😊 -Sekar",2025-04-10 06:32:02,
32cb19d7-5fd5-4811-bd3a-6af2018f34e3,Dau Hugagi,https://play-lh.googleusercontent.com/a/ACg8ocLU4Oq5gLOQVzqI1cmfhFhGuO5VNNGYiUiAe8LwK0z98doKHw=mo,terimakasih,5,0,8.7.0,2025-04-10 04:00:19,"Hai Kak Hugagi, terima kasih. Tetap pakai aplikasi MyTelkomsel ya 😊 -Sekar",2025-04-10 06:32:13,8.7.0
fa3344a0-30a9-4107-8c40-61744358691d,Edho Leopart,https://play-lh.googleusercontent.com/a/ACg8ocLcadFmbkVsniaC1GEibiOFkC7wYJLcXxKHVOvTFAEgktJtnA=mo,Telkomsel hadir dimana saja #Mantul,5,0,8.7.0,2025-04-10 03:59:19,"Hai Kak Edho, terima kasih. Tetap pakai aplikasi MyTelkomsel ya 😊 -Sekar",2025-04-10 06:32:35,8.7.0
73c97c07-3275-43a1-b61c-01daf040528f,Mama Yor,https://play-lh.googleusercontent.com/a-/ALV-UjUp-SOG2HOfzOkjj0xbgozgYQ-cd7d2V6WuIYoxKyVOkXn7rJ8,"Niat ngga sih lo bikin aplikasi, bikin emosi ae, gue beli selalu yg premium anjir. Yang bener lah, update doang sering, kualitas boro"" nambah bagus. Kalo ngga karena gue harus keluar rumah, gabakal gue isi paket data di aplikasi. Heran, beli di aplikasinya langsung malah bikin darah tinggi",1,0,8.7.0,2025-04-10 03:57:22,Hai Kak Mama. Mohon maaf untuk ketidaknyamanannya. Untuk kendalanya Kakak bisa langsung menghubungi kami di DM Instagram @Telkomsel atau hubungi kami di tsel.id/chatva. Semoga membantu. 😊 -Sekar,2025-04-10 06:20:27,8.7.0
a986d0d8-86a3-4c07-9b33-1a4468cc6d21,W Unik,https://play-lh.googleusercontent.com/a-/ALV-UjXvFQ7X4440NrTK5xHVbwN1XGTgZ9LBe9urm2hD2G029LWgqGKM,apk lelet banget masa cek kuota aja lemot kayak siput tolong diperbaiki,1,0,6.17.0,2025-04-10 03:48:19,"Hai Kak Unik. Mohon maaf untuk ketidaknyamanannya ya, silakan coba cara berikut ya Kak:
1. Clear cache aplikasi
2. Force close aplikasi
lalu coba login kembali. Untuk keluhan cek kuota, silakan hubungi kami melalui DM Instagram @Telkomsel atau chat di tsel.id/chatva. Semoga membantu. 😊 -Sekar",2025-04-10 06:21:10,6.17.0
0a8a3700-c74a-49f2-ada6-729c31bb9a2f,Surya Phoa,https://play-lh.googleusercontent.com/a/ACg8ocKPEEiQXl_ORhe7rIVguiXBm4aaM7qT3q3fiN_r8b88JcVDDw=mo,sinyal buruk !!!,1,0,8.6.2,2025-04-10 03:47:44,"Hai Kak Surya. Mohon maaf untuk ketidaknyamanannya, silakan coba restart handphone Kakak. Apabila masih terdapat kendala silakan hubungi kami di DM Instagram @telkomsel atau chat di tsel.id/chatva. Semoga membantu. :) -Sekar",2025-04-10 06:21:32,8.6.2
64d1d7e8-0e54-4f10-9fd2-82a539d62ca2,Indra Aja,https://play-lh.googleusercontent.com/a/ACg8ocJ8b43v39UQ-h08-onbiZOw_x9l7TtRoZxQNm2BV7Hywzm7VQ=mo,"lag parah,",1,0,8.6.2,2025-04-10 03:46:26,"Hai Kak Indra. Mohon maaf untuk ketidaknyamanannya, silakan coba restart handphone Kakak. Apabila masih terdapat kendala silakan hubungi kami di DM Instagram @telkomsel atau chat di tsel.id/chatva. Semoga membantu. :) -Sekar",2025-04-10 06:21:48,8.6.2
bf3b74c1-5b19-47e5-8e69-7480bdb4c0d0,yayat sudrajat,https://play-lh.googleusercontent.com/a/ACg8ocLovb8WfWiO6NAsLnVbvGraoI8kK9wd7GjvkGWKTwY7zUKCqA=mo,lambat banget,1,0,8.6.2,2025-04-10 03:43:41,"Hai Kak Yayat. Mohon maaf untuk ketidaknyamanannya, silakan coba restart handphone Kakak. Apabila masih terdapat kendala silakan hubungi kami di DM Instagram @telkomsel atau chat di tsel.id/chatva. Semoga membantu. :) -Sekar",2025-04-10 06:22:09,8.6.2
b5fa18f2-fe49-435f-9f36-da4c4075dc93,suhendra friadli,https://play-lh.googleusercontent.com/a/ACg8ocJ1DmKltQaBycMC80cyrfc81u_1OhaFX9XfFr36jt896jDE1g=mo,"aplikasinya mudah di gunakan, dan sangat membantu",5,0,8.6.2,2025-04-10 03:36:06,"Hai Kak Friadli, terima kasih tetap setia menggunakan layanan Telkomsel. Apresiasi dari Kakak sangat berarti bagi kami dalam meningkatkan layanan dan performa MyTelkomsel. Have a great day 😊 -Sekar",2025-04-10 06:33:33,8.6.2
606cb37b-4cde-49df-aea3-d3941d86f216,Oppo Azkiya,https://play-lh.googleusercontent.com/a/ACg8ocLMlsg3KWt8v6TJleKjbXu8JBZP5abq_NbnuJtpRdLN4qELNw=mo,#mantulnya my Telkomsel dapat di akses kapan saja dan dimana saja,5,0,,2025-04-10 03:35:37,"Hai Kak Oppo, terima kasih tetap setia menggunakan layanan Telkomsel. Apresiasi dari Kakak sangat berarti bagi kami dalam meningkatkan layanan dan performa MyTelkomsel. Have a great day 😊 -Sekar",2025-04-10 06:33:48,
93fb091d-8d41-47c3-bac9-6e2f019969b2,hidayat jo,https://play-lh.googleusercontent.com/a-/ALV-UjUo-MHvAw3vciP5IfVC3lQR64Xan-Df0C61sMLEEZBLQJCrXveF,"BURUK😢 App MyTELKOMSEL Trlalu Sering MAKSA MiNTA Update Melulu! APPnya Sering ERROR Pas menu CHECK-UP JELAJAH NUSANTARA. SiNYAL 4G iNTERNET Sering Trouble LEMOT Gila kek SiPUT kyk Sinyal Operator Seluler yg BARU LAHiR Kmarin Sore😢 Sy PLanggan Setia TELKOMSEL sjk Januari'99, No.simPATI Sy masih Nomor simPATI Nusantara 11 digit jadi Sy SANGAT KECEWA dg Performa & Layanan TELKOMSEL! Creator App My TELKOMSEL Masih AMATiRAN! Coba TSEL pake jasa Developer yg dipake BCA Lah yg Jarang Error App BCA",1,1,8.7.0,2025-04-10 03:35:31,"Hai Kak Hidayat. Mohon maaf untuk ketidaknyamanannya, silakan coba restart handphone Kakak. Apabila masih terdapat kendala silakan hubungi kami di DM Instagram @telkomsel atau chat di tsel.id/chatva. Semoga membantu. :) -Sekar",2025-04-10 06:23:39,8.7.0
274c9620-79a9-4065-958f-03263695c31f,Harris Purwoko,https://play-lh.googleusercontent.com/a-/ALV-UjVSvrwtIuTbAFX5oI7FO7HBak2RDVTjRaNsby-z1IcZJmv20hfc,"aplikasi abal2 tgl 8/5 jam 9.56 sy beli pulsa trus beli paket kuota semuanya diaplikasi pas sorenya ternyata pulsa kepotong kuota ga ada minta bukti sampe skr ga dikasih,kalo aplikasi bermasalah mending dibuang",1,0,,2025-04-10 03:30:09,,,
98d68990-8a56-4093-96a9-c9fb81f3ce8c,Marias Tuti,https://play-lh.googleusercontent.com/a/ACg8ocJbcJzSbvzijdJJOiX912YgRzKC3UD64bO9Vzl3mmKco-DtYg=mo,okk,5,0,,2025-04-10 03:28:45,"Hai Kak Tuti, terima kasih. Tetap pakai aplikasi MyTelkomsel ya 😊 -Sekar",2025-04-10 06:34:12,
37986a99-fd71-493b-8a4b-3bc0f073a791,Hansu Yameji Huda,https://play-lh.googleusercontent.com/a/ACg8ocKfhTXrcLXThgezK1uQyYpsqviV3M5-RXJDgkJeXGAf13PnHg=mo,"ngelag amat buka aplikasi doang, benerin UI nya dulu asem",1,0,,2025-04-10 03:23:00,"Hai Kak Hansu. Mohon maaf untuk ketidaknyamanannya ya, silakan coba cara berikut ya Kak:
1. Clear cache aplikasi
2. Force close aplikasi
lalu coba login kembali, apabila masih mengalami kendala aplikasi MyTelkomsel lambat, silakan hubungi kami melalui DM Instagram @Telkomsel atau hubungi kami di tsel.id/chatva. Semoga membantu. :) -Ken",2025-04-10 08:29:08,
ea7cc2a0-f1e2-463a-ab94-a2d2b99e88d1,Ocean Ponsel,https://play-lh.googleusercontent.com/a/ACg8ocJ-lMSk4LpCyJ4xhma-oXZ0uc82sJdL1WbOJxw0HiwBuWLmPA=mo,"sangat membantu, mantap👍",5,0,,2025-04-10 03:22:41,"Hai Kak Ocean, terima kasih. Tetap pakai aplikasi MyTelkomsel ya 😊 -Sekar",2025-04-10 06:34:29,
2db1f7dc-f154-4b83-9822-aadcad594fc5,Supriatna,https://play-lh.googleusercontent.com/a/ACg8ocIubhsJ7VYmcXjMgVSBa8HjyNhAKVCSZI8xhocV-E-SML_X7Q=mo,"Ga bisa kebuka,tolong d benerin lagi deh.",1,0,8.6.2,2025-04-10 03:03:53,"Hai Kak Supriatna. Mohon maaf untuk ketidaknyamanannya ya, silakan coba cara berikut ya Kak:
1. Clear cache aplikasi
2. Force close aplikasi
lalu coba login kembali, apabila aplikasi MyTelkomsel masih mengalami kendala gak bisa dibuka, silakan hubungi kami melalui DM Instagram @Telkomsel atau hubungi kami di tsel.id/chatva. Semoga membantu. :) -Ken",2025-02-23 13:49:42,8.6.2
5662d3ef-b26a-4a27-a955-9d9f7bc8b919,Wah Yuni,https://play-lh.googleusercontent.com/a/ACg8ocIYUyLRFxKKu-m1Y5PRWpov9xyQD2BA5q8hSlzChd81IBA7Yg=mo,sangat membantu bagi pengguna telkomsel,5,0,8.6.2,2025-04-10 03:02:57,"Hai Kak Yuni, terima kasih tetap setia menggunakan layanan Telkomsel. Apresiasi dari Kakak sangat berarti bagi kami dalam meningkatkan layanan dan performa MyTelkomsel. Have a great day 😊 -Sekar",2025-04-10 06:43:50,8.6.2
553216c3-34c7-4d2c-a8d5-5a5643e8c5a6,Elok Ayu,https://play-lh.googleusercontent.com/a-/ALV-UjXkIP-09Cl1Rpd4DaJ9lHgHYaA19TC5T8T9KJU0SQxdhu24qspN,"saya merasa tertipu beli 100GB kuota, yang 50GB tidak bisa terpakai !",1,0,8.7.0,2025-04-10 03:01:11,"Hai Kak Ayu. Mohon maaf untuk ketidaknyamanannya, perihal keluhan gak bisa akses internet, silakan coba restart handphone Kakak. Apabila masih terdapat kendala silakan hubungi kami di DM Instagram @telkomsel atau hubungi kami di tsel.id/chatva. Semoga membantu. :) -Ken",2025-04-10 08:25:55,8.7.0
0c92a0cc-f885-470d-9f21-388f51723fb8,Rafa Rafa,https://play-lh.googleusercontent.com/a/ACg8ocJk-9sHeAWPstsZCefo6k71bguN0y1vjhxWHtTZeaQ9PG1dFQ=mo,setiap hari harus hapus dan download lagi kalau mau login,2,3,8.6.2,2025-04-10 02:58:31,,,8.6.2
c9901fdd-3641-41fe-8217-985099594ffb,faizz ff,https://play-lh.googleusercontent.com/a-/ALV-UjXjXoQc9leXSS_5hAuhtt7Tp1IN7RPtcnbZ7AsofE_SiQWJ3Hk2,tolong segera perbaiki versi ini saya mau cek kouta tetapi tidak muncul sama sekali padahal jaringan bagus segera perbaiki,1,0,8.6.2,2025-04-10 02:52:33,"Hai Kak Faizz, Mohon maaf untuk ketidaknyamanannya ya, silakan coba cara berikut ya Kak:
1. Clear cache aplikasi
2. Force close aplikasi
lalu coba login kembali, apabila masih mengalami kendala, silakan hubungi kami melalui DM Instagram @Telkomsel atau chat di tsel.id/chatva. Semoga membantu. :) -Edo",2025-01-20 11:55:11,8.6.2
e24ca9d6-f131-4d6f-97ef-91f59f6fe393,Agus Topsano,https://play-lh.googleusercontent.com/a-/ALV-UjUGar8EXpo910_vGFChlQG00KAvf5pGYxiMGKkljY0KQabM6QJj,"Aplikasi paling berat di hape, lebih berat dari game mobile legend yg datanya 9gb",1,0,8.6.2,2025-04-10 02:47:07,"Hai, Kak Agus. Mohon maaf untuk ketidaknyamanannya ya, apabila aplikasi MyTelkomsel terlalu berat di handphone Kakak, silakan coba unduh MyTelkomsel Basic. Aplikasi ini sudah tersedia di PlayStore. Apabila masih mengalami kendala, silakan hubungi kami melalui DM Instagram @Telkomsel atau chat di tsel.id/chatva. Semoga membantu. :) -Ken",2025-04-10 08:26:26,8.6.2
a62844be-9c15-4e4b-b044-8770e8bf1b44,Duke Yooz,https://play-lh.googleusercontent.com/a-/ALV-UjVULXKzqmEhqMKEwoMcBBaQBWnL4aEDgdlhduUC2IY3WlEB6Lc,"Makin kurang enak ajh jaringan nyaa,mau itu main game/nonton video jaringan nya selalu gk stabil dan sistem pembantunya kurang jelas nanya nya apa jawaban ny gk jelass..... ngelag bgt woyy jaringan nya",3,0,8.7.0,2025-04-10 02:43:51,,,8.7.0
a2824236-6a63-4064-8c4e-4f507ad23ec0,Shadri Pku,https://play-lh.googleusercontent.com/a-/ALV-UjWly4UxGHpAByGfl28TVaULZh9NkyvCwPh0EkO5kjMhyYHLgsI,my Telkomsel harus di akui signalnya kuat di dalam hutan 👍,5,0,8.6.2,2025-04-10 02:34:25,"Hai Kak Shadri, terima kasih tetap setia menggunakan layanan Telkomsel. Apresiasi dari Kakak sangat berarti bagi kami dalam meningkatkan layanan dan performa MyTelkomsel. Have a great day 😊 -Sekar",2025-04-10 06:44:33,8.6.2
5aec2eee-e8d1-46eb-a38c-113f14b733c6,AJRAN,https://play-lh.googleusercontent.com/a/ACg8ocKjj_j44x8i3Vy-FdNlLweJ9xSK1f3SamDlv5N0zU4CfY7B6w=mo,aplikasi mantap sekali,5,0,8.6.2,2025-04-10 02:34:05,"Hai Kak AJRAN, terima kasih. Tetap pakai aplikasi MyTelkomsel ya 😊 -Sekar",2025-04-10 06:44:46,8.6.2
27364c11-7a6f-4b10-b4a8-d8fbe602fd42,MaximuM,https://play-lh.googleusercontent.com/a-/ALV-UjVpbQYGmTghsPg2RPKs5HuSMGjUfpqPdhxvvjcoQuaq1Cm02eM,aplikasi kebanyakan fitur,1,0,8.7.0,2025-04-10 02:30:09,,,8.7.0
0daa5bd3-3e55-4d82-ab36-4a75403bb90a,Jajang Kurniawan,https://play-lh.googleusercontent.com/a-/ALV-UjVsHAylw_fdKGHyOJHu25E3t1WQn2DlQdKbZJWOQZ1yT3tu3ZWy,"perbaiki apliaksi, entah apa loading lama banget",1,0,8.7.0,2025-04-10 02:29:29,"Hai Kak Jajang. Mohon maaf untuk ketidaknyamanannya ya, silakan coba cara berikut ya Kak:
1. Clear cache aplikasi
2. Force close aplikasi
lalu coba login kembali, apabila masih mengalami kendala aplikasi MyTelkomsel lambat, silakan hubungi kami melalui DM Instagram @Telkomsel atau hubungi kami di tsel.id/chatva. Semoga membantu. :) -Ken",2025-04-10 06:51:27,8.7.0
3edb7f68-6161-455b-b6ff-d1931cc1a20e,Ferdian adiwinata,https://play-lh.googleusercontent.com/a/ACg8ocKbHsGsN84Tm7hjwwndKABQatI5tYPk-Z2T-n940-WKFjZkGw=mo,"apknya udah bgus2 dlu ngga lag, sekarang suka bug kuota sama pulsa😏",3,0,8.7.0,2025-04-10 02:26:34,,,8.7.0
b448f1d5-1c0a-45d3-97fe-45cf469edf77,Elvi Sukaisih,https://play-lh.googleusercontent.com/a/ACg8ocJbnHQHFSnoKmC1H9mKQhxuoqn8lP-ac8-EdP5OMbAajqfRjA=mo,terbaikkkk #SEMPURNA,5,0,,2025-04-10 02:24:38,"Hai Kak Elvi, terima kasih. Tetap pakai aplikasi MyTelkomsel ya 😊 -Sekar",2025-04-10 06:45:00,
95fbb65e-3311-4681-8506-0290e94eb9ce,one,https://play-lh.googleusercontent.com/a-/ALV-UjWPVrExr2XiBLyPM74Br2UE4EGjEDlsRT5uLoLkpwFtFi0ecV0,"sinyal nya masih suka hilang, nggak ke baca !!!",3,0,8.7.0,2025-04-10 02:22:34,,,8.7.0
3b7ffbd6-c520-4596-a052-d94926680f56,Ahmad yasin,https://play-lh.googleusercontent.com/a-/ALV-UjUXRsDlWGOh-t6xQEBfi8RN7As7lrwOAf0yOaeUmoeKxpc98Kj1,aplikasi ini sangat membantu untuk mencari kuota murah yang ada di Telkomsel dan saya sangat senang menggunakan aplikasi ini terimakasih.,5,0,8.6.2,2025-04-10 02:19:32,"Hai Kak Ahmad, terima kasih tetap setia menggunakan layanan Telkomsel. Apresiasi dari Kakak sangat berarti bagi kami dalam meningkatkan layanan dan performa MyTelkomsel. Have a great day 😊 -Sekar",2025-04-10 07:03:34,8.6.2
918f0c59-7f92-4fd5-a1f6-d68f3118e4fa,Adr Ika,https://play-lh.googleusercontent.com/a/ACg8ocLja2to6ipp6xCc_jAZAWTeGDqFBuZxq-6afeKarcWQVcwKUQ=mo,bagus,5,0,,2025-04-10 02:18:00,"Hai Kak Ika, terima kasih. Tetap pakai aplikasi MyTelkomsel ya 😊 -Sekar",2025-04-10 07:03:50,
cd412039-2664-4f92-a6b1-91b9f115695c,Thoyep Aza,https://play-lh.googleusercontent.com/a/ACg8ocKVzY41HANMMstLLdHqeY8AUQeDEb1JmbWGubXcW3pntTkbjg=mo,insyaallah tetap bersyukur semoga bermanfaat amiiin,5,0,8.6.2,2025-04-10 02:17:03,"Hai Kak Aza, terima kasih tetap setia menggunakan layanan Telkomsel. Apresiasi dari Kakak sangat berarti bagi kami dalam meningkatkan layanan dan performa MyTelkomsel. Have a great day 😊 -Sekar",2025-04-10 07:04:04,8.6.2
f978b3fb-dfb2-4319-8d08-aee1f1cbbf7a,Safinatun Najah,https://play-lh.googleusercontent.com/a-/ALV-UjXsj6JiPnYAqLyR7uDMEix7IY9VEryuHbXdtsqThwfOA9QBWMEC,aplikasinya sering ngebug.,2,0,5.1.4,2025-04-10 02:14:32,,,5.1.4
6e6df891-013e-4a57-b983-995b40c6af8b,Rian Hidayat,https://play-lh.googleusercontent.com/a/ACg8ocI0m4e7vzab5UXVZo6f5mWqBrijFicYYPEGOWTkAFIPWrAeHQ=mo,"apk sangat buruk, ngeleg",1,0,8.6.2,2025-04-10 02:08:55,"Hai Kak Rian. Mohon maaf untuk ketidaknyamanannya ya, silakan coba cara berikut ya Kak:
1. Clear cache aplikasi
2. Force close aplikasi
lalu coba login kembali, apabila masih mengalami kendala aplikasi MyTelkomsel lambat, silakan hubungi kami melalui DM Instagram @Telkomsel atau hubungi kami di tsel.id/chatva. Semoga membantu. :) -Ken",2025-04-10 06:51:47,8.6.2
b68c0760-d428-4d34-badc-e9e3d08de550,Hardi Sugiono,https://play-lh.googleusercontent.com/a-/ALV-UjVQQSXyVDvttPhggzmuhRTRUBWzmIgemPinV_Y8sQWk4sc1ARU,"saran gua mah poin yang ada di my Telkomsel di buat lebih berguna lah, misa bisa di tukar dengan kuota internet gitu.. sumpah poin gua gada gunanya jir.. di tuker pun ama hal² yang ga berfaedah.",2,0,8.2.0,2025-04-10 02:07:07,,,8.2.0
9d29ab58-ed1c-4b26-8b44-584d25f1d765,Shodri Fadillah,https://play-lh.googleusercontent.com/a-/ALV-UjXLe1c2MeDdvnuDkH84EB7X9X1weN4E0E-ZHq4oH4edcoFKAX8J,"aplikasi kasih nya susa dibuka, kalau sudah perubahan nanti bintang nya ditambah lagi",3,0,8.6.2,2025-04-10 02:06:37,,,8.6.2
e27cbd0b-1c07-422f-be00-527e4084dc76,Hardiyanto,https://play-lh.googleusercontent.com/a-/ALV-UjXSLsY8YQzj8sdVl_o3A1xBSqA_Zm3VabwZ7RZnE7DBU__md7uKFA,Dari kemarin aplikasi sama sekali tidak bisa dibuka. MyTelkomsel terus berhenti Kirim laporan bug ke Mi untuk dianalisa? Laporan ini mungkin mengandung Informasi Identitas Pribadi. Laporan Anda akan digunakan untuk membantu memperbaiki bug ini dan tidak akan digunakan dalam konteks komersial apapun. Lihat ringkasan Batal Laporkan,5,0,8.7.0,2025-04-10 02:05:57,,,8.7.0
5e3f668c-8d70-4b81-a381-642a30a83b6d,Rivaldo aldo,https://play-lh.googleusercontent.com/a/ACg8ocJ9Ab0jbFa-9Mo6k0P5xNawQJGlCuMXmjYogf24eVFFZViA1A=mo,ternyata bagus jaringan ini ditambah tiap bulan di kasi kuota gratis 👍,5,0,8.6.2,2025-04-10 02:02:52,"Hai Kak Rivaldo, terima kasih tetap setia menggunakan layanan Telkomsel. Apresiasi dari Kakak sangat berarti bagi kami dalam meningkatkan layanan dan performa MyTelkomsel. Have a great day 😊 -Sekar",2025-04-10 07:04:23,8.6.2
18a543d9-0f7f-4495-97be-4050a6c898eb,rijani m,https://play-lh.googleusercontent.com/a-/ALV-UjXsCx6B0LTRPu6_TPWkc2pd7Qsg-_xUDDQRHGnDqYL8wLg6SnPk,"APLIKASI BERAT, UPDATE PENUKARAN TELKOMSEL POIN AGAR TIDAK SATU PERSATU UNTUK UNDIAN BERHADIAH KAPAN?INI 2025 BUKAN JAMAN BATU,LAWAK",1,0,8.6.2,2025-04-10 01:56:02,"Hai Kak Rijani, Mohon maaf untuk ketidaknyamanannya ya, silakan coba cara berikut ya Kak:
1. Clear cache aplikasi
2. Force close aplikasi
lalu coba login kembali, untuk kendala sinyal silakan coba restart handphone kakak. Apabila masih berkendala silakan hubungi kami di DM Instagram @telkomsel atau chat di tsel.id/chatva. Semoga membantu. :) -Edo",2025-03-27 10:04:11,8.6.2
ded47340-d59d-423f-a932-5e7548704072,Ventus Sora,https://play-lh.googleusercontent.com/a/ACg8ocLw3rR_rSUkHEb1pHCruFch3VCqNQ5B4ufsGHHywO5xp4i6yA=mo,"2025 app mu masih terasa berat, berat karena servermu sendiri yang nggak kuat",1,0,,2025-04-10 01:55:52,"Hai, Kak Ventus. Mohon maaf untuk ketidaknyamanannya ya, apabila aplikasi MyTelkomsel terlalu berat di handphone Kakak, silakan coba unduh MyTelkomsel Basic. Aplikasi ini sudah tersedia di PlayStore. Apabila masih mengalami kendala, silakan hubungi kami melalui DM Instagram @Telkomsel atau chat di tsel.id/chatva. Semoga membantu. :) -Ken",2025-04-10 07:00:51,
13cc1155-f47d-4cdd-ae1c-675ac3d21faa,Heri Susanto,https://play-lh.googleusercontent.com/a/ACg8ocLC_M0JrM92tfVUZJld3sMztbC_2gsdRfnu3Kk8Tky8GtIfbA=mo,sangat membantu,5,0,8.7.0,2025-04-10 01:49:05,"Hai Kak Heri, terima kasih. Tetap pakai aplikasi MyTelkomsel ya 😊 -Sekar",2025-04-10 07:04:42,8.7.0
c50d8f4c-9585-4ed7-8162-4ebd8c44545e,Asep Priyanto,https://play-lh.googleusercontent.com/a/ACg8ocJHeJYOvzS-pGLCjJosixcBOp6YbMBDY1HqkJGGZ0aE1MUQYA=mo,"aplikasi paling berat, buka app pake wifi juga masih aja ga kebuka sama sekali",1,0,8.7.0,2025-04-10 01:44:51,"Hai, Kak Asep. Mohon maaf untuk ketidaknyamanannya ya, apabila aplikasi MyTelkomsel terlalu berat di handphone Kakak, silakan coba unduh MyTelkomsel Basic. Aplikasi ini sudah tersedia di PlayStore. Apabila masih mengalami kendala, silakan hubungi kami melalui DM Instagram @Telkomsel atau chat di tsel.id/chatva. Semoga membantu. :) -Ken",2025-04-10 07:01:15,8.7.0
6a81c79a-1b29-4a29-adb7-c68baf5ba23c,Jerman Brilian,https://play-lh.googleusercontent.com/a-/ALV-UjWs9rYcmDhYDV_Tg-3R2YINOeVF4J6WV0G1Ui9Ls85oQSLakZM,"Bermanfaat bagi Pengguna nomor telkomsel, kalau mau cek nomor atau Kouta tinggal buka aplikasi pokoknya praktis banget🤩",5,0,8.7.0,2025-04-10 01:40:50,"Hai Kak Jerman, terima kasih tetap setia menggunakan layanan Telkomsel. Apresiasi dari Kakak sangat berarti bagi kami dalam meningkatkan layanan dan performa MyTelkomsel. Have a great day 😊 -Sekar",2025-04-10 07:05:15,8.7.0
19fa516e-a8b4-41de-942f-7130a021fe67,Mulia Zulkarnain,https://play-lh.googleusercontent.com/a-/ALV-UjVnICZ67rLeLhngkuwFX0LNqvgMmBfo31lYfvfi-exHuL2wFmvk,mantap,5,0,8.3.0,2025-04-10 01:38:27,"Hai Kak Mulia, terima kasih. Tetap pakai aplikasi MyTelkomsel ya 😊 -Sekar",2025-04-10 07:04:58,8.3.0
3911495e-474b-4cdb-a5c6-7f7ccd46c081,Mustofa Efendi,https://play-lh.googleusercontent.com/a/ACg8ocJloVCfLopv0w8pv9FyFFY3w2_oUiLj9WgoQF-JjB4TKCY2TA=mo,selalu muter-muter lola,1,0,,2025-04-10 01:37:35,"Hai Kak Mustofa. Mohon maaf untuk ketidaknyamanannya ya, silakan coba cara berikut ya Kak:
1. Clear cache aplikasi
2. Force close aplikasi
lalu coba login kembali, apabila masih mengalami kendala aplikasi MyTelkomsel lambat, silakan hubungi kami melalui DM Instagram @Telkomsel atau hubungi kami di tsel.id/chatva. Semoga membantu. :) -Ken",2025-04-10 07:01:51,
f0fb4eee-107b-4deb-a021-7506adcc2fea,SS “REZZ”,https://play-lh.googleusercontent.com/a-/ALV-UjXGW0XFSPQedZNsZDLKOhkE14Kb9PJS1DeByaIQG-zDWWkkdSUu,"bufring loading nya lama, berat. kesel banget kalo mau cek kuota n pulsa lama banget, kalah sama provider sebelah pak",3,0,8.6.2,2025-04-10 01:37:03,,,8.6.2
8285b0c9-f42f-458d-bbc8-376db5c116ff,Nico spt,https://play-lh.googleusercontent.com/a-/ALV-UjXBQriO15xLje1z5tfYJkThZU9SZ1GnRA9Wrfl_FbqBJ2uHEgE,My Telkomsel Sering lelet utk di buka. jaringan juga lelet.,4,0,8.7.0,2025-04-10 01:33:53,"
Mohon maaf ya, Kak Nico. Untuk keluhan akses internet lambat agar dapat mimin bantu lebih lanjut, silakan konfirmasi ke Twitter @Telkomsel, atau bisa melalui Telegram @Telkomsel_official_bot , Facebook Messenger 'Telkomsel', LINE @Telkomsel, atau WhatsApp Telkomsel Virtual Asisten. Makasih :) –Lina",2022-07-18 06:04:58,8.7.0
53d10832-7422-4cbb-be67-5f279b2dfa39,Muhammad Ajirahdian,https://play-lh.googleusercontent.com/a/ACg8ocKqQIb1pdgNjmQYRO1gQMk3JRsdBRq4pxO8Bh4r9zwMCsrtGw=mo,"Telkomsel sinyalnya bisa diperbaiki GK sih, capek padahal ditengah kota di perkotaan sinyal jelek bngt, di restart? berkali"" tapi tetep ga ada perubahan, di perbaiki lah, paketan baru beli juga, Terimakasih.",1,0,8.7.0,2025-04-10 01:33:12,"Hai Kak Ajirahdian, Mohon maaf untuk ketidaknyamanannya, silakan coba restart handphone kakak. Apabila masih terdapat kendala silakan hubungi kami di DM Instagram @telkomsel atau chat di tsel.id/chatva. Semoga membantu. :) -Edo",2025-01-25 08:15:54,8.7.0
e681e2f6-1711-49c4-809a-9e6bf6fa203a,Dika Chandra,https://play-lh.googleusercontent.com/a-/ALV-UjWkDvXI3nLP5Ydq1JadQUfZCstkDBG6V6DigpBkIX0IP3DtPQIl,untuk saat ini bintang satu memang layak untuk aplikasi ini.,1,0,8.6.2,2025-04-10 01:31:57,Hai Kak Dika. Mohon maaf untuk ketidaknyamanannya. Untuk kendalanya Kakak bisa langsung menghubungi kami di DM Instagram @Telkomsel atau hubungi kami di tsel.id/chatva . Semoga membantu. :) -Ken,2025-04-10 07:04:40,8.6.2
cb3a96c4-1eb9-41de-ac33-7709cb2bb5dc,Muhammad Fredy Nurseto,https://play-lh.googleusercontent.com/a-/ALV-UjXC8lgCony9ONgQJVcszN6ZBa8wHFUWcvPkIehr9-LZLVLFlXPF,"Udah beli paket internet, saldo linkAja udah di debet 100rban tp paket belum masuk. Akhirnya beli paket darurat dulu 5rb. Nasib saldo 100rb gw gimana? SAMPAH ini aplikasi",1,0,8.7.0,2025-04-10 01:31:16,"Hai Kak Fredy. Mohon maaf untuk ketidaknyamanannya. Untuk keluhan pembelian paket belum diterima, Kakak bisa langsung menghubungi kami di DM Instagram @Telkomsel atau hubungi kami di tsel.id/chatva . Semoga membantu. :) -Ken",2025-04-10 07:06:24,8.7.0
43fbea8c-83e8-4cfa-965e-295beeef5ac0,Nur Faizin,https://play-lh.googleusercontent.com/a-/ALV-UjWwIGnC2D05NZgEPbf_FxyXd2KPfrO0du1YtONFqk8ryMvOy68,"busuk , ngelag parah",1,0,8.6.2,2025-04-10 01:28:39,"Hai Kak Nur. Mohon maaf untuk ketidaknyamanannya ya, silakan coba cara berikut ya Kak:
1. Clear cache aplikasi
2. Force close aplikasi
lalu coba login kembali, apabila masih mengalami kendala aplikasi MyTelkomsel lambat, silakan hubungi kami melalui DM Instagram @Telkomsel atau hubungi kami di tsel.id/chatva. Semoga membantu. :) -Ken",2025-04-10 07:07:04,8.6.2
5fd3e431-e58c-4277-b581-8f4c13a817df,solekhan khan,https://play-lh.googleusercontent.com/a/ACg8ocItMOw_z84Do9Xi7oA1W48EUHj7m0f4HUJajCzt5wPgh08DAg=mo,sangat membantu bagi pengguna telkomsel,5,0,8.6.2,2025-04-10 01:22:21,"Hai Kak Solekhan, terima kasih. Tetap pakai aplikasi MyTelkomsel ya 😊 -Sekar",2025-04-10 07:05:37,8.6.2
105749e7-4c26-473f-92b2-6eae2b9660f9,muhamad afandi,https://play-lh.googleusercontent.com/a-/ALV-UjXIGfzdPllPaQmHtFKtn0DMxeI8iYj5uU7xwVuxnk-j8Bj9MY8i,my Telkomsel banyak bonusnya #paten,5,0,8.7.0,2025-04-10 01:18:43,"Hai Kak Afandi, terima kasih. Tetap pakai aplikasi MyTelkomsel ya 😊 -Sekar",2025-04-10 07:05:53,8.7.0
00a8ba0d-c902-449d-ab68-82936e3e1697,Semuel Kamban,https://play-lh.googleusercontent.com/a-/ALV-UjUmYy_fUQ49B4b1EbPxZanDLMHDWncXgFfcrQ1jimrxApMmgoc,kuota mahal jaringan sulit lengkap sudah,1,0,8.7.0,2025-04-10 01:11:19,Hai Kak Semuel. Maaf banget ya. Silakan akses aplikasi MyTelkomsel untuk mendapatkan lebih banyak pilihan dan penawaran paket datanya ya. Untuk keluhan jaringan lemah silakan coba restart handphone Kakak. Jika masih terdapat kendala silakan hubungi kami di DM Instagram @telkomsel atau hubungi kami di tsel.id/chatva. Semoga membantu. :) -Ken,2025-04-10 07:08:25,8.7.0
b952e33c-b8e0-4f38-b9b1-0f677e32640b,Oghon Thomas,https://play-lh.googleusercontent.com/a-/ALV-UjWoEmHILtoxREDFPHHlN2itumq4NTGdeAJ92tkw6509cooSC5g,"aplikasi bikin sakit mata. warna aplikasimu itu loh merah membosankan dengan fitur dan logo yg sama membosankan. poin reward gk ada yg bermutu untuk di redeem dan yang paling parah itu, loading pas baru masuk aplikasi itu bisa sampai 2 kali naik haji baru selesai loading. Aplikasi macam apa ini😪",1,1,,2025-04-10 01:09:26,,,
43a4f0a3-bc01-4b7c-ac88-3c10f4c8cd84,Putra Yanaa,https://play-lh.googleusercontent.com/a-/ALV-UjVRna8rXtGUub_pf1PdSUpxSkR8x_POEaD1GVjFEsV06qI3UXtH,tidak gratis kuota setiap minggunya,4,0,,2025-04-10 01:06:51,,,
eeda3ffe-4254-48f7-94b7-0fd099dbce7a,Edysteev Edysteev,https://play-lh.googleusercontent.com/a/ACg8ocJHBh4JCrqns_AkZZcs3UziLqJhoZ_zI4Plm5wI5BZZ4_jViw=mo,berasa ke di sinyal 3g lag,1,0,8.2.0,2025-04-10 00:58:45,"Hai Kak Edysteev. Mohon maaf untuk ketidaknyamanannya, silakan coba restart handphone Kakak. Apabila masih terdapat kendala silakan hubungi kami di DM Instagram @telkomsel atau chat di tsel.id/chatva. Semoga membantu. :) -Sekar",2025-04-10 01:19:18,8.2.0
d418cd0e-09d7-49ac-8a04-195bb6b48181,Mhmmdyudha Prtm,https://play-lh.googleusercontent.com/a-/ALV-UjXAOIMmVfdItob1ujoX_pEQQyzT4ZdSNAsLObM-drFeYz-7Csg,permasalahan di apk gak dibenerin mulu malah update apk trus yang di urus,1,0,,2025-04-10 00:54:59,"Hai Kak Prtm, terima kasih untuk saran dan masukannya ya Kak. Hal ini sangat berarti bagi kami untuk meningkatkan Layanan dan performance aplikasi MyTelkomsel. 😊 -Sekar",2025-04-10 01:19:44,
e9d98234-dc37-4873-87b9-ced494af5868,Hagi Wibowo,https://play-lh.googleusercontent.com/a/ACg8ocLizphkaOVvMoplMmG3KpUhwjc0_W49XGyyWmD7JuQGZaT72A=mo,knpa ya susah buat cek saldo,5,0,8.6.2,2025-04-10 00:51:13,,,8.6.2
68a1daed-5d5d-4d5c-b9d7-cd631615c923,Fadilah Achmad,https://play-lh.googleusercontent.com/a-/ALV-UjX07UGeqkGzPNkHeCMAz-Hisz3me_Ct7hLgzyaV7TPj32QhlkSo,kuota gua banyak kaga bisa di pakai,1,0,8.6.2,2025-04-10 00:46:36,"Hai Kak Fadilah. Mohon maaf untuk ketidaknyamanannya. Untuk kendala paket gak bisa digunakan, Kakak bisa langsung menghubungi kami di DM Instagram @Telkomsel atau hubungi kami di tsel.id/chatva. Semoga membantu. 😊 -Sekar",2025-04-10 01:20:16,8.6.2
f63479cb-785d-4a5a-b0e0-1acd8e503f2b,Vika Aurell,https://play-lh.googleusercontent.com/a/ACg8ocLxVFcgtW90SzgQGRdsieEAxb4Oy0EfDujlzLx4sN2LFX9mnQ=mo,"Mohon maaf, saya kasih bintang satu karena kalau login Telkomsel harus pake magic link yng dikirim lewat SMS sedangkan nomor Telkomsel dan SMS saya itu berbeda jadi kdng bisa gk muncul emng ribet untuk cuman ngecek kouta alhasil pke cara manual, dan Telkomsel kan ada berikan paket gratis untuk 2 hari yaitu 25gb tapi pas saya mau klaim kok gk bisa, tolong dong diperbaiki",1,0,8.6.2,2025-04-10 00:35:58,"Hai Kak Vika. Mohon maaf untuk ketidaknyamanannya ya, silakan coba cara berikut ya Kak:
1. Clear cache aplikasi
2. Force close aplikasi
lalu coba login kembali, apabila masih mengalami kendala, silakan hubungi kami melalui DM Instagram @Telkomsel atau chat di tsel.id/chatva. Semoga membantu. 😊 -Sekar",2025-04-09 06:12:38,8.6.2
5b32feed-1119-4050-ba73-4357dffa9901,ahmad taslim,https://play-lh.googleusercontent.com/a-/ALV-UjXYio3OwU0lgbsQ_OsaibuvrW-VicCoh2ODN2ffovP52GaGqxPL,Servernya down apa ada error ya...tim Beckend coba cek,1,0,8.6.2,2025-04-10 00:31:46,Hai Kak Ahmad. Mohon maaf untuk ketidaknyamanannya. Untuk kendalanya Kakak bisa langsung menghubungi kami di DM Instagram @Telkomsel atau hubungi kami di tsel.id/chatva. Semoga membantu. 😊 -Sekar,2025-04-10 01:20:40,8.6.2
0dc9259a-db86-4ccf-9427-0d2f77b53b2e,Achmad Abdussalam,https://play-lh.googleusercontent.com/a/ACg8ocKN23wZxzpMKEwbyqjFi_N8ZHDvJETeG4O9RjFbaHtA2jrrVw=mo,"Aplikasi cenderung ngelag dan beberapa fitur seperti hadiah hiburan kadang tidak memproses progres yg pengguna buat, mohon diperbaiki lagi 🙏🏻",3,0,8.7.0,2025-04-10 00:18:20,,,8.7.0
91066d2f-601a-4e5c-b97c-5845a967c6d5,Maftuhal farras,https://play-lh.googleusercontent.com/a/ACg8ocLPK4c9tVax8obNu8x0CaTNZZfIoFmysOBntUizfCkTnDYYwA=mo,udah ada perbaikan,4,0,8.7.0,2025-04-10 00:18:17,"Hai Kak Maftuhal. Mohon maaf untuk ketidaknyamanannya ya, silakan coba cara berikut ya Kak:
1. Clear cache aplikasi
2. Force close aplikasi
lalu coba login kembali, apabila masih mengalami kendala aplikasi MyTelkomsel lambat, silakan hubungi kami melalui DM Instagram @Telkomsel atau hubungi kami di tsel.id/chatva. Semoga membantu. :) -Ken",2025-03-11 09:46:19,8.7.0
9dcae92d-7498-4bbc-9e9b-ca44b07ea1a2,Keinarra Dzakiyah,https://play-lh.googleusercontent.com/a/ACg8ocIZmxIVIPmosxK0zoXzz6KGOjIj2ZToyEHXuAzKPTDa-uOc5Q=mo,"sekarang makin mantap, gak ada kuota tetap bisa buka aplikasinya, dan gak mengurangi pulsa, jadi tetap tenang mau beli paket pake pulsa,",5,0,8.7.0,2025-04-10 00:16:17,,,8.7.0
5a646a1c-e0b7-46c5-8a79-5a622be213fc,amok 76,https://play-lh.googleusercontent.com/a-/ALV-UjWXpArc2XqUWIkHe_dJzskboLMaN5x9Ct-zNSKtcW3-hZnQk4Lc,buka aplikasi lemot padahal sinyal bagus,1,0,8.6.2,2025-04-10 00:14:39,"Hai Kak Amok. Mohon maaf untuk ketidaknyamanannya ya, silakan coba cara berikut ya Kak:
1. Clear cache aplikasi
2. Force close aplikasi
lalu coba login kembali, apabila masih mengalami kendala, silakan hubungi kami melalui DM Instagram @Telkomsel atau chat di tsel.id/chatva. Semoga membantu. 😊 -Sekar",2025-04-10 01:21:43,8.6.2
533d03e2-0030-4c6f-ad77-9dc63e54293a,Ainul Gareth,https://play-lh.googleusercontent.com/a-/ALV-UjVTePcktea0ppyv9CcnkHXmwmMuXvUQWW2FINaKY2IBCnp051ey,"kirain saya doang yang apk my Telkomsel nya ngelag. ternyata banyak juga yg sama. kenapa yah? tolong dong di perbaiki, pake apk tuh bukannya ngegampangin malah nyusahin ini mah jadinya",1,0,8.6.2,2025-04-10 00:11:24,"Hai Kak Ainul. Mohon maaf untuk ketidaknyamanannya ya, silakan coba cara berikut ya Kak:
1. Clear cache aplikasi
2. Force close aplikasi
lalu coba login kembali, apabila masih mengalami kendala, silakan hubungi kami melalui DM Instagram @Telkomsel atau chat di tsel.id/chatva. Semoga membantu. 😊 -Sekar",2025-04-10 01:29:10,8.6.2
a32b9a69-322a-4d1f-941d-580415693c88,Dk Dik,https://play-lh.googleusercontent.com/a/ACg8ocL1nZ6h3-kAyOMH28nIlEA4DBA3gjM57xF1Bza-pDKh-1Q2Bw=mo,tidak bisa login ke apk padahal nomer benar,1,0,,2025-04-10 00:10:11,"Hai Kak Dik. Mohon maaf untuk ketidaknyamanannya ya, silakan coba cara berikut ya Kak:
1. Clear cache aplikasi
2. Force close aplikasi
lalu coba login kembali, apabila masih mengalami kendala, silakan hubungi kami melalui DM Instagram @Telkomsel atau chat di tsel.id/chatva. Semoga membantu. 😊 -Sekar",2025-04-10 01:32:47,
ef82b814-ad74-4dac-b4b1-edc4a00c4f80,Dan Da,https://play-lh.googleusercontent.com/a-/ALV-UjXBW-o4UApSiu-ch_C98QWuaUYwDV3FB0ZS_zZWJ_kz9-RixyhB,"kenapa my telkomsel sekarang tidak bisa isi kouta, dengan alasan gangguan sistem",3,0,8.6.2,2025-04-10 00:08:30,,,8.6.2
35e2bd2c-8e5f-44fc-a5d1-8d2b2995a66d,Setio Ade,https://play-lh.googleusercontent.com/a-/ALV-UjUsodtCFUlfA0BegJkltlAznGHyOj3BtWbnaXg6Hm3aUZz8VScS,setelah update sistem ke android 15 kenapa tidak bisa di buka aplikasi tersebut?,3,0,8.6.1,2025-04-10 00:06:09,,,8.6.1
edf014ff-0c8d-4f16-a3b7-5d72b6ab2428,Agus Wahyudi,https://play-lh.googleusercontent.com/a-/ALV-UjVrMHDsuTZYpgft3ypJ8aG8NUlE7-HTeOgCRg3BKbPhiocf5fyC,tak turunin lagi bintangnya.. karena bukanya di perbaiki aplikasinya.. malah jadi semakin lambat.. apalagi sekarang sistemnya ditambah lagi fitur buat indihome.. jadi semakin lambat aplikasinya.. kebanyakan fitur kali ya.. makin di upgrade kok semakin lambat aja.. sekelas telkomsel kok kayak gini.. & jawaban² dari keluhan juga sangat tidak membantu sama sekali.,1,0,8.7.0,2025-04-09 23:56:49,"Hai Kak Agus. Mohon maaf untuk ketidaknyamanannya ya, silakan coba cara berikut ya Kak:
1. Clear cache aplikasi
2. Force close aplikasi
lalu coba login kembali, apabila masih mengalami kendala, silakan hubungi kami melalui DM Instagram @Telkomsel atau chat di tsel.id/chatva. Semoga membantu. 😊 -Sekar",2025-04-10 01:58:45,8.7.0
ffed42b4-a1c3-4fd3-8635-e58c32a8b11d,Ridwan maulana,https://play-lh.googleusercontent.com/a/ACg8ocK0SEHLPDvy8KQ9QAN7mjgnE3hu-8LDy1bp5t9hC9POHgsPcg=mo,aplikasi terngeleg,2,0,8.6.2,2025-04-09 23:55:12,,,8.6.2
4614d771-7dd5-4377-9ac7-d437dee6c39a,Dream Painter Gallery,https://play-lh.googleusercontent.com/a/ACg8ocK2eEK1MdZ9LS1Ix8N7ZFu04FjQ6oH-EJ4VAi1Z4XuDLsgcgQ=mo,"sekarang sangat kecewa, kenapa paket unlimited 1 hari cuma dapat 15 GB, dulu 500 GB. padahal mau update data game 25GB. ini jelas jelas scam. aku tidak suka",2,0,8.6.2,2025-04-09 23:51:33,,,8.6.2
449a4cc7-b971-4727-8d8b-6d1fb7931be7,Jagung Bakar,https://play-lh.googleusercontent.com/a-/ALV-UjW2kmw51iG8S72XyftZvs4cKWkHtx8vndHR82E8d8Vwq07GPfE,"sumpah tolong dong min, diperbaiki lagi, mau masuk lama benget, gak muncul2",3,0,8.7.0,2025-04-09 23:51:13,,,8.7.0
c2341bec-9144-4860-9957-55f984be0b2f,AMAL MA'RUF,https://play-lh.googleusercontent.com/a/ACg8ocLwGPvDSUyrzgG2htYfJaSIacLMAlpnsw5t56_BZAOVyH1Ve-Y=mo,"setiap mau kirim hadiah paket internet ke nomer lain waktu isi kode otp pasti tidak valid padahal udah benar, di ulang berkali kali tetep aja gtu Sampek eror suruh login ulang habis itu malah GK bisa login, payah banget!!!",1,0,8.7.0,2025-04-09 23:47:04,"Hai Kak AMAL. Mohon maaf untuk ketidaknyamanannya. Untuk kendala gak bisa gifting paket, Kakak bisa langsung menghubungi kami di DM Instagram @Telkomsel atau hubungi kami di tsel.id/chatva. Semoga membantu. 😊 -Sekar",2025-04-10 02:07:39,8.7.0
972e0f9a-da67-4541-9e79-b553512fa00d,rumila s. alang,https://play-lh.googleusercontent.com/a-/ALV-UjXgUsW00tqffXa3aV6nLCMW2LdZb6Rdgmh0h1yURnl7GzlponK3,"pernah kecewa sama apk ini, beli pulsa 100rb di apk duitnya ngilang pulsanya gak masuk2, cek sisa paket data kaya masih banyak aja padahal udah makan sisa pulsa yg ada...hedehhh...",2,0,,2025-04-09 23:46:59,,,
dca4cc4a-3da0-47b3-9c5d-9224a373bae4,Hen Ry,https://play-lh.googleusercontent.com/a-/ALV-UjV0O8JHoCL1v4Tr4EkZk2p62UxMLurSCgCdnTuwfmpSQd0AAVhn,sangat membantu,5,0,,2025-04-09 23:42:24,,,
aeab1f74-2e4c-4387-a464-5bd0dcb24c69,Mr M,https://play-lh.googleusercontent.com/a/ACg8ocL2xlZ-O77HcH76f0tpZO3_0cEjDE53o8Z9KzPYG9tTpOB5kQ=mo,"ini gimana sih, kuota yt kok ndak gerak sama sekali, malah ambil kuota utama. padahal aku seneng banget lho nonton yt, tp ndak terpakai maksimal.",1,0,8.7.0,2025-04-09 23:23:42,"Hai, Kak. Maaf banget ya. Terkait keluhan koneksi internet lambat, yuk hubungi Mimin melalui akun Twitter @telkomsel atau Facebook Messenger 'Telkomsel' agar dibantu lebih lanjut. Mimin tunggu ya Kak. Makasih :) -Alma",2023-03-12 00:07:36,8.7.0
3eefa74c-d7ad-46a8-b5e8-cc6feefa7080,Pengguna Google,https://play-lh.googleusercontent.com/EGemoI2NTXmTsBVtJqk8jxF9rh8ApRWfsIMQSt2uE4OcpQqbFu7f7NbTK05lx80nuSijCz7sc3a277R67g,"semakin keren aplikasinya semakin sering eror, beli paket sering eror tidak bisa di gunakan",2,0,8.7.0,2025-04-09 23:02:03,,,8.7.0
c912d8c5-1b6d-4d55-b7fe-32373ba255e5,dhanu ro,https://play-lh.googleusercontent.com/a-/ALV-UjVB3mkAsGhUy_DHA-Sqlc0wCCYOfvfaXJvfDSzRLNTXUwYfvvMp,Buka aplikasi lemot banget,2,0,8.7.0,2025-04-09 23:01:49,,,8.7.0
69b94534-d463-4b8c-a97c-0cb18dbf5075,Nabih Abul Faidl,https://play-lh.googleusercontent.com/a-/ALV-UjX_cQP8Rtez6522E5o8cAIvSCKFutqnA3Gj6rId_1W3iodJ__IX,Lemot,1,0,8.7.0,2025-04-09 22:59:06,"Hai Kak Nabih. Mohon maaf untuk ketidaknyamanannya, silakan coba restart handphone Kakak. Apabila masih terdapat kendala silakan hubungi kami di DM Instagram @telkomsel atau chat di tsel.id/chatva. Semoga membantu. :) -Sekar",2025-04-10 02:13:55,8.7.0
1c4edc0b-72c9-46d8-a276-72d6d9b2c7da,Kartika srirahayu,https://play-lh.googleusercontent.com/a-/ALV-UjX1STKQZdhqe5OM1TAk1Du4cbPbQlaWk8AMPsglHiFPFVW3AtxJ,jelek banget aplikasinya. log in aja gagal mulu,1,0,,2025-04-09 22:58:19,"Hai Kak Kartika. Mohon maaf untuk ketidaknyamanannya ya, silakan coba cara berikut ya Kak:
1. Clear cache aplikasi
2. Force close aplikasi
lalu coba login kembali, apabila masih mengalami kendala, silakan hubungi kami melalui DM Instagram @Telkomsel atau chat di tsel.id/chatva. Semoga membantu. 😊 -Sekar",2025-04-10 02:14:17,
a15b751b-5846-445a-a59a-f5b24af53b27,Agungkj CikunirTasik,https://play-lh.googleusercontent.com/a-/ALV-UjVkOLRiDH8PDnOmIOQUobZIOxnHOvNe1V_C9VX622OqDHF-F50,"Haduh, parah skrg aplikasi nya ga bisa d pencet ky BRImo dulu, w tungguin dr tgl 25 Oktober 2024 ampe skrg masih ga bisa dipencet, hangus dah bonus kuota internet nya 😭😭",1,0,8.6.2,2025-04-09 22:49:43,"Hai Kak Agungkj. Mohon maaf untuk ketidaknyamanannya. Untuk kendala akses aplikasi MyTelkomsel, Kakak bisa langsung menghubungi kami di DM Instagram @Telkomsel atau hubungi kami di tsel.id/chatva. Semoga membantu. 😊 -Sekar",2025-04-10 02:17:18,8.6.2
7436ab52-b716-4e1b-ae49-af12898576c1,Albet Saputro,https://play-lh.googleusercontent.com/a/ACg8ocKVKf4q9lc6GPfx9gKYx2qONifBoNBSAfeMtd1N5kqyzNrlxUM=mo,APLIKASI BERAT PARAHH,1,0,8.6.2,2025-04-09 22:48:08,"Hai Kak Albet. Mohon maaf untuk ketidaknyamanannya ya, apabila aplikasi MyTelkomsel terlalu berat di handphone kakak, silakan coba unduh MyTelkomsel Basic. Aplikasi ini sudah tersedia di PlayStore. Apabila masih mengalami kendala, silakan hubungi kami melalui DM Instagram @Telkomsel atau chat di tsel.id/chatva. Semoga membantu.😊 -Sekar",2025-04-09 23:26:09,8.6.2
95f778cf-3639-4159-9e8e-ac63cb9afa2f,Tutorial Simpel,https://play-lh.googleusercontent.com/a-/ALV-UjVfuDgbuchMLLjAGtdyRm9w1SSQTlFYexHftGfkg8vIsfH-qdus,"aplikasi nya Sagat bagus nipu undi² HEPI kukira betulan ternyata nipu, pengumuman tanggal 9 di tunggu² ternyata tidak ada pengumuman",5,0,8.7.0,2025-04-09 22:44:12,,,8.7.0
36432fd9-1e50-4527-b45f-b94439387eb8,Dunia Jaringan,https://play-lh.googleusercontent.com/a-/ALV-UjUiLWPLq8YDPYTGmVFm7O-RLNovRmXITpZfFAw690TnFIqGwvBK,"minus2 ini apk , paket ada tp ga bisa di beli , keluar akun ga ada harus uninstall dulu ga jelas buruk2 ni apk",1,0,8.2.0,2025-04-09 22:36:30,"Hai Kak Dunia. Mohon maaf untuk ketidaknyamanannya. Untuk kendala gak bisa aktivasi paket, Kakak bisa langsung menghubungi kami di DM Instagram @Telkomsel atau hubungi kami di tsel.id/chatva. Semoga membantu. 😊 -Sekar",2025-04-10 00:34:21,8.2.0
0ba75df8-f21b-4efa-b213-db2f2bebbc0f,ejiii,https://play-lh.googleusercontent.com/a/ACg8ocIOD_tg4AegeQs3vLzI500HJ3Db3LPVsYYlP-cxGoBeJMDvyBU=mo,"kalo ga niat nge-develop aplikasi penyedia layanan, gausah dibuat aja sekalian. 4 taun ga ada optimisasi",1,0,8.7.0,2025-04-09 22:32:07,Hai Kak Ejiii. Mohon maaf untuk ketidaknyamanannya. Untuk kendalanya Kakak bisa langsung menghubungi kami di DM Instagram @Telkomsel atau hubungi kami di tsel.id/chatva. Semoga membantu. 😊 -Sekar,2025-04-10 00:35:13,8.7.0
23825c25-111c-451a-bed2-4a5a7408a3f9,Azka,https://play-lh.googleusercontent.com/a-/ALV-UjUCy145mjhhFglY3LgZclmFjXoipt3W4FzQTFlhx_NdWT0GNlYa,"Telkomsel skrg sinyal nya bagus, ttp pertahankan yahhh. dan fitur my reward ini jga berguna bgt buat gw, cuma kurang nya pemakaian kouta cuma berdurasi sehari, klo bisa ngasih masukan di tambahin lgi buat durasi kouta di my reward nya. soalnya disitu kan sebulan sekali biar bisa nukar",5,0,8.6.2,2025-04-09 22:26:35,"Mohon maaf ya, Kak Azka. Perihal kendala sinyal lemah, agar bisa dibantu lebih lanjut. Yuk hubungi mimin melalui Instagram @Telkomsel atau email cs@telkomsel.com. Makasih :) -Sekar",2023-09-08 01:08:19,8.6.2
070e7f85-965a-477c-bf81-ecfb70584b40,Mohammad Naufal Taufiqur Rohman S1 Farmasi,https://play-lh.googleusercontent.com/a-/ALV-UjV4HH3O8fB9DCedk0Up_bxuqt4tlLPxfoFm1l_-OlmH2zO19eNp,sering beli paket data padahal di sms sudah berhasil tetapi setalah nya pulsa yang tersisa ikut tersedot kecawa banget sih,1,0,8.6.2,2025-04-09 22:26:09,"Hai Kak Naufal. Mohon maaf untuk ketidaknyamanannya, karena kami memerlukan informasi lebih lanjut untuk membantu kakak, silakan hubungi kami di DM Instagram @telkomsel atau chat di tsel.id/chatva. Semoga membantu. 😊 -Sekar",2025-04-10 01:16:28,8.6.2
269a227c-ab5a-43b9-bfe1-0bfb185aa1ae,Bayu Hidayat,https://play-lh.googleusercontent.com/a-/ALV-UjWaVGQblylDrO2NF0sfsMn1oosCWUQSzq--pia64fc2z2n1F80,"aplikasi ny nggk sangat rekomen berat pas dibuka, harus di uninstall dulu baru bisa di pake jelek pokoknya",3,0,6.10.0-9,2025-04-09 22:23:29,,,6.10.0-9
9a2d7f6d-e17b-499e-8da7-07e15f3cb511,Helmi Ruslan,https://play-lh.googleusercontent.com/a-/ALV-UjVeRlXTTlphSzP8aW7XVCYgxSSw9bbGLYulGoZCy9LCgnQzcc1u,BURUK!!,1,0,8.7.0,2025-04-09 22:22:50,Hai Kak Ruslan. Mohon maaf untuk ketidaknyamanannya. Untuk kendalanya Kakak bisa langsung menghubungi kami di DM Instagram @Telkomsel atau hubungi kami di tsel.id/chatva. Semoga membantu. 😊 -Sekar,2025-04-10 01:16:47,8.7.0
1c3bc4fa-c6a9-4896-a4f3-900f925a6da1,A. Fatah,https://play-lh.googleusercontent.com/a/ACg8ocJNTk4eUGnC_VcJWVQtUb1mcoW7CzxI7MYUak61kXyT10BKGw=mo,"APLIKASI BERAT + LOADINGNYA LAMAAAA, PELAYANAN JUGA MASIH BURUK. SEGERA PERBAIKI APLIKASIMU BUAT RINGAN TAPI MEMUDAHKAN.",1,0,,2025-04-09 22:17:16,"Hai Kak Fatah. Mohon maaf untuk ketidaknyamanannya ya, apabila aplikasi MyTelkomsel terlalu berat di handphone kakak, silakan coba unduh MyTelkomsel Basic. Aplikasi ini sudah tersedia di PlayStore. Apabila masih mengalami kendala, silakan hubungi kami melalui DM Instagram @Telkomsel atau chat di tsel.id/chatva. Semoga membantu.😊 -Sekar",2025-04-10 02:17:45,
168fd749-f9e2-40cb-92bb-c0ae6f22f1c0,Ritriani Entik,https://play-lh.googleusercontent.com/a-/ALV-UjXjOcWnY1ntRN9jPRLXDfao1LhRr8g1JOs_walKfmdV2GgdVds,"bintangnya aku turunin, permalasahannya loading terus mau cek sisa kuota, isi kuota, udh pernah hapus data, sekali lancar, tapi seminggu kemudian loading lagi, apa karena kebanyakan penawaran2 yang enggk penting (bagi saya) jadi gini",3,0,8.7.0,2025-04-09 22:01:01,,,8.7.0
50a958aa-17c9-461e-8264-22a3e5faf701,Icha Irfan,https://play-lh.googleusercontent.com/a-/ALV-UjXk8TmCunZh2Y5ipQmY68DusL3H_i3C0-TqXNkbWu2fpWGQroPI,"kenapa skr kuota dan pulsa tidak bisa update lagi, nge lag terus. harus selalu uninstall dan download lagi baru bisa bener. ntr berulang lagi penyakitnya .",3,0,8.6.2,2025-04-09 21:35:45,,,8.6.2
0acb1dd0-f471-45dd-80cf-da2471503e22,Didik Hrto,https://play-lh.googleusercontent.com/a/ACg8ocLuuYrBic0GpNarAwR0rOSQl3ACyC4eciMIrv2PiK3TBBOcBA=mo,jringn lelet..harga paketnya mahal..parah bgt co,1,0,8.6.2,2025-04-09 21:15:39,"Hai Kak Didik. Maaf bikin gak nyaman. Terkait tarif paket, silakan akses aplikasi MyTelkomsel untuk mendapatkan lebih banyak pilihan dan penawaran paket datanya ya Kak, untuk kendala internet lambat, silakan coba restart handphone Kakak. Jika masih terdapat kendala silakan hubungi kami di DM Instagram @telkomsel atau chat di tsel.id/chatva. -Sekar",2025-04-10 02:18:59,8.6.2
1fc2b208-bd48-4168-9345-310dfcbafcc4,Sujiana Setiawan,https://play-lh.googleusercontent.com/a/ACg8ocI-lA_KBIbxhq5HT9KQ2MqtJcO8QxhDQMPfUPCAJ3bUsGXtxQ=mo,"baru sehari isi paket data telkomsel, quota tiba-tiba hilang, telkomsel provider terburuk 👎👎👎",1,0,8.6.2,2025-04-09 21:07:44,"Hai Kak Sujiana. Mohon maaf untuk ketidaknyamanannya. Untuk kendala paket tiba-tiba hilang, Kakak bisa langsung menghubungi kami di DM Instagram @Telkomsel atau hubungi kami di tsel.id/chatva. Semoga membantu. 😊 -Sekar",2025-04-10 02:19:54,8.6.2
41469889-df3a-4e74-9946-ccee9e9da435,AD Share,https://play-lh.googleusercontent.com/a-/ALV-UjWJOu6oG4zndLweg72C0jRUGxzsgbhxNoFzYSLwwjhqmZ5yxeLJ,loading terus saat dibuka,3,0,8.7.0,2025-04-09 20:43:25,,,8.7.0
c6dff77a-d2a3-433b-a73a-a5ca8e1bbf0e,LIA JULIANI,https://play-lh.googleusercontent.com/a-/ALV-UjV4XMysg0phf5HUZvUjWyNC6YQCktik7QhJd1B-PNwh-vGSTTg,susah bgt kebuka,2,0,8.6.2,2025-04-09 20:40:33,,,8.6.2
8d793340-2d87-4992-8d94-f0741e394842,srigusmi natun,https://play-lh.googleusercontent.com/a/ACg8ocLXRn-Vk9RStB_0ML7NQgVnyHnldMa-y6PrB0d4Vr_VJ1MuWg=mo,"Sepertinya perlu segera ada pembaharuan pada aplikasi ini karena masalahnya sudah terlalu banyak terutama saat mau login pakai nomor Indihome tapi gak bisa karena tombol konfirmasinya tidak bisa disentuh. Ditambah sekarang loading nya bisa lama banget dan harus pakai speed yang bagus supaya bisa jalan normal. Bagaimana mau isi paket internet kalau mau beli di app aja gak jalan2. Semoga update kedepan bisa diperbaiki, aku sudah nurunin ratenya sampai 2, kedepan lama2 bakal bisa ganti kartu",2,2,8.6.2,2025-04-09 20:28:11,,,8.6.2
91ff7337-a0a8-4949-bf78-b607d67617f8,Dewi Kursusi,https://play-lh.googleusercontent.com/a-/ALV-UjXSg6cloHoYM7QC49WTWgSQw-Ak_eJWqtuPP79Glx7IeKDAsjgR,"gak tau harus bilang apa makin diperbaharui makin lemot ini aplikasi, soryy cm kasih bintang 2 akan diganti kalau sdh membaik",2,0,8.7.0,2025-04-09 20:00:03,,,8.7.0
4b13980f-6051-4544-8bf8-7573af3a3d51,ZAKKI FAHRUDDIN,https://play-lh.googleusercontent.com/a-/ALV-UjW7iNGYfXlAjhx4AjQ5wfoeJ2IFYdklatFmvWJvRvxbX73XmEnw,"aplikasi macam apa inj? tiap update minta verifikasi sms, itupun selalu error jadi gak bisa login dan gak bisa bayar tagihan, mau lo gimana sih?",1,0,8.7.0,2025-04-09 19:30:29,"Hai Kak ZAKKI. Mohon maaf untuk ketidaknyamanannya. Sebelum mencoba login kembali, silakan restart handphone Kakak. Apabila tetap mengalami kesulitan login, bisa hubungi kami melalui DM Instagram @telkomsel atau chat di tsel.id/chatva. Semoga membantu. 😊 -Sekar",2025-04-10 02:33:00,8.7.0
29a119d4-540a-437e-910b-0162f39e6ad2,Adhi Leksana,https://play-lh.googleusercontent.com/a/ACg8ocLLpImjrtiAcXHJyJHunDyUR_zW7zcYyqhVkP3-o3xjkszMjQ=mo,"sering lemot aplikasinya tolong di perhatiin, sama paket internet keseringan berubah2.",2,0,8.7.0,2025-04-09 19:27:11,,,8.7.0
ab803b9b-8eb5-4946-b94f-802b91b7aa5a,Hana Abrazil,https://play-lh.googleusercontent.com/a/ACg8ocKLDjUcmFzjRuD7aN_AgtlFvqjYgwGJAGWpAX9QaZxl0EAz5Q=mo,sippp,5,0,8.7.0,2025-04-09 19:19:31,,,8.7.0
9f0c545d-90a4-4ca4-b2f7-41ebfd48c41d,huda nurul,https://play-lh.googleusercontent.com/a/ACg8ocKoLaCCb_Wm6Dk7Mc6XkcR--rl8AOhXkO7e8vRKSUE8ECcfBA=mo,"aplikasi sampah,di buka pke sinyal telkomsel full aja g kebuka kocak",1,0,8.7.0,2025-04-09 19:19:16,"Hai Kak Nurul. Mohon maaf untuk ketidaknyamanannya. Untuk kendala akses aplikasi MyTelkomsel, Kakak bisa langsung menghubungi kami di DM Instagram @Telkomsel atau hubungi kami di tsel.id/chatva. Semoga membantu. 😊 -Sekar",2025-04-10 02:33:36,8.7.0
cd84dc06-6a3a-428b-a1d8-ca9cd0c542f1,Martunis M,https://play-lh.googleusercontent.com/a/ACg8ocJo2tqvW0A4zToC1CaB5QMg1OAQXTfmFBnDF9dGLdztErL0rA=mo,sangat membantu sekali,5,0,,2025-04-09 19:12:45,,,
08b10c92-4552-4ff6-8e2c-45b6cdacd462,Gaca Saja,https://play-lh.googleusercontent.com/a/ACg8ocICmpJAJL0cU6SMLs0UsIMkXkMyMexnyn8DebcXgoSMGFHNQg=mo,"setiap buka aplikasi selalu lambat, info tidak akurat, kuota internet sdah habis tapi di aplikasi masih ada",1,0,8.7.0,2025-04-09 19:12:06,"Hai Kak Gaca. Mohon maaf untuk ketidaknyamanannya ya, silakan coba cara berikut ya Kak:
1. Clear cache aplikasi
2. Force close aplikasi
lalu coba login kembali. Untuk keluhan cek kuota, silakan hubungi kami melalui DM Instagram @Telkomsel atau chat di tsel.id/chatva. Semoga membantu. 😊 -Sekar",2025-04-10 02:33:44,8.7.0
d66509d5-b493-46c2-862a-3e39cbe02da0,Tryyy,https://play-lh.googleusercontent.com/a/ACg8ocJcWg0-9mZRQf8Y43dYtH82X8_7ftWOdDjio8f2hm0o6IH4hg=mo,tolong perbagus lh sinyal didesa desa plosok,1,0,8.7.0,2025-04-09 19:04:21,"Hai Kak Try. Mohon maaf untuk ketidaknyamanannya, untuk kendala sinyal lemah/gak stabil silakan coba restart handphone Kakak. Apabila masih terdapat kendala silakan hubungi kami di DM Instagram @telkomsel atau hubungi kami di tsel.id/chatva. Semoga membantu. :) -Ken",2025-04-10 08:30:10,8.7.0
0c482c8b-620a-4b88-ac0e-4e4699532e14,Bonsono Noti,https://play-lh.googleusercontent.com/a/ACg8ocJxfWjhdxmWUhalXEAnsHlvooI-pY00rdoTpsK_6Yqbej-axA=mo,jaringan yg sangat baik membantu kelancaran pengoperasian pencaharian d dlm berbagai bidang aplikasi..... Telkomsel berjaya slalu.... 🥰🥰🥰,5,0,,2025-04-09 18:57:38,,,
338325fc-076c-4dc5-8f1f-64086cea5ab1,Ntii Ntii,https://play-lh.googleusercontent.com/a-/ALV-UjXOZeV8Q1xqytFfpq0_Cjk5nNDf9O110Ka3HcGjDc8WUVWlyH0x,nice,5,0,8.3.0,2025-04-09 18:50:33,,,8.3.0
27012aaf-8654-4a36-a591-a85a17c0ef47,Berri Ariestian,https://play-lh.googleusercontent.com/a/ACg8ocKgN9CHHi6KdUqqMBwo21JdPw3MGLFv8Tr3GwXTlULZoW9V5Q=mo,"saya kasih bintang 3 dulu semoga apa yang di saran benar ,",3,0,8.6.2,2025-04-09 18:50:02,"Hai Kak Berri, Mohon maaf untuk ketidaknyamanannya ya, silakan coba cara berikut ya Kak:
1. Clear cache aplikasi
2. Force close aplikasi
lalu coba login kembali, apabila masih mengalami kendala, silakan hubungi kami melalui DM Instagram @Telkomsel atau chat di tsel.id/chatva. Semoga membantu. :) -Edo",2025-04-09 08:13:56,8.6.2
bdf28ad1-0b65-4458-944e-9f18b2294ec6,Azura Raihan Hakim,https://play-lh.googleusercontent.com/a-/ALV-UjUo0GKj0anzyi_Zv4AFR5Jr8bPx4MskRV52ztiTxGs-Y6t2HFU,sudah agak mendingan dari sebelumya :<,3,0,,2025-04-09 18:29:40,"Hai Kak Azura, Mohon maaf untuk ketidaknyamanannya, silakan coba restart handphone kakak. Apabila masih terdapat kendala silakan hubungi kami di DM Instagram @telkomsel atau chat di tsel.id/chatva. Semoga membantu. :) -Edo",2025-02-04 13:22:24,
8052093a-acd9-4803-8e31-5e8845c3f432,Aang Lie,https://play-lh.googleusercontent.com/a/ACg8ocIvz-J9okZ63l4cD1GAzROlCPQHPOkzcdwZiGa3VgwBJ4Y5Sw=mo,parah bener Telkomsel skrng.ga aplikasi nya ga jaringannya.nambah kesini nambah lemot ajh.harga paket mahal tp TDK sesuai dengan ekpetasi,1,0,8.7.0,2025-04-09 18:27:34,"Hai Kak Aang. Mohon maaf untuk ketidaknyamanannya, perihal keluhan akses internet lambat silakan coba restart handphone KakaFk. Apabila masih terdapat kendala silakan hubungi kami di DM Instagram @telkomsel atau hubungi kami di tsel.id/chatva. Semoga membantu. :) -Ken",2025-04-10 16:13:14,8.7.0
5d5a0840-d072-42f4-bef7-30b5c751f952,Rozak Alfarizy885,https://play-lh.googleusercontent.com/a-/ALV-UjXefjBLZUznp0sD8ZpuLdlykVNB5CBnclBqg4Ok2yQK1OKqafjh,jaringan apa sih ngeleg banget.saran jangan pake telkomsel.saya di kota tapi jaringan suka ngeleg,1,0,6.4.0,2025-04-09 18:23:43,"Hai Kak Rozak. Mohon maaf untuk ketidaknyamanannya, perihal keluhan akses internet lambat silakan coba restart handphone Kakak. Apabila masih terdapat kendala silakan hubungi kami di DM Instagram @telkomsel atau hubungi kami di tsel.id/chatva. Semoga membantu. :) -Ken",2025-04-10 08:30:56,6.4.0
49f332c4-aebf-4dce-95cb-17c03bf1f65a,Putri Fitriyati24,https://play-lh.googleusercontent.com/a/ACg8ocIyJ7RRg8bSnhBQeycwm9vg3D67pwvGFoTSJUc-zZpz6-txEQ=mo,"kunaon jadi pibanguseun kieu apk teh ish astaghfirullah, udah beberapa kali di install sama uninstall da gegara ngelag wae pas muka apk na teh padahal kuota aya trus pas mau di install lagi malah gabisa anjrlah😭",1,0,,2025-04-09 18:05:42,,,
0ca644eb-f97e-4e47-94f7-66d7914cbbe6,Zimba,https://play-lh.googleusercontent.com/a-/ALV-UjVAt2rRrDC_MVCUhLP71BKBibxFQWjxffeshcGosiNfK8lHUMk,"Sangat sangat buruk, pelayanan sangat sulit, tidak bisa login, aplikasi bikin emosi!!!!",1,0,,2025-04-09 17:57:42,"Hai Kak Zimba. Mohon maaf untuk ketidaknyamanannya ya, silakan coba cara berikut ya Kak:
1. Clear cache aplikasi
2. Force close aplikasi
lalu coba login kembali, apabila masih mengalami kendala gagal login, silakan hubungi kami melalui DM Instagram @Telkomsel atau hubungi kami di tsel.id/chatva. Semoga membantu. :) -Ken",2025-04-10 08:32:01,
d099445d-b9c1-4bbb-a3ce-a0b1d661a31d,Saep,https://play-lh.googleusercontent.com/a/ACg8ocKb5QqwJiq9nqmYSdXIbtso8QPP129rI-qAYiqhuDiWV1WDiQ=mo,"terus tingkatkan jaringan sinyalnya. biar selalu cepat,kuat saat digunakan ditempat manapun. telkomsel no 1 bagi saya.",5,0,8.7.0,2025-04-09 17:53:43,,,8.7.0
c59682ec-f168-44db-b2f9-70382dba69b5,muhammad Rifai,https://play-lh.googleusercontent.com/a-/ALV-UjVtOwIiaj1GCSKEi3ZLGxMFy3bU15-fzYE_uh324__W73jNAcM,Gak isa cek sisa kuota pemakaian dan berapa Fup nya untuk indihome,1,0,8.7.0,2025-04-09 17:52:56,"Hai Kak Rifai. Mohon maaf untuk ketidaknyamanannya ya, silakan coba cara berikut ya Kak:
1. Clear cache aplikasi
2. Force close aplikasi
lalu coba login kembali, apabila aplikasi MyTelkomsel masih mengalami kendala gak bisa diakses, silakan hubungi kami melalui DM Instagram @Telkomsel atau hubungi kami di tsel.id/chatva. Semoga membantu. :) -Ken",2025-04-10 16:13:43,8.7.0
412ac9cb-3dc2-4ba0-877e-5a1b521e9046,Muhammad Hidayat,https://play-lh.googleusercontent.com/a-/ALV-UjUG_H9zsaPBaIPaf21MIeO8I37E7W0_bHy8ColbHUCKBhGzCcE,sinyal a makin lelet ja. suka putus2 ja jelas. bukan di perbaikin malah makin lelet sinyal a.,1,0,,2025-04-09 17:31:26,"Hai Kak Hidayat. Mohon maaf untuk ketidaknyamanannya, perihal keluhan akses internet lambat silakan coba restart handphone Kakak. Apabila masih terdapat kendala silakan hubungi kami di DM Instagram @telkomsel atau hubungi kami di tsel.id/chatva. Semoga membantu. :) -Ken",2025-04-10 08:35:10,
bd99b2a6-d0ac-4680-8cc2-5ca6c13a6d26,Alief kenzie Alfarezi,https://play-lh.googleusercontent.com/a-/ALV-UjUJDQaKCVYKjLZ-Ev9-4baJsFVldPJvRVo3dX9hNyhuK49hLw,harga elit jaringan sulit,1,5,8.4.2,2025-04-09 17:25:10,"Mohon maaf, Kak Alief. Mengenai informasi tarif paket data Telkomsel silakan hubungi Mimin melalui fitur bantuan di aplikasi MyTelkomsel, atau kirim email ke cs@telkomsel.com, Twitter @Telkomsel, Facebook Messenger 'Telkomsel', atau WhatsApp Telkomsel Virtual Asisten untuk dibantu lebih lanjut. Makasih :) -Tony",2022-07-12 08:47:59,8.4.2
4baa4e16-a0a1-4ddf-bbd9-94ca0e516318,Agus Maulana dodoy,https://play-lh.googleusercontent.com/a/ACg8ocJyYuW8ZBYqqzR6Hy-o9rAJ8BmKeSFc3RoQgQDPMvtfUkHj9g=mo,"update mulu, udah dikasih PING naik turun, download lemot, telpon sinyal ilang, ancur ni Telkomsel",1,0,8.6.2,2025-04-09 17:19:35,"Hai Kak Agus. Mohon maaf untuk ketidaknyamanannya, silakan coba restart handphone Kakak. Apabila masih terdapat kendala silakan hubungi kami di DM Instagram @telkomsel atau chat di tsel.id/chatva. Semoga membantu. :) -Sekar",2025-04-10 04:33:41,8.6.2
da4468ec-5625-4c32-a7ac-0347b056bdb9,rudi firmansyah ebet,https://play-lh.googleusercontent.com/a-/ALV-UjXiemHWfgB0JKM1dn3mELnw4sc-5m6aIpJU5bIZ8MUk5fVvW0Fp,saya beli paketan di *888# di jam 12.00 malam...ada notif tertera stelah beli paketan data...di suruh nunggu dulu dan jangan di aktifin data selulernya seblum ada notif sms paketan aktif...udah di coba ngga di aktifin dulu data seluler nya..nah pas ada notif sms paketan aktif saya aktifin data seluler nya tapi masih aja kepotong 2000-3000...udah 2x kaya gitu terus...saran saya harus nya telkomsel ngasih beberapa mbps dulu pas konsumen mau aktifin data seluler nya...,1,0,8.6.2,2025-04-09 17:16:49,"Hai Kak Fudi. Mohon maaf untuk ketidaknyamanannya, karena kami memerlukan informasi lebih lanjut untuk membantu kakak, silakan hubungi kami di DM Instagram @telkomsel atau chat di tsel.id/chatva. Semoga membantu. 😊 -Sekar",2025-04-10 04:48:58,8.6.2
0779e58a-b4d1-4cca-8c5e-bd87fc4a1d74,Khoirul Anwar,https://play-lh.googleusercontent.com/a/ACg8ocJKGMmVqkR9t35ssUbWKydj9Hg5guNaZVz11Q_DJ-bH5YoYBA=mo,"Lambat sekali update saldo, padahal pembayaran sudah selesai.",1,0,6.8.0,2025-04-09 17:16:30,Hai Kak Khoirul. Mohon maaf untuk ketidaknyamanannya. Untuk kendalanya Kakak bisa langsung menghubungi kami di DM Instagram @Telkomsel atau hubungi kami di tsel.id/chatva. Semoga membantu. 😊 -Sekar,2025-04-10 04:49:42,6.8.0
1e1a04e4-2c19-435e-8210-95fd39f49728,Oki Selamet,https://play-lh.googleusercontent.com/a/ACg8ocLohALwWM5hgmuCGwnUWmoTPQydeISUeQZh1WE-L9Ve6RtsQQ=mo,"ini saya beli paket dan sudah masuk, kenapa pulsa reguler saya yg terus di sedot. chat Cs g ada tanggapan, g ada tanggung jawabnya. meski g seberapa pulsa yg di sedot klo terus2n ya amsyong lah. udah sinyal tambah jelek g jelas banget. ni bintang 1 forever",1,0,8.7.0,2025-04-09 17:15:32,"Hai Kak Oki. Mohon maaf untuk ketidaknyamanannya, karena kami memerlukan informasi lebih lanjut untuk membantu Kakak, silakan hubungi kami di DM Instagram @telkomsel atau hubungi kami di tsel.id/chatva. Semoga membantu. :) -Alma",2025-03-13 00:37:07,8.7.0
bf5ba74f-0cc7-4978-8e38-eda7bff61d57,falentino rossi46,https://play-lh.googleusercontent.com/a/ACg8ocIajh3FljapksRAteRA3lIQLYS8t4tJQN4D1vKD_9Bn_vZ3Ag=mo,makin parah klam extra gembira gk bisa di klam,1,0,6.13.0,2025-04-09 17:04:55,"Hai Kak Falentino. Mohon maaf untuk ketidaknyamanannya. Untuk kendala gak bisa klaim Ekstra Gembira, Kakak bisa langsung menghubungi kami di DM Instagram @Telkomsel atau hubungi kami di tsel.id/chatva. Semoga membantu. 😊 -Sekar",2025-04-10 04:06:11,6.13.0
7524498b-ea06-413b-abc7-f6893518db39,Jeremy Adoraim San,https://play-lh.googleusercontent.com/a-/ALV-UjWBunu7ljHisHims0BKl7YrEaH518JZ3ZoohPUGbuByXVJMv52u,"buka aplikasi aja buat cek aja lag banget loading mulu, pdhl kuota masih ada,",1,0,8.6.2,2025-04-09 16:55:40,"Hai Kak Jeremy. Mohon maaf untuk ketidaknyamanannya ya, silakan coba cara berikut ya Kak:
1. Clear cache aplikasi
2. Force close aplikasi
lalu coba login kembali, apabila masih mengalami kendala, silakan hubungi kami melalui DM Instagram @Telkomsel atau chat di tsel.id/chatva. Semoga membantu. 😊 -Sekar",2025-04-10 04:07:33,8.6.2
809298a8-5092-467b-8dfe-b75aebd49bd7,Dirga Arka,https://play-lh.googleusercontent.com/a/ACg8ocI-peXFbTXNkhWcQKogMFotbaW_E7rsJXrozK456tDrNgiD3w=mo,ruwet jaringan e.indihome terisolir bayar terus maka gaji buta tok.gak pakai internet suruh bayar,1,0,,2025-04-09 16:48:49,Hai Kak Dirga. Mohon maaf untuk ketidaknyamanannya. Untuk kendalanya Kakak bisa langsung menghubungi kami di DM Instagram @Telkomsel atau hubungi kami di tsel.id/chatva. Semoga membantu. 😊 -Sekar,2025-04-10 04:22:20,
ff09cfc1-28fd-4e41-abb9-80c40866f5c3,Cari Duit,https://play-lh.googleusercontent.com/a/ACg8ocLDWuSUGn4cRNzn4wgVpp-RDByLfJy5lXI-MWg1MePU5nb4fA=mo,aplikasi nggak guna,1,0,8.6.2,2025-04-09 16:40:47,Hai Kak Cari. Mohon maaf untuk ketidaknyamanannya. Untuk kendalanya Kakak bisa langsung menghubungi kami di DM Instagram @Telkomsel atau hubungi kami di tsel.id/chatva. Semoga membantu. 😊 -Sekar,2025-04-10 04:22:49,8.6.2
f3154e44-718a-425c-870b-83c2174397d5,Bob Bebas Merdeka,https://play-lh.googleusercontent.com/a-/ALV-UjXhmpkGJs4qIKKt27iFLQUha6Zq6Q98DNh8z4m0roHeg4Ec1kNe,👍,5,0,8.6.2,2025-04-09 16:35:26,,,8.6.2
1c61ba08-42f3-4a41-aa98-40641e4547d1,Bayu Ai,https://play-lh.googleusercontent.com/a-/ALV-UjVlzi3tRKX-zmtwZW1uZkX_jvF4WJQhgUzk_IYCYpoWFdhQDiGr,lemott,1,0,8.7.0,2025-04-09 16:31:11,"Hai Kak Bayu. Mohon maaf untuk ketidaknyamanannya, silakan coba restart handphone Kakak. Apabila masih terdapat kendala silakan hubungi kami di DM Instagram @telkomsel atau chat di tsel.id/chatva. Semoga membantu. :) -Sekar",2025-04-10 04:23:25,8.7.0
e37bfb49-b965-409b-b9fe-ee7314f28197,Robi Ansyah,https://play-lh.googleusercontent.com/a-/ALV-UjXpigwoA1U3TgEBbnByPEyQxeIGsdRxTiThgsg68uNBDeZbrrU,bagus,5,0,8.6.2,2025-04-09 16:27:06,,,8.6.2
bb46cd6a-8df9-40c6-bc0f-24d8dfadfb25,Betuel than,https://play-lh.googleusercontent.com/a/ACg8ocLfpPSRLkhf8I-EG2233EQKjJUmvD50iRf3ZcVjRJWTiS05uw=mo,mantap,5,0,8.6.2,2025-04-09 16:24:14,,,8.6.2
caa76635-67de-4bb3-a1cc-32e543c47f67,Adi Santoso,https://play-lh.googleusercontent.com/a-/ALV-UjUj6m5X-KTRa31WiA7q2aZQHpBEqt57NB3Gzf5hfDwx8u094woa,kartu sampah dasar sinyal lag terus GK jelas poke poke,1,0,8.6.2,2025-04-09 16:21:06,"Hai Kak Adi. Mohon maaf untuk ketidaknyamanannya, silakan coba restart handphone Kakak. Apabila masih terdapat kendala silakan hubungi kami di DM Instagram @telkomsel atau chat di tsel.id/chatva. Semoga membantu. :) -Sekar",2025-04-10 04:31:43,8.6.2
5dd081bc-39e2-4f84-abe3-03c11b38da08,Muhammad Rizki Alfian,https://play-lh.googleusercontent.com/a-/ALV-UjU3f-aruCmoDkNBvScRyvEWXaqg4HiK8bdzxmOPDwzUOtmomNWc,Tiba2 pulsa hilang padahal tidak mengaktifkan data seluler saat paket habis (menggunakan wifi),1,0,,2025-04-09 16:14:18,"Hai Kak Rizki. Mohon maaf untuk ketidaknyamanannya, karena kami memerlukan informasi lebih lanjut untuk membantu kakak, silakan hubungi kami di DM Instagram @telkomsel atau chat di tsel.id/chatva. Semoga membantu. 😊 -Sekar",2025-04-10 04:32:14,
717e04ee-64ab-4ba8-a2b2-2ff70c152c07,Dhayandra,https://play-lh.googleusercontent.com/a-/ALV-UjUxkDcbVWtEVPZBJM7lFL437GF26MoJsgg5PYjMLQ2Zf_0WEaOw,"oke, gw setuju sama orang-orang yang bilang ini aplikasi paling kapitalis rakus, buat apa anda menyediakan paket tersebut tapi kedepan nya paketnya di hilangkan atau diubah jenis paketnya tanpa memberitahukannya di deskripsi, ini sudah termasuk scam jg, paket unlimited diubah, pake kesayangan gw super seru dihilangkan, hadehh terserah lu dah",1,1,8.7.0,2025-04-09 16:13:57,"Maaf ya, Kak Dhayandra. Untuk keluhan jaringan, silakan hubungi salah satu channel layanan kami, bisa melalui e-mail: cs@telkomsel.co.id, Facebook: Telkomsel, Twitter: @Telkomsel, atau LINE: @Telkomsel. Makasih :) -Jeslyn",2021-02-22 06:39:07,8.7.0
817015a2-9b51-45d1-80fc-935f788292f6,Anton Suhendrik,https://play-lh.googleusercontent.com/a-/ALV-UjV76yeDz6NjH_U7kbyfyImUlBC9ge0d2zXygcsbACfcwOrfCb2G,Mahalll..... gila. 👎👎👎,1,0,5.6.0,2025-04-09 16:12:28,"Hai Kak Anton. Mohon maaf untuk ketidaknyamanannya, silahkan akses aplikasi MyTelkomsel untuk mendapatkan lebih banyak pilihan dan penawaran paket datanya ya Kak. Semoga membantu. :) -Alma",2024-12-08 23:44:21,5.6.0
33214ce0-b007-4ec1-977d-3e10b613ed23,Ade SaipuL Bahri,https://play-lh.googleusercontent.com/a/ACg8ocJigkiSOLm64ikOCbwWXX3B02alwiw7hKnx2__gb9Ua9eDGNg=mo,suka ga jelas Telkomsel,1,0,8.6.2,2025-04-09 16:10:43,Hai Kak Bahri. Mohon maaf untuk ketidaknyamanannya. Untuk kendalanya Kakak bisa langsung menghubungi kami di DM Instagram @Telkomsel atau hubungi kami di tsel.id/chatva. Semoga membantu. 😊 -Sekar,2025-04-10 04:32:30,8.6.2
5e421eac-7179-4743-a885-d7214cf6f9b7,suka- suka,https://play-lh.googleusercontent.com/a/ACg8ocKmgMceec6SY5lLOHRZv7gV8MFeGiyOysLyTjLY8z0z25iE-Q=mo,makin busuk saja yg di naungi plat merah,1,0,,2025-04-09 16:08:54,Hai Kak Suka. Mohon maaf untuk ketidaknyamanannya. Untuk kendalanya Kakak bisa langsung menghubungi kami di DM Instagram @Telkomsel atau hubungi kami di tsel.id/chatva. Semoga membantu. 😊 -Sekar,2025-04-10 04:50:14,
cfcff873-dc0b-4245-9346-6de9a9a4eb7b,Burhanudin Raya,https://play-lh.googleusercontent.com/a-/ALV-UjXObmEMgVO3vVHFEk2ydjILKiWs4bMVf649RWgU0E_61ZetNnAf,pengguna telkom berkualitas selalu Aman baik of the best,5,0,,2025-04-09 16:07:07,,,
e0539ce8-0ac1-4f77-acc2-96cac2a92d04,Shafa Amelia,https://play-lh.googleusercontent.com/a/ACg8ocItzp-LgQCWriodcUjPNodQA_B3C28ecNbBNikGlj4keKWt=mo,"maaf cuma bintang 2 , karena sering banget ngelag padahal uda berkali-kali bersihin sampah aplikasinya",2,0,8.7.0,2025-04-09 16:05:02,,,8.7.0
51a97ded-670b-4a0f-8984-d5c6b5e84291,_-,https://play-lh.googleusercontent.com/a-/ALV-UjX8Jy-zXwc8N0fMkGqhMHSPyqVB2aVkl_H4n6hZ8aniyND39L4p,okee,1,0,8.6.2,2025-04-09 16:02:14,"Hai Kak, terima kasih. Tetap pakai aplikasi MyTelkomsel ya 😊 -Sekar",2025-04-10 04:50:41,8.6.2
6074dbc6-1d0c-4d0b-8c5d-29d1162287c4,Agus Syahputra,https://play-lh.googleusercontent.com/a-/ALV-UjVwgJzJ3VYQaG0atglsMDrlR3gw1ZAjk9Uu_9wNtrgnLS9GuKc,Ok,5,0,8.6.2,2025-04-09 16:01:12,,,8.6.2
8958944a-5ab7-4aff-8153-e48de612b230,Nah Udin,https://play-lh.googleusercontent.com/a/ACg8ocJMORviZU1yZPqCORk6G8jvdTd4C9WzL-dcxSGbh1pJ_k1xEg=mo,good,5,0,,2025-04-09 15:58:00,,,
9ab86b10-5ff2-4eb4-9911-dce1f3fdc334,dar so,https://play-lh.googleusercontent.com/a/ACg8ocIDTyeFAgoGsrKqQC086my8uF5QRyqhFm73ipWsy5bibLvzlA=mo,"YOK SAMA-SAMA KITA KASIH BINTANG 1 BIAR ADA PENANGAN BUAT JARINGAN INTERNET TELKOMSEL, YANG MAKIN HARI MAKIN LEMOOOOOTTTTT. MENJENGKELKANNNNNNN...",1,0,8.7.0,2025-04-09 15:52:37,"Hai Kak Dar. Mohon maaf untuk ketidaknyamanannya, silakan coba restart handphone Kakak. Apabila masih terdapat kendala silakan hubungi kami di DM Instagram @telkomsel atau chat di tsel.id/chatva. Semoga membantu. :) -Sekar",2025-04-10 04:52:16,8.7.0
77567d09-66cc-42be-aa33-72c3b851f21b,Mamat Hidayat,https://play-lh.googleusercontent.com/a-/ALV-UjXrgUFB6gZCnkwik4m067nno6ICNu-LAGbw0BVclX0gwcEeH-s,layanan nya cukup bagus dan memuaskan 👍 Respect dh,5,0,,2025-04-09 15:52:15,,,
44365347-8943-491c-9454-7ef6bde6f324,Rohmat Berkah,https://play-lh.googleusercontent.com/a-/ALV-UjV9kFdqliVOGwRPwOFV5_PaxDbbTZgU6ygJMKxvorhP2shu5BbK,Telkomsel tingkatkan kan lagi aplikasi nya sering erorr🙏🙏🙏,5,0,8.6.2,2025-04-09 15:47:00,,,8.6.2
65c15671-3943-4976-9e25-adde4e1f28a2,Wanwan Hermawan,https://play-lh.googleusercontent.com/a/ACg8ocJ64jHS-ZCTZdQ0adMAFx6ruoKcCoj63Wt5Y3hABEEL0FSJig=mo,GAK BISA LOGIN AFK JELEK,1,0,,2025-04-09 15:46:33,"Hai Kak Wanwan. Mohon maaf untuk ketidaknyamanannya ya, silakan coba cara berikut ya Kak:
1. Clear cache aplikasi
2. Force close aplikasi
lalu coba login kembali, apabila masih mengalami kendala, silakan hubungi kami melalui DM Instagram @Telkomsel atau chat di tsel.id/chatva. Semoga membantu. 😊 -Sekar",2025-04-10 04:52:40,
1ca7cad2-4eb6-4670-af2c-3862fe6bab4c,Saprul Ssb,https://play-lh.googleusercontent.com/a/ACg8ocKGRXZpwbHxlPYKYiAE0d0DH39s8KAycwwPo5_h6udWtMFhKg=mo,min kok kuota unlimited nya cuma 15gb,1,0,7.5.0,2025-04-09 15:45:30,"Hai, Kak Saprul. Maaf ya, Kak. Paket yang bersifat promo dengan harga murah dapat berubah menyesuaikan waktu dan tidak berlaku selamanya. Untuk cek lebih lanjut, boleh hubungi mimin melalui Instagram @Telkomsel atau email cs@telkomsel.com. Makasih :) -Sekar",2024-09-17 09:08:22,7.5.0
b46f1ff6-d52b-47c5-995a-ce955db7bcca,double v,https://play-lh.googleusercontent.com/a-/ALV-UjWFrAmF1oxVgrYTnTlPJaPL8zAy5iMHCpaqLR25gCEk-v6I6noO,"selain aplikasi yg sering mengalami gagal pembayaran paket, jaringan internet telkomsel juga makin melambat,berbeda dengan tahun sebelumnya, padahal saya stay di lokasi yang sama selama bertahun tahun ( area tempat tinggal menetap)",1,0,8.6.2,2025-04-09 15:44:32,"Hai, Kak. Mohon maaf ya kalau ada yang bikin Kakak ga nyaman. Agar Mimin bisa bantu Kakak lebih optimal, tolong hubungi Mimin melalui fitur bantuan di aplikasi MyTelkomsel atau DM Twitter @telkomsel. Mimin tunggu ya Kak, makasii :) -Bagus",2021-04-22 12:21:03,8.6.2
6acfe522-a6fc-4d8e-8d28-cf790655761b,Pejuang Loreng,https://play-lh.googleusercontent.com/a-/ALV-UjWxjcg56S1p4fCR5ZhqjE5O4YyS2hRkMGRhcQQaf-vwLlUuvXM,bintang 🌟🌟 dulu soalnya lemot banget aplikasi my Telkomsel buka aplikasi lain Lanjar jaya buka my Telkomsel lemot tolong dong di perbaiki,2,0,8.7.0,2025-04-09 15:43:07,,,8.7.0
7f5d2baa-6cab-418b-b1cb-6e40cca91331,suhardin 23,https://play-lh.googleusercontent.com/a/ACg8ocK31Q1DLRte0bTUkCUQ9EEX9UBhT5HElmlRt_RBBGL1SPcd0g=mo,keren,5,0,,2025-04-09 15:39:09,,,
887cfcf6-f8f2-4841-a9a1-f7f44b557a5c,Bima Simanjuntak,https://play-lh.googleusercontent.com/a-/ALV-UjWAxqxSTuhwb4j73bfmIc-5IjGklKuZ5J9-VPQGvN3LPgisOWw,jaringan enak di cuaca cerah tapi di cuaca hujan jaringan kayak taik GK ngotak naik turun teros jaringan tiba-tiba,1,0,8.6.2,2025-04-09 15:32:11,"Hai Kak Bima. Mohon maaf untuk ketidaknyamanannya, silakan coba restart handphone Kakak. Apabila masih terdapat kendala silakan hubungi kami di DM Instagram @telkomsel atau chat di tsel.id/chatva. Semoga membantu. :) -Sekar",2025-04-10 04:53:16,8.6.2
3396e0d7-e026-44a9-97f9-3f74ee89da76,Subardi,https://play-lh.googleusercontent.com/a/ACg8ocJAdAj--hcZTbpGL0Nexrg8YWT8VzkT_eYQ0Xaiskr7yxDUfw=mo,susah di buka apk nya 👹👺👹👺,1,0,,2025-04-09 15:31:59,"Hai Kak Subardi. Mohon maaf untuk ketidaknyamanannya. Untuk kendala akses aplikasi MyTelkomsel, Kakak bisa langsung menghubungi kami di DM Instagram @Telkomsel atau hubungi kami di tsel.id/chatva. Semoga membantu. 😊 -Sekar",2025-04-10 04:53:47,
97d16249-0649-44bb-9e8f-4fa18d825fde,Meddytriano,https://play-lh.googleusercontent.com/a-/ALV-UjWkK3aew3nfvws-e6KRvXEwjSD7jQaMWF3FUrdwexJtUzeNvKw,luar biasa,5,0,,2025-04-09 15:25:34,,,
418432e8-2243-475b-8a45-2779fc524272,Tobat Cuy,https://play-lh.googleusercontent.com/a/ACg8ocJvFppVUbp9RHJCHUkad6tRvBjCfZyZVmMks72N7CQqoGCX3Q=mo,nggk ada bonus kouta lebih kayak dulu kah min udh capek keluarin duit banyak banyak jadi susah aj kasih bonus dong min 🙏🙏,4,0,8.6.2,2025-04-09 15:22:06,,,8.6.2
c9501610-51ec-4fc1-a028-a66ac170bbc4,Yansen Kakulasan,https://play-lh.googleusercontent.com/a-/ALV-UjWuHTJhYgSQQMTzDL-ib4aTMlkLMCkdJHINDfWTU65iHJeMUE8r,"di instal lagi, gak tahu ini yang sudah keberapa moga saja aplikasi ini udah lebih baik dari sebelumnya,kasih bintang 3 aja dulu",3,0,8.6.2,2025-04-09 15:21:57,,,8.6.2
a424efe3-c5d5-4404-b3da-f39281ecddfa,rizal maisal,https://play-lh.googleusercontent.com/a/ACg8ocLH4uXf-tYinQBPvxdc_SoK9eNOpaJmUaZM5ftgFb7PvTChFg=mo,bututtt leggg parahh,1,0,8.6.2,2025-04-09 15:20:20,"Hai Kak Rizal. Mohon maaf untuk ketidaknyamanannya ya, silakan coba cara berikut ya Kak:
1. Clear cache aplikasi
2. Force close aplikasi
lalu coba login kembali, apabila masih mengalami kendala aplikasi MyTelkomsel lambat, silakan hubungi kami melalui DM Instagram @Telkomsel atau hubungi kami di tsel.id/chatva. Semoga membantu. :) -Ken",2025-04-10 08:38:08,8.6.2
1d2aa53e-2973-4a32-b5ce-85ceaa9a1d73,Riki Renaldi,https://play-lh.googleusercontent.com/a/ACg8ocK4vJm-6mje9dpobCN7Ic5iSbwpBw-BMphNX2az4yuuGdAl6Q=mo,jaringan telkomsel sangat buruk di sumedang jawa barak cimalaka.. sangat mengecewakan.. buat scrol tt susah buat main game susah buat vc apalagi,1,0,8.6.2,2025-04-09 15:20:15,,,8.6.2
59985344-f454-4798-9aed-5bfe65be4009,Evil Babe,https://play-lh.googleusercontent.com/a/ACg8ocLjk8EdAQw72zSUYsbRLFZlUl8greDklt-b0l2OCYFRnaemVw=mo,"Promo Paket Data Murah, tapi Signal sangat Lemah.",3,0,,2025-04-09 15:15:04,,,
49453fb2-5723-4c46-b639-9d4766a99564,ardison acilinza,https://play-lh.googleusercontent.com/a-/ALV-UjX9nBtaznNKjtLXUXlqJFaCmRow_qk_n8SegFTzKLw1Xyn2EQd7,"hebbaaaaatttt. Telkomsel memang hebbaaaaatttt,semenjak puasa sampai sekarang koneksi jaringan dan sinyal hebbaaaaatttt..makin mengkhawatirkan,,apalagi sesudah lebaran tahun ini makin tambah hebat sinyal Telkomsel,makin tambah maknyossss sampai sampai sinyal dan koneksi DONE,,kalau ada tanda bintang yg setengah saya kasi yg setengah bukan 1 bintang,,HEBBBAAAAT..ayoo..ramaikan kasih bintang 1 biar hancur Telkomsel..",1,0,8.6.2,2025-04-09 15:13:40,"Hai, Kak Ardison. Maaf ya, mengenai keluhan akses internet lambat, agar bisa mimin bantu lebih lanjut. Yuk hubungi mimin melalui email cs@telkomsel.com, Twitter @Telkomsel atau Facebook Messenger 'Telkomsel'. Mimin tunggu ya, Kak. Makasih :) -Sekar",2023-07-19 03:31:43,8.6.2
3871327e-6784-4a95-b46c-6d2912c55b17,Achmad Syahril Rabbani,https://play-lh.googleusercontent.com/a-/ALV-UjVRDJyb6JDuKRqJMSWa-A1RPHG3EPzY3RcNcxqvJex4cYUc9HJF,"Kuota gw masih banyak min tapi knp sinyalnya selalu jelek? moga ada perubahan, kalo ada perubahan nanti rating bintang 5. lanjut part 2...",2,0,8.6.2,2025-04-09 15:04:36,,,8.6.2
79f25d60-f7df-4836-81dc-b8f8e85a6533,Bang Ar,https://play-lh.googleusercontent.com/a-/ALV-UjUpJB5jT953NZL76f2ofMav0xr7Y29INQSg7FGmkYh_9MGXav9p,coba jaringan telkomsel tolong di perbaiki masa ngeleg parah kalo maen geam ml ngasih bintang 5 tapi jaringan nambah parah suka ngeleg² jadi sya turunan bintang 3 aja,3,0,8.6.2,2025-04-09 15:04:33,,,8.6.2
53d11a12-f477-404d-ad33-d661b9b1ba26,Sampit Kalteng,https://play-lh.googleusercontent.com/a/ACg8ocKvSPzb3R3mEH0q6SwPnh196HI5_bDf7S0fi4oAZpm5uhIPLg=mo,kartu bngst baru beli kartu telkomsel jaringan full dah 4 g kuota ada ttp gbs internetan,1,0,8.6.2,2025-04-09 15:00:06,"Hai Kak Sampit. Mohon maaf untuk ketidaknyamanannya, silakan coba restart handphone Kakak. Apabila masih terdapat kendala silakan hubungi kami di DM Instagram @telkomsel atau chat di tsel.id/chatva. Semoga membantu. :) -Sekar",2025-04-10 04:54:30,8.6.2
d58bea58-f5bb-4fdf-9430-0d58cbb4d5c6,asri wulandari,https://play-lh.googleusercontent.com/a-/ALV-UjXLAOhtZmfJaK7DxU9qdfwUk2i9NeAYZ4uUg7Gebdfip_QYPvA,ciganjur jaringan lambat,3,0,8.6.2,2025-04-09 14:56:11,"Hai, Kak Asri. Maaf ya jadi ga nyaman. Terkait kendala jaringan, apakah sudah di coba pindahkan mode jaringan dari otomatis ke manual, kemudian pindahkan ke otomatis lagi? Jika sudah namun masih berkendala, silakan konfirmasi via MyTelkomsel, DM Twitter @telkomsel, atau email ke cs@telkomsel.co.id. Semoga membantu :) -Ghia
",2021-04-08 15:34:32,8.6.2
77a1189c-2fb5-45f7-aac6-209a9e7483a9,Lina,https://play-lh.googleusercontent.com/a-/ALV-UjURuDnYLibPLVnbqdq0fhT6LDQGelnBHqSjiA7A2OZSbrTMzBnH,WOYY GABISA DIBUKAAAAAAA,1,0,8.6.2,2025-04-09 14:53:42,Hai Kak Lina. Mohon maaf untuk ketidaknyamanannya. Untuk kendalanya Kakak bisa langsung menghubungi kami di DM Instagram @Telkomsel atau hubungi kami di tsel.id/chatva. Semoga membantu. 😊 -Sekar,2025-04-10 04:54:52,8.6.2
0ebb99df-ed59-4ba8-9520-7628b6803285,Andika Nuswantoko,https://play-lh.googleusercontent.com/a/ACg8ocJSYuYdbw3SVZwWgqtYVKVcncml-IcAj1kr1uGBmgNfeFaQIw=mo,mantab,5,268,8.6.2,2025-04-09 14:51:58,"Maaf ya, Kak Nuswantoko. Untuk kendala masa aktif nomor, yuk hubungi mimin agar bisa dibantu lebih lanjut melalui akun Twitter @Telkomsel, Telegram @Telkomsel_official_bot, atau email cs@telkomsel.com. Mimin tunggu ya, have a nice day Kak :) -Sekar",2023-04-26 05:52:18,8.6.2
ae951f6b-e704-4b85-93ba-8bf7408dc792,Benny Sugiarto,https://play-lh.googleusercontent.com/a/ACg8ocIteDRVbwVNYrjD1O3oOmzZYzexpLNyrpvRTaoss1ENaKT0iRU=mo,"kuota mahal, jaringan sering trouble",1,0,7.2.0,2025-04-09 14:47:00,"Hai, Kak Benny. Maaf banget ya jadi gak nyaman, terkait keluhan aplikasi MyTelkomsel lemot/lambat saat diakses. Yuk segera hubungi Mimin melalui fitur bantuan di DM Instagram @Telkomsel atau kirim email ke cs@telkomsel.com untuk dibantu lebih lanjut. Mimin tunggu ya kak. Makasih :) -Edo",2023-11-06 11:59:15,7.2.0
03ac7410-2fa7-4553-bd5f-3e57a224f92f,Rahmat Maspul,https://play-lh.googleusercontent.com/a-/ALV-UjV_cN9hsJ0hN52ls57oFz7sfiVLfG80rqtUnVlcCz_zfaXUHgxT,makin burik,1,0,8.6.2,2025-04-09 14:45:47,Hai Kak Maspul. Mohon maaf untuk ketidaknyamanannya. Untuk kendalanya Kakak bisa langsung menghubungi kami di DM Instagram @Telkomsel atau hubungi kami di tsel.id/chatva. Semoga membantu. 😊 -Sekar,2025-04-10 04:55:10,8.6.2
77f3bc4a-cd40-49a5-b9b4-789d19fc42ed,Arjun Malik,https://play-lh.googleusercontent.com/a/ACg8ocJuloV0dX_8mbEwLQHGmUeT0BrTE-NtwMDdHQMc4KQNUX4vrQ=mo,apknya lemott,1,0,8.6.2,2025-04-09 14:44:47,"Hai Kak Arjun. Mohon maaf untuk ketidaknyamanannya ya, silakan coba cara berikut ya Kak:
1. Clear cache aplikasi
2. Force close aplikasi
lalu coba login kembali, apabila masih mengalami kendala, silakan hubungi kami melalui DM Instagram @Telkomsel atau chat di tsel.id/chatva. Semoga membantu. 😊 -Sekar",2025-04-10 04:55:32,8.6.2
62e1282e-6f60-4cff-b7fd-af290ca3d987,Restu Suhada,https://play-lh.googleusercontent.com/a/ACg8ocKlQpb-yMyG4P_thOiVAKFoNtOSOTV5IW8nijLeuMWXb9Px=mo,"jaringan g guna ngelag tiba tiba, kuota jual mahal mahal kualitas jaringan burukk sangat buruk, ga recommended banget cuih, perbaiki dulu jaringan baru permahal kuota.",1,0,8.7.0,2025-04-09 14:43:44,"Hai Kak Restu. Maaf bikin gak nyaman. Terkait tarif paket, silakan akses aplikasi MyTelkomsel untuk mendapatkan lebih banyak pilihan dan penawaran paket datanya ya Kak, untuk kendala internet lambat, silakan coba restart handphone Kakak. Jika masih terdapat kendala silakan hubungi kami di DM Instagram @telkomsel atau chat di tsel.id/chatva. -Sekar",2025-04-10 04:57:44,8.7.0
8c98a0c2-fa8b-4331-837f-ef5641ec28cc,agech begete,https://play-lh.googleusercontent.com/a-/ALV-UjV8zo1ujsDS8UAOTsaA6Bqi6Kva5D7QxrYc6Y4yqpGv01dsTK8,"minta update mulu, perbaikan NOL BESAR.",1,0,8.6.2,2025-04-09 14:41:22,"Hai, Kak. Maaf banget ya, untuk keluhan aplikasi MyTelkomsel, yuk hubungi Mimin melalui akun Instagram @telkomsel atau Email cs@telkomsel.com agar dibantu lebih lanjut. Mimin tunggu ya Kak. Makasih :) -Alma",2024-09-05 01:03:54,8.6.2
9f2af352-e93b-44cb-b4d5-4ecc4b8b702b,Aksi Ali,https://play-lh.googleusercontent.com/a/ACg8ocJ51xOBk_HWvTpF3x3sLG4Ke-BcsHrh39Ij7t_KaXcZIV4HZw=mo,#Cerdas,5,0,8.6.2,2025-04-09 14:40:03,,,8.6.2
45be8079-ba09-4708-a1e0-b46f493c1b90,Redi Readygo,https://play-lh.googleusercontent.com/a-/ALV-UjVLriIl0UUTs-cg5vxm95PwEihIQGOD7DU0rpiKP37zHleohvw,"𝑘𝑎𝑡𝑎𝑛𝑦𝑎 𝑚𝑢𝑑𝑎ℎ,, 𝑚𝑎𝑙𝑎ℎ𝑎𝑛 𝑚𝑎𝑘𝑖𝑛 𝑠𝑢𝑙𝑖𝑡 𝑚𝑎𝑢 𝑏𝑒𝑙𝑖 𝑝𝑎𝑘𝑒𝑡 𝑠𝑢𝑠𝑎ℎ 𝑢𝑑𝑎ℎ 𝑔𝑖𝑡𝑢 𝑚𝑎ℎ𝑎𝑙 𝑙𝑎𝑔𝑖",1,0,,2025-04-09 14:39:27,"Hai Kak Redi. Mohon maaf untuk ketidaknyamanannya, silakan akses aplikasi MyTelkomsel untuk mendapatkan lebih banyak pilihan dan penawaran paket datanya ya Kak. Untuk keluhan aktivasi paket, silakan hubungi kami di DM Instagram @telkomsel atau chat di tsel.id/chatva. Semoga membantu. 😊 -Sekar",2025-04-10 05:00:00,
19bbb755-d4c5-4498-aa1c-6d5be03cc51f,FAUZAN HAMZAH KHAIRI,https://play-lh.googleusercontent.com/a-/ALV-UjV9FdLmpNlZLC47cxeqEGOBtRxnZzjX1TqJyKSeE66pp53NVOjT,"jaringan busuk sampah, gaada perbaikan udah dari lama jaringan kek sampah",1,0,8.6.2,2025-04-09 14:38:53,"Hai Kak Hamzah. Mohon maaf untuk ketidaknyamanannya, silakan coba restart handphone Kakak. Apabila masih terdapat kendala silakan hubungi kami di DM Instagram @telkomsel atau chat di tsel.id/chatva. Semoga membantu. :) -Sekar",2025-04-10 05:04:00,8.6.2
88977d18-d718-46c7-b1a1-caf6abf99374,gombal vanbell,https://play-lh.googleusercontent.com/a-/ALV-UjVLtq5fstIU2mRWwE8vuGk4eqhDzgbxCPkm6zI4HCeac-ItiQ68,aplikasi badut.... chat berjam2 baru dibalas... laporan berhari2 ga ada tindakan.... buang2 uang negara hanya untuk bikin aplikasi sampah,1,0,8.7.0,2025-04-09 14:35:26,,,8.7.0
dd2c48a3-375c-47dd-817a-48e802f5af9a,Andrian S Eato,https://play-lh.googleusercontent.com/a/ACg8ocLSSnnIc8MPz3VPfnD4j2WdxtDljIrIdGl27qHGD17T7s4ehA=mo,"makin kesini makin jelek jaringannya,jangan hp Lo salahin benahin diri dong,ga murah biaya yg kami keluarkan perbulannya jangan untung doang Lo pikirin",1,0,8.6.2,2025-04-09 14:34:30,"Hai Kak Andrian, Mohon maaf untuk ketidaknyamanannya, silakan coba restart handphone kakak. Apabila masih terdapat kendala silakan hubungi kami di DM Instagram @telkomsel atau chat di tsel.id/chatva. Semoga membantu. :) -Edo",2025-03-27 13:33:16,8.6.2
45281902-8abc-446f-ab64-ab019fc3a896,Ardhi Sal,https://play-lh.googleusercontent.com/a/ACg8ocJET6Cqimoj5Qa9Hi0UW31Sag-zYiMRgL4U_t5JfJ8lJtNibQ=mo,maohon promonya,5,0,8.7.0,2025-04-09 14:32:58,,,8.7.0
fdee5285-453d-4d58-b9d7-6a41c960c9eb,Akhmad Fawait Aziz,https://play-lh.googleusercontent.com/a-/ALV-UjXV2Dyxae8ur6r6VjG0PAPkfNmwF4hhoahjW83O3dVQnbb21Ia4,"paket taik, klo mau nyaingin axis klian salah, perbaiki tuh paket harian unlimitednya, di axis klo aktivasi jam 22.00 habisnya juga jam 22.00, klo di telkomsel aktivasi jam 22.00 di jam 00.00 sudah habis, harga lebih mahal dan ada batas kuotanya (15gb) sedangkan di axis tanpa batas kuota 24jam nonstop, pantes banyak pindah ke xl, iya gini kelakuan BUMN bisanya menyengsarakan rakyat. maaf salah ngasih bintang tadi 2 saya ralat jadi 1",1,0,8.6.2,2025-04-09 14:31:51,,,8.6.2
7e9a2eaf-6140-4bdb-a85a-000ae5726bf4,Henky Kiki,https://play-lh.googleusercontent.com/a-/ALV-UjX9a7a0nT4ti1Y4-C2QDzhAGClOQIXPZ7UebtlmeYI6R2TvwyPM,"Kualitas sinyalnya sangat buruk bikin tensi naik,maaf doang apa nyelesain masalah,gak ada jawaban lain😈",1,0,8.6.2,2025-04-09 14:31:30,"Hai Kak Henky, Mohon maaf untuk ketidaknyamanannya, karena kami memerlukan informasi lebih lanjut untuk membantu kakak, silakan hubungi kami di DM Instagram @telkomsel atau chat di tsel.id/chatva. Semoga membantu. :) -Edo",2024-12-03 06:44:53,8.6.2
83895844-b3f9-47ee-9e72-d030cfc5f54c,Muhamad Yusuf,https://play-lh.googleusercontent.com/a/ACg8ocLXSpxYmXlHWvJJ2BLIW8kxXy7-PDcg8Spazg6LjYYhD-OjXw=mo,"ya mohon maaf ya bintang 1 jadi gini kak gw pernah ketipu ngasih kode otp dan gw cari solusi di Ai WA dan suruh ngirim laporan lewat email ya sudah saya kirim saya mengirim lewat email untuk membatalkan pembelian apapun hari itu tapi tidak ada tanggapa jadi saya kan belum masukin akun telkom masih keaman 40 persen nah saya masukin email tapi tiba2 ada pembelian dalays game, sebelum saya masukin email dan saya ditagih pulsa tidak cukup dan pulsa saya isi dan tiba2 dalays game nya aktif kmen gckup",1,0,8.7.0,2025-04-09 14:30:12,,,8.7.0
45731061-1a73-4013-a0fa-e4a5decfabba,Annam Barnawi,https://play-lh.googleusercontent.com/a-/ALV-UjXolfGYGXHdGpkDjKje-iSN7amy5RPzLbpRRFYBN8cI93B-Ldji,mantap,5,0,8.7.0,2025-04-09 14:28:33,,,8.7.0
f4c4660e-ecb1-468b-a464-0d267f038bd1,Dasep Abdulrohman,https://play-lh.googleusercontent.com/a-/ALV-UjXOBxGg3cMkoH8VQDub4WdEIH5VeCLbjnL2EMWLMY9fmvieP77K,telkomsel sellu menemani di tempat bagai mana pun kami berada.ok,5,0,8.6.2,2025-04-09 14:26:42,,,8.6.2
fb64a7db-1b87-4672-a515-d27ee917570b,Nasya Sakina,https://play-lh.googleusercontent.com/a/ACg8ocKD34hSlLmb8SwBdFAzlwiatJXXdBCWv7vFjJwV8N7IHi7PRVo=mo,"Telkomsel mohon bantuan dan perhatian Nya,, jaringan nya gak bersahabat baget skrg",4,0,8.6.2,2025-04-09 14:21:18,,,8.6.2
575702a7-adfe-480c-bb3d-2672e7f006df,Banda herman,https://play-lh.googleusercontent.com/a-/ALV-UjXV9Cg4V-E8iMI3_oQDPEr_1FJtiasberv5G3JgsWcOK3eWa-J3,makin sini makin ribet buka aplikasi laoding aja terus padahal baru beli paketan hmmmml,3,0,8.7.0,2025-04-09 14:18:50,,,8.7.0
222baa89-2506-40de-98f4-cd982a0529ac,Ojuk 24,https://play-lh.googleusercontent.com/a/ACg8ocKjxjEuA31F8EdyA2m3gIaTynecBOSz88NVcuArkczZbv4yGA=mo,perbaiki jaringan internet di tanah kuning kalimantan utara. kita ini sudah beli pulsa bukan hutang!!,1,0,8.6.2,2025-04-09 14:18:12,"Hai Kak Ojuk. Mohon maaf untuk ketidaknyamanannya, untuk kendala jaringan lemah/gak stabil silakan coba restart handphone Kakak. Apabila masih terdapat kendala silakan hubungi kami di DM Instagram @telkomsel atau hubungi kami di tsel.id/chatva. Semoga membantu. :) -Ken",2025-04-10 10:01:26,8.6.2
d7b4c67d-7585-48aa-b946-291c48ea63f2,Mara Dewi_jeon,https://play-lh.googleusercontent.com/a-/ALV-UjWZNVj-vwi50d2tBWL7SlErWgGFZojnPRvENaviUzaxuNchpZrW,"ini gimana ya kok maen potong2 pulsa seenaknya padahal udah terbyr pulsa daruratnya masih aja dipotong entah untuk apa,, padahal sy sudah mendaftar sebelumnya untuk paket yg 5rb ,, bikin kecewa sih",4,0,8.6.2,2025-04-09 14:11:57,,,8.6.2
ed30dc26-2abf-4542-8641-1651e3898d61,Imam Su,https://play-lh.googleusercontent.com/a-/ALV-UjVK1Yqier1PAHZ6Z8Gq61HF-7l0V2VX4nX0UIZDdjtf1H_4dqDR,Sinyal lu parah amat sekarang cuk... Gak bisa di banggakan lagi... Lemot buat ngapa2in..gimana nihh.. Apa gua mesti ganti kartu setelah 11 taun pke telkomsel?,4,0,8.6.2,2025-04-09 14:08:26,,,8.6.2
24a0558a-fc60-48ae-a3fd-0b529bc1a00b,U List Tia,https://play-lh.googleusercontent.com/a-/ALV-UjWes1-9u3ctLPDQi1h1Pmls37MJ7Mj6J2i1KjLC9EFTsVDkhKM,pelayanan CS nya luar biasa menjengkelkan.,1,0,8.7.0,2025-04-09 14:06:04,Hai Kak Tia. Mohon maaf untuk ketidaknyamanannya. Untuk kendalanya Kakak bisa langsung menghubungi kami di DM Instagram @Telkomsel atau hubungi kami di tsel.id/chatva. Semoga membantu. 😊 -Sekar,2025-04-10 05:07:12,8.7.0
8af710f4-3a70-4ec2-93b8-3a764704edd7,RAIHAN Maulana,https://play-lh.googleusercontent.com/a/ACg8ocLOfgxM80eemoJewKwrZB85UZ6Cxz5L_B4cKoNJJEEuL5XhIw=mo,"jaringan di Bengkulu kota betulin, jelek parahh",1,0,,2025-04-09 14:02:34,"Hai Kak Maulana. Mohon maaf untuk ketidaknyamanannya, silakan coba restart handphone Kakak. Apabila masih terdapat kendala silakan hubungi kami di DM Instagram @telkomsel atau chat di tsel.id/chatva. Semoga membantu. :) -Sekar",2025-04-10 05:07:36,
ae5627f1-c9d6-4ea4-be6f-cde6f0fcdd64,Samhadi S.Pd.,https://play-lh.googleusercontent.com/a-/ALV-UjXOyBiYDw5jULIEUyatA1xwNMJXgXGhMjovLMc0jBmNas5aQGY,Internet lemot terlalu,1,0,8.6.2,2025-04-09 14:01:04,"Hai Kak Samhadi. Mohon maaf untuk ketidaknyamanannya, silakan coba restart handphone Kakak. Apabila masih terdapat kendala silakan hubungi kami di DM Instagram @telkomsel atau chat di tsel.id/chatva. Semoga membantu. :) -Sekar",2025-04-10 05:07:56,8.6.2
7e6c1169-2eaf-4b57-a6af-93ead4434152,Abdul Rijik,https://play-lh.googleusercontent.com/a/ACg8ocLLXydSirdWixMjq0GeQ6X6B0N91ZswWNb0PNx0xEwY7lc-Dg=mo,sinyal kau jelek x,1,0,,2025-04-09 14:00:17,"Hai Kak Abdul. Mohon maaf untuk ketidaknyamanannya, silakan coba restart handphone Kakak. Apabila masih terdapat kendala silakan hubungi kami di DM Instagram @telkomsel atau chat di tsel.id/chatva. Semoga membantu. :) -Sekar",2025-04-10 05:08:19,
7946264f-636f-400a-b6b8-61b8c3988329,Purnama Milanisti,https://play-lh.googleusercontent.com/a/ACg8ocKG6iUUEhPw6wXttUAil8ycxP_dub_HMGI2AD2xT5BQcepm5A=mo,semoga my telkomsel makin bnyak promo bonus paket internetnya,5,0,,2025-04-09 13:57:51,,,
fe54fea3-b72a-4e98-b68b-2d15bd01a884,Auntong sipau,https://play-lh.googleusercontent.com/a/ACg8ocLB79X4wfFDjHbmxCHjie4-fku46wbDGObYjmSLH2Q8v_ZREQ=mo,"jaringan lemot banget , parah betul udh harga kuota ny naik lebih mahal gak da pilihan ...ini gmn ini kita mu make Telkomsel nih min... gni trus ma msh bnyak lho yg jual kartu slain tlkomsel...promonya duhh... bengis amat hrgany... kta ma orng kmpung min mainan ny cuma tanah Ama cangkul....tlong dong kringanan ny gmn gt... ini ntr ma drpd ni ea kbnyakan beli paket ny yg hrga ny udh mahal jaringan ny kacau... kalo dipikir mnding nabung kali ea buat beli wifi...maaf min ... Slam kecewa ajadah..",1,0,8.7.0,2025-04-09 13:53:57,"Hai Kak Auntong. Maaf bikin gak nyaman. Terkait tarif paket, silakan akses aplikasi MyTelkomsel untuk mendapatkan lebih banyak pilihan dan penawaran paket datanya ya Kak, untuk kendala internet lambat, yuk coba restart handphone Kakak. Jika masih terdapat kendala silakan hubungi kami di DM Instagram @telkomsel atau chat di tsel.id/chatva. -Sekar",2025-04-10 05:19:53,8.7.0
edb4efeb-1eaf-4b26-9e9f-fa29ca08bed9,Hasripratama 123,https://play-lh.googleusercontent.com/a/ACg8ocLSRwKvRWIKErpAR6T7zodGOhfg-9CVE3cgGTmnLW_NqIlFsQ=mo,"makin lama jaringan nya makin ngelag, perbaiki lah kocak",1,0,8.6.2,2025-04-09 13:53:19,"Hai Kak Hasripratama. Mohon maaf untuk ketidaknyamanannya, silakan coba restart handphone Kakak. Apabila masih terdapat kendala silakan hubungi kami di DM Instagram @telkomsel atau chat di tsel.id/chatva. Semoga membantu. :) -Sekar",2025-04-10 05:16:17,8.6.2
16a236e1-c6cd-4db3-a4c2-8d54757aa50f,Satria Azwar,https://play-lh.googleusercontent.com/a/ACg8ocK-6z6jOIxZPC4K_ilen8H-FC_CBoOseKvXKUpSLhtszSGWGg=mo,"aplikasi kurang bermanfaat, fitur2nya kebanyakan yang tidak berfungsi",1,0,8.6.2,2025-04-09 13:52:34,,,8.6.2
f1fc1f42-1589-493f-83f2-8e43fcc5de79,Dzaky M Yusuf,https://play-lh.googleusercontent.com/a-/ALV-UjXevtQflKIFMVSqQg3SMTbGvU32yt9r8nllZ-VroSWBxPUUqTs,udah bagus min dah lancar ☺️👌,5,1,,2025-04-09 13:48:35,"Hai Kak Dzaky, Mohon maaf untuk ketidaknyamanannya ya, apabila aplikasi MyTelkomsel terlalu berat di handphone kakak, silakan coba unduh MyTelkomsel Basic. Aplikasi ini sudah tersedia di PlayStore. Apabila masih mengalami kendala, silakan hubungi kami melalui DM Instagram @Telkomsel atau chat di tsel.id/chatva. Semoga membantu. :) -Edo",2025-04-01 06:56:23,
72cc5079-4481-4196-abd8-62b2c74d4fad,botak satu,https://play-lh.googleusercontent.com/a/ACg8ocIqs1RMOxIaUdh6DOTewxgCPgTO6KtmKXMrPTZAuy69EtfZCA=mo,"mohon perhatiannya min kalo ngasi diskon tolong dikasih batas waktu atau limitnya, tadi saya mau beli kuota tiba² udah gak bisa dan gak ada di pilihannya padahal tidak ada waktu atau batas yang ditentukan mohon diberi batas waktu atau pemberitahuan yang lainnya 🙏🏻",2,0,,2025-04-09 13:47:00,,,
1231109d-cbef-4664-a25c-81d538e02cd2,Barul slebwww,https://play-lh.googleusercontent.com/a-/ALV-UjVyDxKK6gGjmrJ0ohAlWPGB_LCosp78T94Wg1Nit1n60uSGOsAB,woiii Telkomsel lu udah sinyal burukkk Kouta mahalll tapi kek kanjuttttt,1,0,,2025-04-09 13:45:57,"Hai Kak Barul, silakan akses aplikasi MyTelkomsel untuk mendapatkan lebih banyak pilihan dan penawaran paket datanya ya, untuk kendala sinyal silakan coba restart handphone kakak. Apabila masih terdapat kendala silakan hubungi kami di DM Instagram @telkomsel atau chat di tsel.id/chatva. Semoga membantu. :) -Edo",2025-04-09 14:02:13,
07e3384e-3677-45c4-be0f-e3705a057c80,Fathdry Adhy Putra,https://play-lh.googleusercontent.com/a/ACg8ocI4SPUVz56brOEFuDZVjjo3gb03xd0BKShPshsfFpqkV72to-s=mo,aplikasi loading nya ga beres beres harus uninstall dulu baru bisa tolong di perbaiki,2,0,,2025-04-09 13:38:43,,,
413c4707-9221-48dc-ba79-a2120346134e,Sindi Amaliasari,https://play-lh.googleusercontent.com/a-/ALV-UjWjcFlRv3iqGJtGzA6gUzvbbo2XfshyPwYRMj6-ICAMrX5hQ96c,tidak berfungsi semestinya,1,0,8.7.0,2025-04-09 13:34:30,"Hai Kak Sindi. Mohon maaf untuk ketidaknyamanannya ya, silakan coba cara berikut ya Kak:
1. Clear cache aplikasi
2. Force close aplikasi
lalu coba login kembali, apabila aplikasi MyTelkomsel masih mengalami kendala gak bisa dibuka, silakan hubungi kami melalui DM Instagram @Telkomsel atau hubungi kami di tsel.id/chatva. Semoga membantu. :) -Ken",2025-04-10 10:06:31,8.7.0
4e138bbb-e579-4ef2-be90-7808022f7b67,Ilhamcikal Pradana,https://play-lh.googleusercontent.com/a/ACg8ocLj4gtq2NYPolrg_QV2My_c3dojsTFUZJANwADQckrqX1os3w=mo,jaringan ngelag bos,1,0,8.6.2,2025-04-09 13:32:56,"Hai Kak Ilhamcikal. Mohon maaf untuk ketidaknyamanannya, perihal keluhan akses internet lambat silakan coba restart handphone Kakak. Apabila masih terdapat kendala silakan hubungi kami di DM Instagram @telkomsel atau hubungi kami di tsel.id/chatva. Semoga membantu. :) -Ken",2025-04-10 10:07:23,8.6.2
c8dbaceb-22c3-4624-93c5-b611f6fb2478,-Chahya Levi,https://play-lh.googleusercontent.com/a-/ALV-UjWQKyfoyZkHBCSjWaMhlo8-ogvsTVcO3s4Ds2ScmH3EukyvgQt3,aplikasi terberat,1,0,,2025-04-09 13:31:50,"Hai, Kak Chahya. Mohon maaf untuk ketidaknyamanannya ya, apabila aplikasi MyTelkomsel terlalu berat di handphone Kakak, silakan coba unduh MyTelkomsel Basic. Aplikasi ini sudah tersedia di PlayStore. Apabila masih mengalami kendala, silakan hubungi kami melalui DM Instagram @Telkomsel atau chat di tsel.id/chatva. Semoga membantu. :) -Ken",2025-04-10 10:08:05,
314bb433-c557-43f8-812d-eff3331b69ca,Muhammad Rizaldi,https://play-lh.googleusercontent.com/a-/ALV-UjX-_x0uOFFDNTI4yxphIRiOOpgJg3ZS3wQ0rnXB5bl8cQl7-37a,Lama banget loading buat cek kuota doang,2,0,8.6.2,2025-04-09 13:29:36,,,8.6.2
74f6b1eb-fb93-4377-8939-3f20d670c0a8,Luthfi Resa,https://play-lh.googleusercontent.com/a-/ALV-UjVJYTMKkjAxWvJ4EDwO605LTGNC1N1PQgPmOl5m7ZT7bOBlAyBT,berat. sering force close,1,0,8.6.2,2025-04-09 13:29:13,"Hai Kak Luthfi. Mohon maaf untuk ketidaknyamanannya, silakan coba login kembali setelah beberapa saat. Apabila aplikasi MyTelkomsel masih force closed, silakan hubungi kami melalui DM Instagram @telkomsel atau hubungi kami di tsel.id/chatva . Semoga membantu :)-Ken",2025-04-10 10:09:08,8.6.2
9c932295-565c-47fe-8ed9-095d548ba1c0,Muh Mufliii,https://play-lh.googleusercontent.com/a/ACg8ocJaQ7mXPfYECK3R3tdaijiAUuF9JceV8xRiBJ4BPuIDJaxhrw=mo,jaringan nyaa mantapp semoga makin lancar,5,0,,2025-04-09 13:25:37,"Hai Kak Mufliii, terima kasih tetap setia menggunakan layanan Telkomsel. Apresiasi dari Kakak sangat berarti bagi kami dalam meningkatkan layanan dan performa Telkomsel. Have a great day :) -Edo",2025-04-09 14:04:01,
d2b66ec7-c530-42e5-9823-2591db855715,Analia Putrinuriziansyah,https://play-lh.googleusercontent.com/a-/ALV-UjU-yE9QXDGNDgFEOfHNLV-V2VWqmHIYPt4nppj0SmtdUp0r5mw,sangattt bagusss,5,0,8.6.2,2025-04-09 13:23:54,"Hai Kak Analia, terima kasih tetap setia menggunakan layanan Telkomsel. Apresiasi dari Kakak sangat berarti bagi kami dalam meningkatkan layanan dan performa MyTelkomsel. Have a great day :) -Edo",2025-04-09 14:04:31,8.6.2
1090e49e-eadb-4d69-8242-f2a6f099eea7,Media Kampung,https://play-lh.googleusercontent.com/a-/ALV-UjXokAYwSEDW7zElkLih1zMt0TRsnSIBkwglpj2wQtWSpwSNcfws,lemot banget aplikasinya parah anj,1,0,8.6.2,2025-04-09 13:23:21,"Hai Kak. Mohon maaf untuk ketidaknyamanannya ya, silakan coba cara berikut ya Kak:
1. Clear cache aplikasi
2. Force close aplikasi
lalu coba login kembali, apabila masih mengalami kendala aplikasi MyTelkomsel lambat, silakan hubungi kami melalui DM Instagram @Telkomsel atau hubungi kami di tsel.id/chatva. Semoga membantu. :) -Ken",2025-04-10 10:10:18,8.6.2
fa5aa8e6-679c-40ea-aa07-5cfa61d18c06,Yunika Sihaloho,https://play-lh.googleusercontent.com/a-/ALV-UjVnzrJ_XAAbVQ2PwJyxOOiajLbuWUIeS7-cWTcoH4He1WJEIQQ3,kenapa tidak ada menu untuk menukarkan poin dalam jumlah banyak sekaligus menjadi kupon undian? cape harus redeem 1 kupon per 1 poin,1,0,8.6.2,2025-04-09 13:20:46,,,8.6.2
7ee08b5e-401b-4956-9244-d1e4ba5da1e2,Johanes Halawa,https://play-lh.googleusercontent.com/a-/ALV-UjXQveqvkPVzqJ3kERA_lZIT6Mj4pflpNo8-TfvO36ccSSlmzG-X,"harga paket mahal"" kemarin kartu banyak promo sekarang enggak nyesel jg pake my Telkomsel",1,0,8.6.2,2025-04-09 13:20:03,"Hai Kak Johanes, silakan akses aplikasi MyTelkomsel untuk mendapatkan lebih banyak pilihan dan penawaran paket datanya ya Kak. Semoga membantu. :) -Edo",2025-04-09 13:54:45,8.6.2
c6018fc0-c912-4124-9ab5-6eded2a7cf9f,Hanung Gustipangestu,https://play-lh.googleusercontent.com/a/ACg8ocJVJCUIJGPGlLUyWHc3VgS_kmoC4X5tZR_DStlhQnmbWI6pAA=mo,"apa ini pemerasan kah? bukak aplikasi my Telkomsel aja habis 100mb lebih padahal gak ngapa"" in dan sinyal dengan berat hati saya katakan sinyalnya kaya sampahhh!!! padahal udah beberapa kali komplain lo masa gak komplainnya gak di dibaca kan kocak",1,21,8.7.0,2025-04-09 13:19:51,,,8.7.0
1b825aed-93ba-4a96-8a24-912319dbe7cd,Lili Agustus,https://play-lh.googleusercontent.com/a-/ALV-UjVcOWj5RTFgPEGkSvZ2rm-bAe3pTiaUrcmT41nDB1U-gADywxo,Bermasalah dengan update data internet yang gak valid atau tidak sesuai yang membuat sulit untuk mengetahui data yang digunakan,1,0,8.6.2,2025-04-09 13:19:35,,,8.6.2
b5c1441f-baba-494f-8e3c-7d755c67eefe,umma lestary,https://play-lh.googleusercontent.com/a/ACg8ocLVQ3C5WWeP7ELBxTAvLPR_1JsP2YjVH-kOv0BP6CBriOp4Kw=mo,"tidak bisa login katanya terjadi kesalahan, uda di ulang juga tetep sama",1,0,,2025-04-09 13:18:43,"Hai Kak Umma, Mohon maaf untuk ketidaknyamanannya ya, silakan coba cara berikut ya Kak:
1. Clear cache aplikasi
2. Force close aplikasi
lalu coba login kembali, apabila masih mengalami kendala, silakan hubungi kami melalui DM Instagram @Telkomsel atau chat di tsel.id/chatva. Semoga membantu. :) -Edo",2025-04-09 13:55:50,
bd8d6a14-8125-4ab2-b084-ac2a05dbebb0,Muhammad Wijaya,https://play-lh.googleusercontent.com/a-/ALV-UjW_TFSL3BJSI2Qm1xl3pHkNn0QmJboYdv6PikWeBpkciz-l1wY,"Ko lemot banget ini aplikasinya, kok gk ada perbaikan, gk kaya awal dulu lancar skrg makin parah, mau buka beli paket aja leleleeeet poooll!!",1,0,8.6.2,2025-04-09 13:16:59,"Hai Kak Wijaya, Mohon maaf untuk ketidaknyamanannya ya, silakan coba cara berikut ya Kak:
1. Clear cache aplikasi
2. Force close aplikasi
lalu coba login kembali, apabila masih mengalami kendala, silakan hubungi kami melalui DM Instagram @Telkomsel atau chat di tsel.id/chatva. Semoga membantu. :) -Edo",2025-04-09 13:56:20,8.6.2
c30032de-a670-48a8-91e8-ac9d7b887b71,Muhamad Kamaludin,https://play-lh.googleusercontent.com/a-/ALV-UjURp0UKj7_2IwQkVeCRsyKDUImSQSWj7fPpQzVAPZUCW_qH4MGJ,sangat membantu pulsa dan kuotanya murah the best,5,0,8.6.2,2025-04-09 13:16:53,"Hai Kak Kamaludin, terima kasih tetap setia menggunakan layanan Telkomsel. Apresiasi dari Kakak sangat berarti bagi kami dalam meningkatkan layanan dan performa MyTelkomsel. Have a great day :) -Edo",2025-04-09 14:05:03,8.6.2
d470d6dd-85cc-4bad-a81b-4ebff3b1261f,HC L,https://play-lh.googleusercontent.com/a/ACg8ocItsgJukTfOLh4OmWdYZE_5F_6dohD7EQNNsIka4_2iXeWm4w=mo,mantap,5,0,8.6.2,2025-04-09 13:13:48,"Hai Kak, terima kasih tetap setia menggunakan layanan Telkomsel. Apresiasi dari Kakak sangat berarti bagi kami dalam meningkatkan layanan dan performa MyTelkomsel. Have a great day :) -Edo",2025-04-09 14:05:24,8.6.2
05db144e-1309-4fad-96a5-107e280a6dd5,Tri Sutrisno,https://play-lh.googleusercontent.com/a/ACg8ocLDdsaaUO6vNb2bjtXNVgd2lRT_x263ym52iezOflNs8Rl3aQ=mo,sangat membantu utk melihat sisa kuota,5,0,8.6.2,2025-04-09 13:12:24,,,8.6.2
300aa9e9-3c58-436e-90e4-e71d624a4f4a,Globe Heart,https://play-lh.googleusercontent.com/a-/ALV-UjW7ZMUnCTYuh2EUT6vejRZZGWoQ26Jmd19vQEdpV3jwT_2XeMc,ok,5,0,,2025-04-09 13:12:18,,,
3949dbb8-869a-4548-88e3-364ff4a60e27,Padli Sabani,https://play-lh.googleusercontent.com/a-/ALV-UjVNdEn4Re51eHItG6cBt6tCfsEpSQsvfn9ppHe1K6Gple5W65Wv,"Saya mau komplain kok aplikasi nya makin kesini makin lemot ya saya padahal cuma pengen cek kuota pake aplikasi nya pas di beranda lemot parah mau beli paket aja gabisa , padhal jaringan internet ku lancar , tolong di perbaiki bug nya pihak telkontod Gedeg bat gua pnte",1,0,7.0.0,2025-04-09 13:09:59,"Hai Kak Padli, Mohon maaf untuk ketidaknyamanannya ya, silakan coba cara berikut ya Kak:
1. Clear cache aplikasi
2. Force close aplikasi
lalu coba login kembali, apabila masih mengalami kendala, silakan hubungi kami melalui DM Instagram @Telkomsel atau chat di tsel.id/chatva. Semoga membantu. :) -Edo",2025-04-09 13:56:54,7.0.0
73cab3a5-a87e-4ad9-8b76-1817752292b4,Ahmad Dafikurniawan,https://play-lh.googleusercontent.com/a/ACg8ocKjVSoM6hnHwt2OCbg6aDsCWrXPmO4qnTITMUiq3vihbzezHg=mo,Aplikasi nya bagus,4,0,,2025-04-09 13:06:59,"Hai Kak Ahmad, terima kasih. Tetap pakai aplikasi MyTelkomsel ya 😊 -Sekar",2025-04-10 06:25:01,
d1be99a7-7702-45ae-b2cf-7a8898bc3da5,Aditya Punto,https://play-lh.googleusercontent.com/a/ACg8ocKSQyFQPjCZZ5XCbOWwTl2UcpY7cF51xz25S988jaF_sXLxj0w=mo,"nggak tau error apa nge bug, nge cek kuota aja nggak bisa",1,0,8.7.0,2025-04-09 13:05:28,"Hai Kak Aditya, Mohon maaf untuk ketidaknyamanannya ya, silakan coba cara berikut ya Kak:
1. Clear cache aplikasi
2. Force close aplikasi
lalu coba login kembali, apabila masih mengalami kendala, silakan hubungi kami melalui DM Instagram @Telkomsel atau chat di tsel.id/chatva. Semoga membantu. :) -Edo",2025-04-09 13:58:30,8.7.0
759e15f4-fece-4305-b2cd-936bf448d8ec,Semuel Cary,https://play-lh.googleusercontent.com/a-/ALV-UjXtqLUqAbt2ZWzT_wGfRXy0oe1FV-wv4a-R0MaU55oYA1Qvr2e5pQ,"harga paling mahal di Papua, tapi kualitas sinyal & aplikasi jelek. monopoli harga",1,0,8.6.2,2025-04-09 13:01:54,"Hai Kak Semuel, Mohon maaf untuk ketidaknyamanannya ya, silakan coba cara berikut ya Kak:
1. Clear cache aplikasi
2. Force close aplikasi
lalu coba login kembali, untuk kendala sinyal silakan coba restart handphone kakak. Apabila masih berkendala silakan hubungi kami di DM Instagram @telkomsel atau chat di tsel.id/chatva. Semoga membantu. :) -Edo",2025-04-09 13:45:39,8.6.2
13f89e15-c7ab-4222-9521-39c30d709c3e,pixel home Studio,https://play-lh.googleusercontent.com/a-/ALV-UjVm4OJxlD-hJBr2XsROupFZtMIEcmOFlKIUcQgcm0H2ditFy8Fn,aplikasi ngeleg trus ga ada perbaikan,1,0,8.6.2,2025-04-09 12:58:49,"Hai Kak, Mohon maaf untuk ketidaknyamanannya ya, silakan coba cara berikut ya Kak:
1. Clear cache aplikasi
2. Force close aplikasi
lalu coba login kembali, apabila masih mengalami kendala, silakan hubungi kami melalui DM Instagram @Telkomsel atau chat di tsel.id/chatva. Semoga membantu. :) -Edo",2025-04-09 13:46:30,8.6.2
ea64cba0-a863-4bc4-aed3-39ccd27acc86,Tea Jus,https://play-lh.googleusercontent.com/a/ACg8ocJ8boWJL32lFneIR21wQ0My0jQDImj8vzD2Oqbgprva4uMrrw=mo,kartu apa nih lag banget padahal jaringannya udah full,1,0,8.6.2,2025-04-09 12:54:07,"Hai Kak Jus. Mohon maaf untuk ketidaknyamanannya, silakan coba restart handphone Kakak. Apabila masih terdapat kendala silakan hubungi kami di DM Instagram @telkomsel atau chat di tsel.id/chatva. Semoga membantu. :) -Sekar",2024-11-15 01:16:06,8.6.2
2692003f-573f-496d-b05d-f66f0880e8d9,Fajar Nur0101,https://play-lh.googleusercontent.com/a-/ALV-UjUdWcAtDcll8Q7lW0oqoOM5q9zsZcVywHskpNit5kEfrgnSFaw,sering lemot kenapa???? mau liat sisa kuota juga muter terus..tolong di perbaiki lagi ya,5,0,8.6.2,2025-04-09 12:53:50,,,8.6.2
7b22151a-646c-4f3f-92ea-41442f78f219,wenk abiez,https://play-lh.googleusercontent.com/a-/ALV-UjVFmkD3XiJGE_tIOOLT3wqgnVvo39U3r1a0jvTET2qpSlbTphY,aplikasi cacat,1,0,8.6.2,2025-04-09 12:50:03,"Hai Kak Wenk, Mohon maaf untuk ketidaknyamanannya ya, silakan coba cara berikut ya Kak:
1. Clear cache aplikasi
2. Force close aplikasi
lalu coba login kembali, apabila masih mengalami kendala, silakan hubungi kami melalui DM Instagram @Telkomsel atau chat di tsel.id/chatva. Semoga membantu. :) -Edo",2025-04-09 13:51:49,8.6.2
8460dc5c-922c-4872-a0a5-1c409f2a81df,Deny Rahendra,https://play-lh.googleusercontent.com/a-/ALV-UjW_r0RYJMIWJacUqW_MPzEtlkmagS9354RLJ_o7w_WymuRcOfw0,"Internet harga mahal, aplikasi lag, main game pingnya busuk, mending ganti provider",1,0,8.7.0,2025-04-09 12:49:52,"Hai Kak Deny, silakan akses aplikasi MyTelkomsel untuk mendapatkan lebih banyak pilihan dan penawaran paket datanya ya, untuk kendala jaringan silakan coba restart handphone kakak. Apabila masih terdapat kendala silakan hubungi kami di DM Instagram @telkomsel atau chat di tsel.id/chatva. Semoga membantu. :) -Edo",2025-04-09 13:53:58,8.7.0
a0138b6e-a273-452e-b39a-389fc2832a9a,Annisa Fitri,https://play-lh.googleusercontent.com/a-/ALV-UjUu9PBqKa8fPO7C63Z6B9iNHZ8Xq8PLeDSPRSqvkFSJcB-LhkE,"mls karna sering bug lag trs, kuota nya ga muncul",1,0,,2025-04-09 12:44:48,"Hai Kak Annisa, Mohon maaf untuk ketidaknyamanannya ya, silakan coba cara berikut ya Kak:
1. Clear cache aplikasi
2. Force close aplikasi
lalu coba login kembali, apabila masih mengalami kendala, silakan hubungi kami melalui DM Instagram @Telkomsel atau chat di tsel.id/chatva. Semoga membantu. :) -Edo",2025-04-09 14:00:18,
9c151b48-6da4-480e-a3c2-4e55f07f47be,Arif Fauzi,https://play-lh.googleusercontent.com/a-/ALV-UjXeHtCJbUggpHZ15hyEWuSZN0nzLJoUmT4UZ04VJGfmyj6Ozboj,"sekarang telkomsel lemot banget nggak kaya dulu yang slalu lancar, mohon di perbaiki, sinyal telkomsel sekarang bikin emosi doang kalau main game",1,0,8.6.2,2025-04-09 12:43:55,"Hai Kak Arif, Mohon maaf untuk ketidaknyamanannya, silakan coba restart handphone kakak. Apabila masih terdapat kendala silakan hubungi kami di DM Instagram @telkomsel atau chat di tsel.id/chatva. Semoga membantu. :) -Edo",2025-04-09 13:59:41,8.6.2
a374b1d7-eb55-4b09-bff2-5b7f58c90b79,Bebek Sakti,https://play-lh.googleusercontent.com/a/ACg8ocLnECwrM3KHW1Uy04W6ZDA-51B_CXx0XJ08pJJbBar2Mwnv_Q=mo,makin kesini makin jelek,1,0,8.6.2,2025-04-09 12:43:23,Hai Kak. Mohon maaf untuk ketidaknyamanannya. Untuk kendalanya Kakak bisa langsung menghubungi kami di DM Instagram @Telkomsel atau hubungi kami di tsel.id/chatva . Semoga membantu. :) -Ken,2025-04-10 10:13:16,8.6.2
feb81059-63e4-44fb-9f71-39d08624dbfc,tyo doy,https://play-lh.googleusercontent.com/a-/ALV-UjWRx4jcdYM26dloaF91FfnRAWDySMFYpaHs030dkW8mtBNx8Jxzyg,"lemot banget,dulu jaman 2009 emang top,makin kesini kok makin g jelas ini telkomsel",1,0,8.6.2,2025-04-09 12:43:10,"Hai Kak Tyo. Mohon maaf untuk ketidaknyamanannya, perihal keluhan akses internet lambat silakan coba restart handphone Kakak. Apabila masih terdapat kendala silakan hubungi kami di DM Instagram @telkomsel atau hubungi kami di tsel.id/chatva. Semoga membantu. :) -Ken",2025-04-10 10:14:32,8.6.2
d1a56efa-47fe-41b2-acae-3f70bd80d7b0,Kharisma,https://play-lh.googleusercontent.com/a-/ALV-UjXp7pNxjIUkUOJ_HGi0GrMleNRJxJ33_Aw73UPj-qwYXHBqFKj7,kenapa ya sekarang ga ada opsi tukar point jd diamond ml? padahal kumpulin point buat itu..,2,0,8.6.2,2025-04-09 12:42:46,,,8.6.2
21fdd13a-0da8-4279-8907-d3866086145f,Shou Yo,https://play-lh.googleusercontent.com/a/ACg8ocJl8hXrHxicgJHNa4KsMKt6TBdkvuo4miGC63kobx8Lhxh6aQ=mo,"telkomsel pekok. internet pekok, aplikasi pekok. pekok pekok",1,0,,2025-04-09 12:42:42,,,
c86606cb-5ac1-421c-ac11-a84bebd15c41,Kontol Memeks,https://play-lh.googleusercontent.com/a/ACg8ocJHdDPzXf4uOlyXvWrFynm3IrXh4IFuO2B6w79tdIfufALJDQ=mo,agak ngeleg pas check paketnya,1,0,,2025-04-09 12:39:22,"Hai Kak. Mohon maaf untuk ketidaknyamanannya ya, silakan coba cara berikut ya Kak:
1. Clear cache aplikasi
2. Force close aplikasi
lalu coba login kembali, apabila masih mengalami kendala aplikasi MyTelkomsel lambat, silakan hubungi kami melalui DM Instagram @Telkomsel atau hubungi kami di tsel.id/chatva. Semoga membantu. :) -Ken",2025-04-10 10:47:14,
5556d16a-a1ae-476a-b3b5-7b26eb4e5034,Ridwan Riswanto,https://play-lh.googleusercontent.com/a/ACg8ocLX5LsuSbTy0MmCHFzwwVjf1vzGaclb0EpSi9cKRXsacHXbeQ=mo,SUMPAH APLIKASI LEMOT BGT,2,0,8.6.2,2025-04-09 12:38:30,,,8.6.2
21c7c886-6242-4a9d-ad4f-349e458cd9e3,Winda Lestari Lestari,https://play-lh.googleusercontent.com/a-/ALV-UjXCOTLhelxkqMfcpuTG5MOdTexTQyA7YBUy1G4AGig1CoPOygl1,lemot banget sumpah,3,0,8.6.2,2025-04-09 12:37:57,,,8.6.2
be5dd4d3-3d42-488d-8273-406d6b6d1f37,Elsa Wahyu Pamungkas,https://play-lh.googleusercontent.com/a-/ALV-UjW5RnY3zInD70v75jxvyujSgeeui-BrhKqQ1Xt6nmzH4WkAESX3,semakin lama pengguna semakin besar pula biaya pembelian paket data internet dan tidak lagi mendapatkan promo paket internet dengan harga seperti pengguna baru nomor telkomsel mohon diperhatikan terimakasih,1,0,8.7.0,2025-04-09 12:37:40,,,8.7.0
40979e5d-512b-43d5-8b3b-fd432eb78b1c,Irfan Hidayat,https://play-lh.googleusercontent.com/a/ACg8ocJj7oEsm3efcVEeHKPulSo_l_Xw0wFEmL8rE_q45Ua7SKIwiQ=mo,makin kesini makin jelek jaringan nya parah tolong di perbaiki lagi,2,0,8.7.0,2025-04-09 12:37:39,,,8.7.0
f7ec652e-47e4-4067-9e3e-af613e8ead46,Muhamad Rafi Naufal,https://play-lh.googleusercontent.com/a-/ALV-UjUVPoxD1bhhgC_iDDmUxz5dWDvcmPAj5LqFm1cRuoMfhuqof3g,lemot,1,0,8.7.0,2025-04-09 12:33:01,"Hai Kak Rafi. Mohon maaf untuk ketidaknyamanannya ya, silakan coba cara berikut ya Kak:
1. Clear cache aplikasi
2. Force close aplikasi
lalu coba login kembali, apabila masih mengalami kendala aplikasi MyTelkomsel lambat, silakan hubungi kami melalui DM Instagram @Telkomsel atau hubungi kami di tsel.id/chatva. Semoga membantu. :) -Ken",2025-04-10 10:50:02,8.7.0
58a606db-8702-4cf1-932e-8e7df988536a,Jwhr Slla,https://play-lh.googleusercontent.com/a-/ALV-UjVxIWWbZyFLEauLI9nW2Bnc4udSKys7hdTTDguMTmfEzW864hg,"gak jelas, makin hari harga Kouta makin mahal, sia2 saja setia pakai kartu Telkomsel 👎👎👎",1,0,,2025-04-09 12:32:54,"Hai, Kak. Maaf banget ya. Mengenai keluhan pulsa berkurang, yuk hubungi Mimin melalui akun Instagram @telkomsel atau Email cs@telkomsel.com agar dibantu lebih lanjut. Mimin tunggu ya Kak. Makasih :) -Alma",2024-09-19 00:48:43,
98f9fb23-4b94-4574-b677-c5c2c027328c,Muhammad Alfadhil,https://play-lh.googleusercontent.com/a-/ALV-UjXAM4Qt1ntj1Gv0hjCpwTp4kVrOf-DE8SpVKyZ0RBU-DkjMDsWQ,Woy banyakin diskon dong!!!!!¡!!!!!!¡!!!!!!!¡!!!!!¡!!!!!!!!!!!!!!!!!!!!!!!!!!!!!!!!!!!!!!!!!!!!!!!!!,5,0,8.6.2,2025-04-09 12:29:44,,,8.6.2
cea7dd2c-87d0-40bc-aa8c-f66dc4efdb89,Paknurjitu 79,https://play-lh.googleusercontent.com/a/ACg8ocKnm_uwlJnZym1yr5Q8jZsMN9j7UR4rgPdxskm_MrLs53_Dow=mo,tau gak knapa tsel makin mendancokan saya udah pake dari awal punya hp pake Telkomsel semakin lama bukan semakin asik dari jaringan dan paket tapi malah makin jelek sinyal dan paket mencekek mahal lihat saja paketan semakin banyak dan sering isi tawaran paket semakin mahal andai nomer Telkomsel saya ini tidak terhubung dgn wa kluarga dan saudara serta group kerja serius sudah tak buang kartu saya ini mohon Telkomsel perbaiki jaringan dan murahkan pulsa paket data internet nya..,1,0,,2025-04-09 12:29:16,,,
983900ee-cc67-4569-8d6f-3ac111f888bc,Faiz Nur rohim,https://play-lh.googleusercontent.com/a/ACg8ocJFJTzMAbIPDvMb7kkupbU9uARVK7rXnWQ0N9ConQO_HTdskg=mo,bugnya di perbaiki lahhh masa sinyal full 4G masih ngelek padahal baru beli kan paketan ni,1,0,8.6.2,2025-04-09 12:28:09,,,8.6.2
13416851-b392-4138-bce6-650e35aa60ca,JanSs Purba,https://play-lh.googleusercontent.com/a/ACg8ocLcAJm4z500N-sxPAvsGBjqNGGkq53rcupg7IKp0L1bGpml8G0=mo,pas malam jaringan kek bin**ang,1,0,8.7.0,2025-04-09 12:26:19,"Hai Kak. Mohon maaf untuk ketidaknyamanannya, untuk kendala jaringan lemah/gak stabil silakan coba restart handphone Kakak. Apabila masih terdapat kendala silakan hubungi kami di DM Instagram @telkomsel atau hubungi kami di tsel.id/chatva. Semoga membantu. :) -Ken",2025-04-10 11:27:51,8.7.0
2059dabe-e44a-4630-b65e-cb2d642b1957,Eko Purwanto,https://play-lh.googleusercontent.com/a-/ALV-UjWRiq1vxECZi_oO3dOG3-FW7NiPPuMQ1TjYNdYfZQ3N3AQx_3c,Ok,4,0,8.6.2,2025-04-09 12:25:18,"Hai, Kak Purwanto. Makasih ya atas review yang diberikan. Kami sangat mengapresiasi hal tersebut demi peningkatan kualitas produk dan layanan Telkomsel kedepannya. Have a nice day Kak :) -Sekar",2023-10-17 23:08:54,8.6.2
7ad9b94a-2e17-4246-b584-09d0ddaf70cc,Nur Assalmi,https://play-lh.googleusercontent.com/a-/ALV-UjVDT2nmbq5TZ00AB2qNoJGASKPfd_u3dKB1ESb6I1ZQiMRic6Rc,jaringan telkomsel kenapa sih.. lelet bngt biasanya kencang smpe k luar kota pun jaringan telkomsel ny bagus...tp akhir2 ney jngn kn d luar kota...di dlm kota aj lelet pake bngt,3,0,7.2.0,2025-04-09 12:19:56,,,7.2.0
f7faed84-d1a2-4787-98b6-5f4799d2dc8c,DIKI MURDAYAT,https://play-lh.googleusercontent.com/a-/ALV-UjWx-GVlpuJMTgzyuYMlb23aQNVErqg5FQY6kkMBE5srkc3w6JQ,mantap,5,0,8.6.2,2025-04-09 12:19:41,"Hai Kak Diki, terima kasih tetap setia menggunakan layanan Telkomsel. Apresiasi dari Kakak sangat berarti bagi kami dalam meningkatkan layanan dan performa MyTelkomsel. Have a great day :) -Edo",2025-04-09 13:34:53,8.6.2
8fa712d1-e8f2-41b0-8e47-d187c5c095f2,kadal gurun,https://play-lh.googleusercontent.com/a-/ALV-UjXRJQ7wl0F6SrApXXuOVHUeRoSpicVhOq3wkjGVMTgRHJCAqXc,"aplikasi berat banget,sinyal sering melemah!",1,0,8.7.0,2025-04-09 12:18:17,,,8.7.0
6255f2ec-7563-4f63-9d69-8f65501c8600,Ilham Atmaja,https://play-lh.googleusercontent.com/a-/ALV-UjUiYyIuSCC-XwPGfkndwHyca0pwinKNT0fqXjvKiAF810B0_-M,lebih mudah,4,0,8.7.0,2025-04-09 12:18:12,"Hai Kak Ilham, terima kasih. Tetap pakai aplikasi MyTelkomsel ya 😊 -Sekar",2025-04-10 06:25:13,8.7.0
67c3bdd3-3dc4-4a73-84dd-057fc0fcddd4,Bayu R satrio,https://play-lh.googleusercontent.com/a/ACg8ocInJ5asK5zEH9D1XjFSkbK876vYSKL40FHz-cZXhekhX_Llxg=mo,bagus,5,0,,2025-04-09 12:17:27,"Hai Kak Bayu, terima kasih tetap setia menggunakan layanan Telkomsel. Apresiasi dari Kakak sangat berarti bagi kami dalam meningkatkan layanan dan performa MyTelkomsel. Have a great day :) -Edo",2025-04-09 13:01:38,
616ddfe0-cacb-4284-888f-32a59bfa5979,TiTiK,https://play-lh.googleusercontent.com/a/ACg8ocIaPx3zpTh_9kRLaM1q6yw_cbTWDOD4jgdIGKdXzeDn3A6TpQ=mo,"ga lagi-lagi aku beli paket telkom . lemot kadang malah ga bisa di pakek , nonton resolusi ter burik pun ga bisa , PARAH ASLI PARAH",1,1,8.6.2,2025-04-09 12:14:26,"Hai Kak Titik, Mohon maaf untuk ketidaknyamanannya, silakan coba restart handphone kakak. Apabila masih terdapat kendala silakan hubungi kami di DM Instagram @telkomsel atau chat di tsel.id/chatva. Semoga membantu. :) -Edo",2025-04-09 12:26:01,8.6.2
7409454f-f26c-4846-9c5c-8b03e710153c,Eko Budianto,https://play-lh.googleusercontent.com/a/ACg8ocIsh9OnLjKWEKgTnina6ckF1qG5HgR2g_KqNZiEp-PRaBeygQ=mo,paket elit kualitas sulit..,3,0,8.6.2,2025-04-09 12:11:39,,,8.6.2
39453132-5a63-414a-b003-e01f3f11025c,Ahmad Yudhi Setyadi (Yudi),https://play-lh.googleusercontent.com/a-/ALV-UjUcG_vYU9-Pe9qk44Jc-kQ7by70M-fD8XprjuUbRu11I8jMxLU6,"aplikasi ga berfungsi, udah clear cache tetep aja ga bisa login",1,0,8.7.0,2025-04-09 12:10:33,"Hai Kak Ahmad, Mohon maaf untuk ketidaknyamanannya ya, silakan coba cara berikut ya Kak:
1. Clear cache aplikasi
2. Force close aplikasi
lalu coba login kembali, apabila masih mengalami kendala, silakan hubungi kami melalui DM Instagram @Telkomsel atau chat di tsel.id/chatva. Semoga membantu. :) -Edo",2025-04-09 12:27:06,8.7.0
e123d53f-a040-4ffb-a99f-7256b866a8d2,Reynar Fernanda,https://play-lh.googleusercontent.com/a-/ALV-UjUyUqsyoBCq5OYBfkn8_6nsMA6dCSEZzpC40ALMRZl_cLk00MY,"Sinyalnya lumayan lemot di beberapa tempat dan jaringannya sering hilang tiba tiba,tapi sudah mumpuni di banyak tempat",4,0,8.7.0,2025-04-09 12:05:18,"Hai, Kak Reynar . Maaf ya :( Mengenai keluhan jaringan yang menyebabkan akses data lambat, agar dapat mimin bantu lebih optimal, yuk hubungi mimin melalui akun Twitter @Telkomsel , Instagram @telkomsel , atau email cs@telkomsel.com. Mimin tunggu ya Kak . Makasih :) -Dan",2023-04-06 12:13:11,8.7.0
e65bb96e-d23d-4ab9-8961-652766e9b820,Andrezal,https://play-lh.googleusercontent.com/a-/ALV-UjUiqsJiomXZBZcpCpiNwUcGBwsSlbOfPtPUGfGmdbYfvvvHxEs,hp saya sudah gak bisa pakai apk ini,1,0,,2025-04-09 12:01:48,"Hai Kak Andrezal, Mohon maaf untuk ketidaknyamanannya ya, silakan coba cara berikut ya Kak:
1. Clear cache aplikasi
2. Force close aplikasi
lalu coba login kembali, apabila masih mengalami kendala, silakan hubungi kami melalui DM Instagram @Telkomsel atau chat di tsel.id/chatva. Semoga membantu. :) -Edo",2025-04-09 12:27:32,
6dc35193-3356-479f-8bfb-ec8cde4c4fca,Muslim Mbo122,https://play-lh.googleusercontent.com/a/ACg8ocIhsHHSFCNyNmmN7IKDL_MoZVWs8rcm_DkP_f9o2-ROslvv4Aw=mo,buruk semuanya,1,0,8.6.2,2025-04-09 12:00:35,"Hai Kak Muslim, Mohon maaf untuk ketidaknyamanannya, karena kami memerlukan informasi lebih lanjut untuk membantu kakak, silakan hubungi kami di DM Instagram @telkomsel atau chat di tsel.id/chatva. Semoga membantu. :) -Edo",2025-04-09 12:28:18,8.6.2
68d4874d-cc6c-4a5b-b1ca-df103b6b3476,Hendi Syaputra,https://play-lh.googleusercontent.com/a/ACg8ocL83nD3tczcnA-lFDgRaPqdQ7039afxyHMeHXbjvIcgljbqzA=mo,kurang bagus kalau cek kuota gak bisa terus,1,0,8.7.0,2025-04-09 11:59:49,"Hai Kak Hendi, Mohon maaf untuk ketidaknyamanannya ya, silakan coba cara berikut ya Kak:
1. Clear cache aplikasi
2. Force close aplikasi
lalu coba login kembali, apabila masih mengalami kendala, silakan hubungi kami melalui DM Instagram @Telkomsel atau chat di tsel.id/chatva. Semoga membantu. :) -Edo",2025-04-09 12:29:10,8.7.0
e3ec6132-6f4a-4b5e-9049-3bd4725b477f,Surya Dinata,https://play-lh.googleusercontent.com/a-/ALV-UjXYDbNtBClK0S5VKfm6-0hyw7UNnHE9iUoD4O-UZrkU4t67daDV,Telkomsel paket makin mahal sinyal makin lelet..,1,0,8.6.2,2025-04-09 11:58:48,"Hai Kak Surya, silakan akses aplikasi MyTelkomsel untuk mendapatkan lebih banyak pilihan dan penawaran paket datanya ya, untuk kendala sinyal silakan coba restart handphone kakak. Apabila masih terdapat kendala silakan hubungi kami di DM Instagram @telkomsel atau chat di tsel.id/chatva. Semoga membantu. :) -Edo",2025-04-09 12:30:20,8.6.2
def9d357-3b62-4139-b4b1-0ee383941511,Dafit Bachtiar,https://play-lh.googleusercontent.com/a/ACg8ocKVcjWohXawsqBKUo23bwBl1ecoz4dG3rNasfoZ7M5AQqB4cg=mo,tolong dong ini gimna MyTelkomsel setelah kejadian bug mau beli kuota 80 gb 100k padahal yg dipencet udh bener malah yg ke beli 10 gb 100k. sekrng sy udh isi pulsa 100 rb tapi gak masuk juga di aplikasi padahal notif SMS pulsa masuk sdh ada. melayang 200k sia2.,1,1,8.7.0,2025-04-09 11:58:04,,,8.7.0
1e101108-c7ec-4dd4-80f8-0d6c7fabf745,Didi Rusdi,https://play-lh.googleusercontent.com/a/ACg8ocJPgMKkoCnyzfy19rZpALqSZE_qjQSzagzz2IUpVPt9IIxQYY8=mo,aplikasi berattttt super lelet,1,0,8.4.2,2025-04-09 11:57:24,"Hai Kak Didi, Mohon maaf untuk ketidaknyamanannya ya, silakan coba cara berikut ya Kak:
1. Clear cache aplikasi
2. Force close aplikasi
lalu coba login kembali, apabila masih mengalami kendala, silakan hubungi kami melalui DM Instagram @Telkomsel atau chat di tsel.id/chatva. Semoga membantu. :) -Edo",2025-04-09 12:31:01,8.4.2
f897f1d6-4004-4027-be6b-e3604a7eca00,Abdul Novian,https://play-lh.googleusercontent.com/a/ACg8ocJvkKiAwBFaGHMwdW3qbSDxGU13pAQ9fsz_wxEjwhcid2o1NvhW=mo,Pelayannya sangat ramah. Jika ada kendala tinggal dm di instagram nya..mantap,5,0,8.7.0,2025-04-09 11:53:25,"Hai Kak Abdul, terima kasih tetap setia menggunakan layanan Telkomsel. Apresiasi dari Kakak sangat berarti bagi kami dalam meningkatkan layanan dan performa Telkomsel. Have a great day :) -Edo",2025-04-09 13:03:45,8.7.0
4e3e8528-91c4-4437-aeff-5ac42dac3a27,Aswar Hayata,https://play-lh.googleusercontent.com/a/ACg8ocIoCLk6KoALrIDVn0VPqA1xQcfNOfd4TjCnu59iQVNElRFbtQ=mo,apk paling lemot,1,0,8.7.0,2025-04-09 11:51:14,"Hai Kak Aswar, Mohon maaf untuk ketidaknyamanannya ya, silakan coba cara berikut ya Kak:
1. Clear cache aplikasi
2. Force close aplikasi
lalu coba login kembali, apabila masih mengalami kendala, silakan hubungi kami melalui DM Instagram @Telkomsel atau chat di tsel.id/chatva. Semoga membantu. :) -Edo",2025-04-09 12:31:32,8.7.0
bb98218e-e62d-4bc6-90e0-c01cbcafbb12,Miko Defri,https://play-lh.googleusercontent.com/a-/ALV-UjXwGTSb950GjPtwQNzv06Stp7FNxacp301K7NFTyHKNB4AYG0c,kok makin kenceng kali ya telkomesel sakrang ya,1,0,,2025-04-09 11:50:32,,,
a48680ca-7d27-400d-8080-80805f8d62d3,Dita Aristi,https://play-lh.googleusercontent.com/a-/ALV-UjWbTqScFnFhs-VEc3cSr-6hz-35HEd6U5TyNRKIObO054X6exg,APLIKASI YANG SANGAT BURUK,1,0,8.6.2,2025-04-09 11:49:03,"Hai Kak Dita, Mohon maaf untuk ketidaknyamanannya ya, silakan coba cara berikut ya Kak:
1. Clear cache aplikasi
2. Force close aplikasi
lalu coba login kembali, apabila masih mengalami kendala, silakan hubungi kami melalui DM Instagram @Telkomsel atau chat di tsel.id/chatva. Semoga membantu. :) -Edo",2025-04-09 12:49:25,8.6.2
e1cca44b-1319-46e8-aa01-57b11d4bef08,Kendho 99,https://play-lh.googleusercontent.com/a/ACg8ocJaze8Wry_l-eyElhX0C7r-tk9-M7VdXkwVv8V3jWaV4SpPQQ=mo,"napa sih ngelag mulu apk nya, biasanya lancar jaya,,bikin males ajaaa dahh",1,0,,2025-04-09 11:48:46,"Hai Kak Kendho, Mohon maaf untuk ketidaknyamanannya ya, silakan coba cara berikut ya Kak:
1. Clear cache aplikasi
2. Force close aplikasi
lalu coba login kembali, apabila masih mengalami kendala, silakan hubungi kami melalui DM Instagram @Telkomsel atau chat di tsel.id/chatva. Semoga membantu. :) -Edo",2025-04-09 12:48:53,
e8c82b82-be06-40b2-8191-cd989c554ece,Faris Dzakwan,https://play-lh.googleusercontent.com/a/ACg8ocJpu7XGyG_gfRqCy1ToGEDSTBN4-4Y5RRUOP1u0_I7iRUSd1A=mo,"udah langganan sejak lama tetep aja jaringan nya bapuk muter terus padahal kuota masih 8GB, hujan petir pun kaga, hidup di tengah kota, masih aja muter terus, besok saya ganti kartu aja.",1,0,8.6.2,2025-04-09 11:46:33,"Hai Kak Faris, Mohon maaf untuk ketidaknyamanannya, silakan coba restart handphone kakak. Apabila masih terdapat kendala silakan hubungi kami di DM Instagram @telkomsel atau chat di tsel.id/chatva. Semoga membantu. :) -Edo",2025-04-09 12:48:04,8.6.2
b0f0be80-4b90-416d-b38d-6e77c401742b,Mater Tika,https://play-lh.googleusercontent.com/a-/ALV-UjW3pK3914HsRH-MC8lHHnQE0ai15ia5HSmydicRoAJKKNgIQq0,"tambahin kuota bulanan yang murah dong misalkan 20gb (internet 3g 10gb, internet 4g 10gb) 55k rupiah. terlalu mahal semuanya saya beli yang paket bulanan 120k an 55gb, sayangnya kebuang 25gb karena jangka waktu udh habis (kuota sisa kebuang cuma2).",3,0,,2025-04-09 11:45:48,,,
336af7ce-8126-4284-9268-dcf6ddcaa821,Mat Memble,https://play-lh.googleusercontent.com/a-/ALV-UjVsRpIp6aaokeApVHmdeKGMblz5fujLvGOoTLJxybQlX9sAelBn,makin lama bukannya makin canggih tapi ngelag terus,1,0,8.6.2,2025-04-09 11:45:15,"Hai Kak Mat, Mohon maaf untuk ketidaknyamanannya ya, silakan coba cara berikut ya Kak:
1. Clear cache aplikasi
2. Force close aplikasi
lalu coba login kembali, untuk kendala sinyal silakan coba restart handphone kakak. Apabila masih berkendala silakan hubungi kami di DM Instagram @telkomsel atau chat di tsel.id/chatva. Semoga membantu. :) -Edo",2025-04-09 12:47:15,8.6.2
f5eed5b3-1c34-4d5f-964f-a855d5e273e8,Yudi Permana,https://play-lh.googleusercontent.com/a-/ALV-UjU0rYFz6Bpps1dNthE9vYRk3wV4at33hTrnhHYUpMsXmTQW48LX,aplikasi lemot,1,0,8.7.0,2025-04-09 11:44:09,"Hai Kak Yudi, Mohon maaf untuk ketidaknyamanannya ya, silakan coba cara berikut ya Kak:
1. Clear cache aplikasi
2. Force close aplikasi
lalu coba login kembali, apabila masih mengalami kendala, silakan hubungi kami melalui DM Instagram @Telkomsel atau chat di tsel.id/chatva. Semoga membantu. :) -Edo",2025-04-09 12:44:47,8.7.0
c05f1fe5-4eb2-495b-8a45-0eba6222541e,Ramdan Dan,https://play-lh.googleusercontent.com/a/ACg8ocJmue04DxKwOGXyrEuLEga1Nuhs3SMg2j_Fi-uEI-gm9yFDIw=mo,my telkomsel slalu ngeleg,1,0,,2025-04-09 11:43:40,"Hai Kak Ramdan, Mohon maaf untuk ketidaknyamanannya ya, silakan coba cara berikut ya Kak:
1. Clear cache aplikasi
2. Force close aplikasi
lalu coba login kembali, apabila masih mengalami kendala, silakan hubungi kami melalui DM Instagram @Telkomsel atau chat di tsel.id/chatva. Semoga membantu. :) -Edo",2025-04-09 12:44:20,
5ba1ae49-56e3-41e5-8820-f4b5b8446220,Dede Kodel,https://play-lh.googleusercontent.com/a/ACg8ocKh9SlNLuoNuaSEJ4WyVkVAFXFvAxCgOxjdQwHKhToRzglm2g=mo,mantap,5,0,8.1.0,2025-04-09 11:40:23,"Hai Kak Dede, terima kasih tetap setia menggunakan layanan Telkomsel. Apresiasi dari Kakak sangat berarti bagi kami dalam meningkatkan layanan dan performa MyTelkomsel. Have a great day :) -Edo",2025-04-09 13:35:49,8.1.0
f9c9d9cd-f2b0-4279-89e8-eef63566012f,Pengguna Google,https://play-lh.googleusercontent.com/EGemoI2NTXmTsBVtJqk8jxF9rh8ApRWfsIMQSt2uE4OcpQqbFu7f7NbTK05lx80nuSijCz7sc3a277R67g,"SINYAL SUSAH, BUKA APLIKASI LEMOT -100 BINTANG",1,0,8.6.2,2025-04-09 11:38:32,"Hai Kak, Mohon maaf untuk ketidaknyamanannya ya, silakan coba cara berikut ya Kak:
1. Clear cache aplikasi
2. Force close aplikasi
lalu coba login kembali, untuk kendala sinyal silakan coba restart handphone kakak. Apabila masih berkendala silakan hubungi kami di DM Instagram @telkomsel atau chat di tsel.id/chatva. Semoga membantu. :) -Edo",2025-04-09 13:06:49,8.6.2
8a834f8d-8f81-4c3b-91f0-daf0b2d535a8,Heru Kanza,https://play-lh.googleusercontent.com/a/ACg8ocIr61j5ELSJMEBy0V3j3MhgAfDmfLWKWrFZWSP6_3yeATnrtQ=mo,boros banget kartu liat vidio bentar doang,1,0,8.6.2,2025-04-09 11:37:59,,,8.6.2
d123071d-7837-459f-84d0-5bcc593657c5,farel Nugraha,https://play-lh.googleusercontent.com/a/ACg8ocJjxo8vYF3tWYgH7XQjYL9M3sEozCu5vDxM9HRwGa_PBZ0F=mo,bagus 35GB 43GB 🤩🤩🤩,5,0,8.6.2,2025-04-09 11:37:19,"Hai Kak Farel, terima kasih tetap setia menggunakan layanan Telkomsel. Apresiasi dari Kakak sangat berarti bagi kami dalam meningkatkan layanan dan performa MyTelkomsel. Have a great day :) -Edo",2025-04-09 13:36:18,8.6.2
911fd3a6-255c-4ba5-a7c7-b60f1d125cbc,Ciebob Milanistilovers,https://play-lh.googleusercontent.com/a-/ALV-UjUNKXO7Pzjl66UtNj6_C3LYiZRbqxXUY8_rjiXmhE_XhWNHG51F,"Aplikasi aneh internet udah pakai kartunya, tapi aplikasi muter terus. di update udah masih sama jg. percuma instal aplikasi klw ngga berguna.",1,0,8.7.0,2025-04-09 11:37:18,"Hai Kak Ciebob, Mohon maaf untuk ketidaknyamanannya ya, silakan coba cara berikut ya Kak:
1. Clear cache aplikasi
2. Force close aplikasi
lalu coba login kembali, apabila masih mengalami kendala, silakan hubungi kami melalui DM Instagram @Telkomsel atau chat di tsel.id/chatva. Semoga membantu. :) -Edo",2025-04-09 12:32:56,8.7.0
e570b2ce-048b-4af4-918b-2dcb756a9aa6,Bayu Sakti,https://play-lh.googleusercontent.com/a-/ALV-UjXOSs4AmEtcLyDpOfQEul5x4XTcJ3e5oYDN7VkzcXluA6DEUfs,mau beli paket gangguan terus,1,0,8.7.0,2025-04-09 11:34:30,"Hai Kak Bayu, Mohon maaf untuk ketidaknyamanannya ya, silakan coba cara berikut ya Kak:
1. Clear cache aplikasi
2. Force close aplikasi
lalu coba login kembali, apabila masih mengalami kendala, silakan hubungi kami melalui DM Instagram @Telkomsel atau chat di tsel.id/chatva. Semoga membantu. :) -Edo",2025-04-09 12:32:17,8.7.0
18055386-bd91-4465-a4f5-7d68dd5521b8,Jarenson Damanik,https://play-lh.googleusercontent.com/a-/ALV-UjWnRRAXOSrBEfIRg32mRiXiPPfRh_JypI6uUBeiiZXpdppsL-A,kak tanda sinyal kartu saya kenapa tidak muncul ya? padahal paket saya masih ada,3,0,8.6.2,2025-04-09 11:31:29,,,8.6.2
dcaafb86-c635-4abb-9ebc-1d69e8f45221,nursasi sopyan,https://play-lh.googleusercontent.com/a-/ALV-UjUb2GsII2FoARn9K3BCtXTUVJcXlN5a1s4Fmuxf9MJJP5yuRFkY,belakangan ini Telkomsel sering bikin emosi...ngelag.... katanya 4g tp seperti 3g....kalau ga ada perbaikan bisa2 orang2 akan beralih ke operator lain,1,0,7.2.0,2025-04-09 11:31:01,"Hai Kak Nursasi, Mohon maaf untuk ketidaknyamanannya, silakan coba restart handphone kakak. Apabila masih terdapat kendala silakan hubungi kami di DM Instagram @telkomsel atau chat di tsel.id/chatva. Semoga membantu. :) -Edo",2025-04-09 11:43:22,7.2.0
ac942c79-9e04-46d0-a7b3-9fd2e8ce55bb,Dessy Astuti,https://play-lh.googleusercontent.com/a/ACg8ocJ3M5acmJEg7uhJ-5BnSMWY5jPD_RFbbwFEa0X-WTQXpj2-6Q=mo,"sering Copot pasang, data ga kebaca, mana pake halo harus bayar tagihan nge lag aja",3,0,,2025-04-09 11:29:01,,,
5bf36963-7237-4875-8e2c-07c1dc7c6145,RAI 21,https://play-lh.googleusercontent.com/a-/ALV-UjXkcEkvBCpduF6R5i0RlF5wFwgNckebMG6LwFaWCiU1YqDpk-Nw,aplikasi banyak bug tolong lah sewa programer buat ni app susah amat banyak bug di apus chace dia apus data tetep error,1,0,,2025-04-09 11:26:49,"Hai Kak Rai, Mohon maaf untuk ketidaknyamanannya ya, silakan coba cara berikut ya Kak:
1. Clear cache aplikasi
2. Force close aplikasi
lalu coba login kembali, apabila masih mengalami kendala, silakan hubungi kami melalui DM Instagram @Telkomsel atau chat di tsel.id/chatva. Semoga membantu. :) -Edo",2025-04-09 11:42:25,
b7136c2d-56f0-468b-a9fd-a80a59dacf3b,Duditt,https://play-lh.googleusercontent.com/a-/ALV-UjVcGciiWr6J0MzfyPAhw89x-pCMeqb0brfqzq24VUCespsObCE,banyak problem,1,0,,2025-04-09 11:25:12,"Hai Kak Duditt, Mohon maaf untuk ketidaknyamanannya ya, silakan coba cara berikut ya Kak:
1. Clear cache aplikasi
2. Force close aplikasi
lalu coba login kembali, apabila masih mengalami kendala, silakan hubungi kami melalui DM Instagram @Telkomsel atau chat di tsel.id/chatva. Semoga membantu. :) -Edo",2025-04-09 11:49:15,
69843e4f-945d-45c7-b5ec-0562a9bcddf1,sailor gaming,https://play-lh.googleusercontent.com/a-/ALV-UjWnaf-1a1JYQGmTGF_U85hsl2jSWygiL7U_JLD8KdkXoNDXvIi5,"kartu telkomsel kartu ngibul beli paket masa aktif gk di perpanjang padahal sudah tertera berapa yang kita beli otomatis di perpanjang, taunya cuma cuan aja.",1,0,7.3.0,2025-04-09 11:25:01,,,7.3.0
ff963829-a9a8-46ef-87ac-ec6b9e9d75fc,Agung Winata putra,https://play-lh.googleusercontent.com/a-/ALV-UjWOTNpRxK7m_mGo1u0PvepR_yspLFd0pPXbNTSPyhZvkmbZHxo,makin lambat,1,0,8.6.2,2025-04-09 11:21:19,"Hai Kak Agung, Mohon maaf untuk ketidaknyamanannya ya, silakan coba cara berikut ya Kak:
1. Clear cache aplikasi
2. Force close aplikasi
lalu coba login kembali, apabila masih mengalami kendala, silakan hubungi kami melalui DM Instagram @Telkomsel atau chat di tsel.id/chatva. Semoga membantu. :) -Edo",2025-04-09 11:40:30,8.6.2
5c7322c9-1777-4f2c-9711-2b9b01c27c0f,Revaldy Syahputra,https://play-lh.googleusercontent.com/a-/ALV-UjVtWWmMWV7t1ZI3CCZQ_z32VPoIoqWx2aurhjGrsAmUgw2yudzx,"CS Telkomsel, tolong cek jaringan untuk wilayah Sumatra Utara, Medan Tembung,bandar setia, jaringan sering error selama saya tinggal di sini sudah 4 kali seperti ini, kurang lebih 1 bulan ini",5,0,,2025-04-09 11:20:49,,,
a92a47e0-168f-40ce-8177-30ab0af1578e,El Tuckik,https://play-lh.googleusercontent.com/a/ACg8ocIyfwKUNHFiyqsEw-sYoEOf4yWfqHH4as-1CjzYpBQaH3fpyg=mo,"aplikasi aneh, berat banget padahal cuma buat cek kuota",1,0,8.7.0,2025-04-09 11:19:09,"Hai Kak Tuckik, Mohon maaf untuk ketidaknyamanannya ya, apabila aplikasi MyTelkomsel terlalu berat di handphone kakak, silakan coba unduh MyTelkomsel Basic. Aplikasi ini sudah tersedia di PlayStore. Apabila masih mengalami kendala, silakan hubungi kami melalui DM Instagram @Telkomsel atau chat di tsel.id/chatva. Semoga membantu. :) -Edo",2025-04-09 11:41:14,8.7.0
ba16e1a5-c6ac-484c-a390-d1bf08248b91,DSN 06,https://play-lh.googleusercontent.com/a/ACg8ocLzs15eQn5zzCucMKiirUFYabSnF8Z99DSniifTiVnKxBFf8g=mo,udah aplikasinya gak jelas di buka susah bukanya di perbaiki malah update mulu,1,0,8.6.2,2025-04-09 11:16:31,"Hai Kak, Mohon maaf untuk ketidaknyamanannya ya, silakan coba cara berikut ya Kak:
1. Clear cache aplikasi
2. Force close aplikasi
lalu coba login kembali, apabila masih mengalami kendala, silakan hubungi kami melalui DM Instagram @Telkomsel atau chat di tsel.id/chatva. Semoga membantu. :) -Edo",2025-04-09 11:46:21,8.6.2
689d8971-06a8-4f2a-a1c0-d15d6e96b94b,Andreas Hermawan,https://play-lh.googleusercontent.com/a/ACg8ocIsx4NQFcNOIVrd1xdHmCVgpcw0Ulwv_8OJjxTpL5IOJ1Yhnw=mo,baru update malah lag gak jelas,1,0,,2025-04-09 11:14:35,"Hai Kak Andreas, Mohon maaf untuk ketidaknyamanannya ya, silakan coba cara berikut ya Kak:
1. Clear cache aplikasi
2. Force close aplikasi
lalu coba login kembali, apabila masih mengalami kendala, silakan hubungi kami melalui DM Instagram @Telkomsel atau chat di tsel.id/chatva. Semoga membantu. :) -Edo",2025-04-09 11:47:30,
c40ee43a-8a2f-4ebf-8c16-88119c3bd54e,andi hie,https://play-lh.googleusercontent.com/a-/ALV-UjWoJR-cPZIzlqXr6A7zgziNdbyWmt2W6koBeJ70m9gVau3QKDpr,"kirim pulsa ke no orang lain, malah masuknya ke no sendiri. kirain salah masuk nomor, ulang lagi ternyata, masih tetap dikirim ke no sendiri. Aplikasi error. parah",1,0,8.7.0,2025-04-09 11:09:02,,,8.7.0
24d9c805-21fc-435e-aad8-781ab7af08c5,Ipan Setia dandi,https://play-lh.googleusercontent.com/a/ACg8ocLLEdEX5qaSMWW2gpZ-2PPVtgyUEiuYrMNN6JLIu5IxJySovw=mo,bagus,5,0,,2025-04-09 11:03:52,"Hai Kak Ipan, terima kasih tetap setia menggunakan layanan Telkomsel. Apresiasi dari Kakak sangat berarti bagi kami dalam meningkatkan layanan dan performa MyTelkomsel. Have a great day :) -Edo",2025-04-09 13:38:03,
16aa117e-a517-443d-a74a-1328ffdadb3e,Abdul Syukur,https://play-lh.googleusercontent.com/a/ACg8ocIXJp60sTiESiQfdsTM0DLZWhaZWrD7zcn2Nu9Wtf_yaLhtUw=mo,bilang aja kalo gak mau kasih reward reward diklaim susah amat kalo emang gak niat mending gak usah deh,1,0,8.7.0,2025-04-09 11:03:26,"Hai Kak Abdul. Mohon maaf untuk ketidaknyamanannya. Untuk kendala fitur tukar Telkomsel Poin gak tersedia, Kakak bisa langsung menghubungi kami di DM Instagram @Telkomsel atau hubungi kami di tsel.id/chatva . Semoga membantu. :) -Ken",2025-02-27 09:05:59,8.7.0
e4cdc147-1714-475f-b7de-47fae5feda99,Ady Saputra,https://play-lh.googleusercontent.com/a/ACg8ocLxdNC7lL6Px-ajfHp4HHPCZgx97ZUCnCS5Mo-Obmq6AUZ5fA=mo,good,5,0,8.6.2,2025-04-09 10:56:24,"Hai Kak Ady, terima kasih tetap setia menggunakan layanan Telkomsel. Apresiasi dari Kakak sangat berarti bagi kami dalam meningkatkan layanan dan performa MyTelkomsel. Have a great day :) -Edo",2025-04-09 13:38:26,8.6.2
384def94-d676-4226-acec-bd2ef772bfea,Fernando Pasaribu,https://play-lh.googleusercontent.com/a/ACg8ocJaVWXGlbFWk-0eikx_efIDukoSKsRVDXeTmVV4ayssN5X9GQ=mo,good,5,0,,2025-04-09 10:55:03,"Hai Kak Fernando, terima kasih tetap setia menggunakan layanan Telkomsel. Apresiasi dari Kakak sangat berarti bagi kami dalam meningkatkan layanan dan performa MyTelkomsel. Have a great day :) -Edo",2025-04-09 13:38:55,
3733d921-a425-4d02-858d-cceb409e2212,ella nuy bella,https://play-lh.googleusercontent.com/a/ACg8ocKi0GOxG2EJHTZH5XHqeQPtF8hr6I1t9ueUIDJyYtWieWtpFw=mo,berat banget,1,0,,2025-04-09 10:54:49,"Hai Kak Ella, Mohon maaf untuk ketidaknyamanannya ya, apabila aplikasi MyTelkomsel terlalu berat di handphone kakak, silakan coba unduh MyTelkomsel Basic. Aplikasi ini sudah tersedia di PlayStore. Apabila masih mengalami kendala, silakan hubungi kami melalui DM Instagram @Telkomsel atau chat di tsel.id/chatva. Semoga membantu. :) -Edo",2025-04-09 12:05:56,
c97c25a8-fb6c-41af-abc5-754ca7846a18,01 Adit Prasetyo Nugroho,https://play-lh.googleusercontent.com/a-/ALV-UjXZy_bgRPuC-Wkksg-9hxcVvrUKenyaonoRSMbi4JMgmG01AAjW,setelah baca komentar ga jadi deh beli kartu telkomsel makasih,1,0,8.6.2,2025-04-09 10:51:51,"Hai Kak Adit, Mohon maaf untuk ketidaknyamanannya, karena kami memerlukan informasi lebih lanjut untuk membantu kakak, silakan hubungi kami di DM Instagram @telkomsel atau chat di tsel.id/chatva. Semoga membantu. :) -Edo",2025-04-09 11:48:28,8.6.2
9e21da60-e5fa-47e3-8eb9-7e3cc36aa520,Andi Ardiansyah,https://play-lh.googleusercontent.com/a-/ALV-UjVfbwLF4CfKxk1Z8XcGgNddVX_OSIT8s5Wi7vupZrXjvIO4u9gWQA,"iya ni Telkomsel sering banget jaringan jelek,, harga aja mahal tapi jaringan kalah sama yg lebih murah, beberapa hari ini aja jaringannya sangat jelek,, perbaiki dong jangan cuma mahalnya doank",1,0,7.2.0,2025-04-09 10:45:03,"Hai Kak Andi silakan akses aplikasi MyTelkomsel untuk mendapatkan lebih banyak pilihan dan penawaran paket datanya ya, untuk kendala jaringan silakan coba restart handphone kakak. Apabila masih terdapat kendala silakan hubungi kami di DM Instagram @telkomsel atau chat di tsel.id/chatva. Semoga membantu. :) -Edo",2025-04-09 11:08:41,7.2.0
af11586c-dc3c-48b0-963f-b19401f514a3,indra adrian,https://play-lh.googleusercontent.com/a-/ALV-UjVEBMZQmqIKKK2XQSsu1iPBRx-ZlesDpwhDOjY6bRDACTikySb8,saya penggun telkomsel lebih dari 10 tahun.jaringan untuk saat ini tidak bagus.internet nya lemot,1,0,8.6.2,2025-04-09 10:42:03,"Hai Kak Indra, Mohon maaf untuk ketidaknyamanannya, silakan coba restart handphone kakak. Apabila masih terdapat kendala silakan hubungi kami di DM Instagram @telkomsel atau chat di tsel.id/chatva. Semoga membantu. :) -Edo",2025-04-09 11:09:36,8.6.2
83b9d610-487f-42e6-92f1-7b2df49437d1,Fikri,https://play-lh.googleusercontent.com/a/ACg8ocIy2E5fF3HzPINZOa4LmKY9xZSgKFy3oeg_3fIiw02jKjhnSg=mo,jaringan jelek🤮,1,0,8.7.0,2025-04-09 10:37:56,"Hai Kak Fikri, Mohon maaf untuk ketidaknyamanannya, silakan coba restart handphone kakak. Apabila masih terdapat kendala silakan hubungi kami di DM Instagram @telkomsel atau chat di tsel.id/chatva. Semoga membantu. :) -Edo",2025-04-09 11:10:25,8.7.0
1572669e-f9ec-4c91-b177-65afa8a1be4a,marneo hotang,https://play-lh.googleusercontent.com/a-/ALV-UjXribAlAvPJRJ0c8ThTtmLky8W9tZOMbXC-9eM23cCakS_odM_s,"jujur semakin malas pake telkomsel semakin2 naik harganya setiap bulan, pertama 40 GB 63rb, skrg 35 GB 63rb, dan bgitu juga 60 GB 70 rb jadi 73 rb, skrg malah jadi 50 GB 73rb, kalau bgini ga sanggup jg mending pindh pake wifi bisa digunakan banyak org dengan harga yg terjangkau. kadang paket tgl 25 GB di layar hp saya nanti kepake cuma 4 GB tiba pas cek sisa kuota malah ug habis 5-6 GB jadi ska heran dan bingung saya",1,0,8.7.0,2025-04-09 10:34:15,,,8.7.0
ae9b4c5a-026b-4654-b039-e1c151c027e4,Haikal Ikal,https://play-lh.googleusercontent.com/a/ACg8ocJdIbVE6jVP_Z6bXhSrjASxtniVK7rZD3HjbnwU7HMzLc0JCDM=mo,tolong kasi fitur pindahan penggunaan kuota,2,0,8.7.0,2025-04-09 10:30:51,,,8.7.0
a3369aba-6bbf-4566-a347-b8cffd833c7c,Muri,https://play-lh.googleusercontent.com/a/ACg8ocLviSKcvEmz0bd3csmlZQyFxSCtlxsi2duOsUAnhJeaBTeGgw=mo,"PAKET INTERNET MAHAL GK KYA YG LAIN,CMA MENANG NAMA DOANK",1,0,8.6.2,2025-04-09 10:30:26,"Hai Kak Muri, silakan akses aplikasi MyTelkomsel untuk mendapatkan lebih banyak pilihan dan penawaran paket datanya ya Kak. Semoga membantu. :) -Edo",2025-04-09 11:13:03,8.6.2
03236b6e-f2fb-4936-905d-0a2d73400ddf,Hilal Aufan Kurniawan,https://play-lh.googleusercontent.com/a-/ALV-UjVxRYgPIyuFbBNGxXYIbeNX3FPzybPIWR0eyfJu5CQU5LEMMTPN,"Ubah pikiran, suka ada bug harga dan promo, tidak jelas entah bug atau pembaruan perubahan promonya.👎",3,0,8.6.2,2025-04-09 10:22:56,,,8.6.2
f3f6c0fe-f811-4c28-88c4-889558b7a69c,Andy Tio,https://play-lh.googleusercontent.com/a-/ALV-UjU-XdEqFH3ZlDOiaiznQ5ewZw1YagneV15Eqx0DNFK3ouaj9_3o,awalnya enak lama² lemot,1,0,8.6.2,2025-04-09 10:21:38,"Hai Kak Andy, Mohon maaf untuk ketidaknyamanannya ya, silakan coba cara berikut ya Kak:
1. Clear cache aplikasi
2. Force close aplikasi
lalu coba login kembali, apabila masih mengalami kendala, silakan hubungi kami melalui DM Instagram @Telkomsel atau chat di tsel.id/chatva. Semoga membantu. :) -Edo",2025-04-09 11:35:33,8.6.2
4fa2f0fa-4c1d-4a06-9a18-ac86b64e15b2,Khoirul Anam,https://play-lh.googleusercontent.com/a-/ALV-UjXqjHcjma-Fei84wG112SACvHFWepnyHV2ZoTvsTqDcxP3Abww,poin MyTelkomsel buat apa saya rasa ngak guna kecuali bisa buat tuker kuota walaupun cuman beberaparatus mb,5,0,,2025-04-09 10:20:19,,,
6f097542-d8ad-4113-9ca7-5d23b095e940,Ezer Naibaho,https://play-lh.googleusercontent.com/a-/ALV-UjWtfTnH58GY313G-ap7iMR_oE8V5_cPmk8Gaja0WPbvQ-mnI8E,"kenapa sih kalau setiap masuk aplikasi my Telkomsel jaringan lelet mutar-mutar gak jelas., tolong lah di perbaikin lagi aplikasi my Telkomsel.",1,0,8.6.2,2025-04-09 10:18:19,"Hai Kak Ezer, Mohon maaf untuk ketidaknyamanannya ya, silakan coba cara berikut ya Kak:
1. Clear cache aplikasi
2. Force close aplikasi
lalu coba login kembali, apabila masih mengalami kendala, silakan hubungi kami melalui DM Instagram @Telkomsel atau chat di tsel.id/chatva. Semoga membantu. :) -Edo",2025-04-09 11:35:50,8.6.2
30941263-79cc-4022-b05b-bf327d64fb4e,Shaga bogas priatmoko,https://play-lh.googleusercontent.com/a-/ALV-UjXQLczAA1-BMCrP8tb8Eis1daORLbBRFgm7-e0tU2aajZ7I8Fmu,suka ngadat apikasinya,3,0,8.7.0,2025-04-09 10:13:21,,,8.7.0
d902ee99-7e12-49af-87da-648b32dcdc68,Winarti vanesia,https://play-lh.googleusercontent.com/a/ACg8ocLrWfb37Hn9v9hJUbLCC_duXMfr6evRd4wjc1gxTtwOSZRfvw=mo,"ko Telkomsel tega banget ya nyolong pulsa org seenak gtu. isi pulsa 100 rb dicolong 99rb, sdngkan w pnya tgihan plsa darurat cma 36rb knapa plsa w dipotong hbis ko bisaaaaaaa kebangetan banget",1,0,8.6.2,2025-04-09 10:02:52,"Hai Kak Winarti, Mohon maaf untuk ketidaknyamanannya, karena kami memerlukan informasi lebih lanjut untuk membantu kakak, silakan hubungi kami di DM Instagram @telkomsel atau chat di tsel.id/chatva. Semoga membantu. :) -Edo",2025-04-09 10:05:46,8.6.2
5c130dee-b205-4303-abd4-57500d9a7611,Tina,https://play-lh.googleusercontent.com/a/ACg8ocKTbo88GdbJegX0W-vT_EHKNhNJghpuuhFXa07ZpZY8xqmkpw=mo,"Telkomsel skrg ndk sama yg dulu, jaringanx sdh mulai lelet",2,0,8.6.2,2025-04-09 10:02:21,"Hai Kak Tina, Mohon maaf untuk ketidaknyamanannya, silakan coba restart handphone kakak. Apabila masih terdapat kendala silakan hubungi kami di DM Instagram @telkomsel atau chat di tsel.id/chatva. Semoga membantu. :) -Edo",2025-04-09 12:09:16,8.6.2
660d7666-6e8f-4ef7-809e-0f78c98bc22e,Divania Syairanisa,https://play-lh.googleusercontent.com/a/ACg8ocJZM-njspROyUtWcBWb9zjvO4ZqOz38HT44qWkfGXjzHKxiZQ=mo,mayan,4,0,,2025-04-09 10:02:17,"Hai Kak Divania, terima kasih. Tetap pakai aplikasi MyTelkomsel ya 😊 -Sekar",2025-04-10 06:25:28,
4aba2a63-e89e-4136-87d4-df6a205deba3,Indra Cahyadi,https://play-lh.googleusercontent.com/a-/ALV-UjVVutO5xKjlJitGFVESeDGQQZwWDfMTVosjv9I50E7ssjtXd9Ss,"hallo saya warga kandis riau, tolong dong buat Telkomsel, untuk pekerja yg berhubungan sama jaringan Telkomsel di monitoring sumpah ngelag banget susah macam dihutan, tolong pekerjanya tidur semua itu makan gaji buta aja, jaringan ga pernah bagus kalah saing nanti sama yg lain",1,0,8.3.0,2025-04-09 10:01:02,"Maaf ya, Kak Cahyadi. Terkait keluhan tarif layanan Telkomsel dan kendala internet lambat. Yuk hubungi mimin untuk dibantu lebih lanjut melalui email cs@telkomsel.com atau Instagram @Telkomsel. Mimin tunggu ya :) -Sekar",2023-12-14 02:38:22,8.3.0
7d0c7aae-fa1e-4d38-a67d-6ffc753b2d89,Ahmad Waisul,https://play-lh.googleusercontent.com/a-/ALV-UjXsm0qRKQrYaFOqBxPCKN6uxuiSzvP5eVaMnohNwfV8IdymONi4,payah sinyalnya,1,0,8.6.2,2025-04-09 09:55:47,"Hai Kak Ahmad, Mohon maaf untuk ketidaknyamanannya, silakan coba restart handphone kakak. Apabila masih terdapat kendala silakan hubungi kami di DM Instagram @telkomsel atau chat di tsel.id/chatva. Semoga membantu. :) -Edo",2025-04-09 10:08:07,8.6.2
7210f60e-9367-4154-afed-1873620fe5b1,Andre Dhan,https://play-lh.googleusercontent.com/a/ACg8ocI0EPq69SWi9FQskQCbf0gaHLxt4uJxDxKmYCkFZ6Her19X9A=mo,ngilang ngilang mulu internetnya heran gw,1,0,8.6.2,2025-04-09 09:55:32,"Hai Kak Andre, Mohon maaf untuk ketidaknyamanannya, silakan coba restart handphone kakak. Apabila masih terdapat kendala silakan hubungi kami di DM Instagram @telkomsel atau chat di tsel.id/chatva. Semoga membantu. :) -Edo",2025-04-09 10:08:32,8.6.2
80f72ba5-9e7a-47a5-a927-6c451aafb1f8,Ramdhani Umar,https://play-lh.googleusercontent.com/a-/ALV-UjVHTueWkAR_QthxHJ0gvIivsHkxIxt7jQUGcB6d_bmjPmoC2Hk,"Jl. Bulupitu No.16, RT 04 / RW 01 Penajung, Tanjungseto, Kec. Kutowinangun, Kabupaten Kebumen, Jawa Tengah 54393, Indonesia. Di daerah ini ngga ada sinyal",1,0,8.6.2,2025-04-09 09:49:34,"Hai Kak Ramdhani, Mohon maaf untuk ketidaknyamanannya, silakan coba restart handphone kakak. Apabila masih terdapat kendala silakan hubungi kami di DM Instagram @telkomsel atau chat di tsel.id/chatva. Semoga membantu. :) -Edo",2025-04-09 10:09:05,8.6.2
5093409d-9086-4cc3-ab28-86bf69800696,yansen Pebriansyah,https://play-lh.googleusercontent.com/a/ACg8ocImUp26Dry1kptaafkScO_sRSMyUpx3-yX3La3ac0Vu8IVkWg=mo,beli pulsa gak ada yg kepake pulsanya kepotong sendiri udah beli paket internet malah gak ada jaringan ngabisin duit aja perasaan dulu gak gini,2,0,8.7.0,2025-04-09 09:49:20,"Hai Kak Yansen, Mohon maaf untuk ketidaknyamanannya, karena kami memerlukan informasi lebih lanjut untuk membantu kakak, silakan hubungi kami di DM Instagram @telkomsel atau chat di tsel.id/chatva. Semoga membantu. :) -Edo",2025-04-09 12:10:06,8.7.0
9563cd6e-2982-46c7-8d35-73551bbb9da5,Sahidin Bantarsari,https://play-lh.googleusercontent.com/a-/ALV-UjXJLCtgkUHFp13fC1H1bPyvSF0dADHTJwpbnNeETvaUCt-Pcxo,"MyTelkomsel semakin baik, kuat dan banyak pilihan fiturnya.",5,0,,2025-04-09 09:43:16,"Hai Kak Sahidin, terima kasih tetap setia menggunakan layanan Telkomsel. Apresiasi dari Kakak sangat berarti bagi kami dalam meningkatkan layanan dan performa MyTelkomsel. Have a great day :) -Edo",2025-04-09 13:39:19,
fae03f50-0c2a-4776-8b80-97b4b7d318c6,Aqilah Nadhifa,https://play-lh.googleusercontent.com/a-/ALV-UjWwxgVjS75AuK5CWT-zEWe2aTKmUIyoI4hMZxYHQEIKThjJImeS,"udh bgus tp kouta lemot parah,mau masuk apk malah ngecras smpe hp rusak,smga update kdepan ny nmbh bgus deh",4,0,8.1.0,2025-04-09 09:37:33,,,8.1.0
472c1487-0b84-4dfb-8ef5-26216fb13107,Ellyna Setiawati_186,https://play-lh.googleusercontent.com/a-/ALV-UjX-upOoDi9rc1suvyFypMknF84c93yTuzB7YLd2qQbrKAeqx3Mh,"sering error, pulsa kesedot terus, akun sering ke logout sendiri 😮‍💨 Jaringan juga kadang lelet 🥴",1,0,8.6.2,2025-04-09 09:37:29,"Hai Kak Ellyna, Mohon maaf untuk ketidaknyamanannya ya, silakan coba cara berikut ya Kak:
1. Clear cache aplikasi
2. Force close aplikasi
lalu coba login kembali, untuk pulsa tiba-tiba berkurang karena kami memerlukan informasi lebih lanjut, silakan hubungi kami di DM Instagram @telkomsel atau chat di tsel.id/chatva. Semoga membantu. :) -Edo",2025-04-09 10:11:15,8.6.2
2dc381f3-0062-452b-b725-7ae67cd881d6,Sidik Purnomo,https://play-lh.googleusercontent.com/a/ACg8ocK94HHAIuS7OP1ymEpUFDslEXF0S2ktLuz1AR5F7lcd3A4FCQ=mo,saya ngefrezee tidak bisa masuk,1,0,8.7.0,2025-04-09 09:37:06,"Hai Kak Sidik, Mohon maaf untuk ketidaknyamanannya ya, silakan coba cara berikut ya Kak:
1. Clear cache aplikasi
2. Force close aplikasi
lalu coba login kembali, apabila masih mengalami kendala, silakan hubungi kami melalui DM Instagram @Telkomsel atau chat di tsel.id/chatva. Semoga membantu. :) -Edo",2025-04-09 10:12:23,8.7.0
69eaf4de-b439-4c0d-96f3-f6e44e41e925,Agung Satyasa,https://play-lh.googleusercontent.com/a/ACg8ocJsUIsOdCd2KXwXzmhK3MmnwwdfG7ZASvsHhKdq6VguQn2yiX4=mo,"LEADER TELKOMSEL ATAS NAMA YUSUF PARAH BANGET, MAIN TUTUP TELPON DAN TUTUP LAPORAN SEENAK JIDATNYA SENDIRI. LEADER RASA DIRUT",1,0,8.7.0,2025-04-09 09:36:20,"Hai Kak Agung, Mohon maaf untuk ketidaknyamanannya, untuk kendalanya silakan hubungi kami di DM Instagram @telkomsel atau chat di tsel.id/chatva. Semoga membantu. :) -Edo",2025-04-09 10:13:26,8.7.0
a570e5e0-e011-4ed0-bc20-65da8ab92d8e,Inal Merdi,https://play-lh.googleusercontent.com/a/ACg8ocIg9hl8NwikGcXOoHVyRibm-lP_2hZCNM0yyO5__la3gi58yBM=mo,Kembalikan menu my telkomsel seperti dulu.. Simple ga banyak alay lebay.. Jadi sering force close anjay.. Kebnyakan fitur ga berguna..,5,0,5.12.0,2025-04-09 09:35:52,,,5.12.0
51601f1f-5d9b-4283-86a5-788d10758593,Wahyu Agusfian,https://play-lh.googleusercontent.com/a-/ALV-UjVJA8FbbK5h3ApJynqYve568Pie9M1ifKINokTYclenlBKmnKvQ,"apasih ni telkom nge leg mulu, gue ga tenang mau main game woy too9ng di perbaiki kocak",1,0,8.6.2,2025-04-09 09:27:45,"Hai Kak Wahyu, Mohon maaf untuk ketidaknyamanannya, silakan coba restart handphone kakak. Apabila masih terdapat kendala silakan hubungi kami di DM Instagram @telkomsel atau chat di tsel.id/chatva. Semoga membantu. :) -Edo",2025-04-09 10:14:27,8.6.2
a71ec85c-c850-4e87-9885-f5d5dc74c4d1,Fajri Ananda,https://play-lh.googleusercontent.com/a/ACg8ocLXltr72yJ-byhOSS38bLIrrb2e_3khEUnLiD535J0MbrfrKw=mo,#mantul kali,5,0,,2025-04-09 09:23:43,,,
cf882b3d-c127-4088-9b5d-4f0266a2c344,Zidan Alif,https://play-lh.googleusercontent.com/a-/ALV-UjUPuy2rxV0JdkYd8F5fgvDF-oUPqJbWlXwNYuk1DAR21ggDnIgy,jaringan busuk tak patut,1,0,8.7.0,2025-04-09 09:22:29,"Hai Kak Zidan, Mohon maaf untuk ketidaknyamanannya, silakan coba restart handphone kakak. Apabila masih terdapat kendala silakan hubungi kami di DM Instagram @telkomsel atau chat di tsel.id/chatva. Semoga membantu. :) -Edo",2025-04-09 11:38:20,8.7.0
c812ffcb-54e3-4d3e-850e-ff735098bfd7,egi nugraha,https://play-lh.googleusercontent.com/a/ACg8ocLJ0wqgKykpqYIhzNuatj15DzR9yHuB6DI_-tgHhmbmuYwQh7o=mo,"Telkomsel sekarang kok suka ngelag, kenapa???",2,0,,2025-04-09 09:18:26,"Hai Kak Egi, Mohon maaf untuk ketidaknyamanannya, silakan coba restart handphone kakak. Apabila masih terdapat kendala silakan hubungi kami di DM Instagram @telkomsel atau chat di tsel.id/chatva. Semoga membantu. :) -Edo",2025-04-09 12:11:02,
e274e43e-dad8-46d1-98eb-1018f0cb8bc3,Mohammad Rifki Iki,https://play-lh.googleusercontent.com/a/ACg8ocIRFRJNu4_yufpuoAI6oPvAJk3Q1A0IvKvfkNw34IOwFO-okw=mo,keren,5,0,,2025-04-09 09:15:01,,,
1ea282fb-bd76-4778-9836-03093721fca3,Rony Jon,https://play-lh.googleusercontent.com/a-/ALV-UjUwW-D-Qs9hBLUOqy6k5Rmkhzf9gLIY6uwAUAu48PQIIiyeFgg,bagus,5,0,8.6.2,2025-04-09 09:12:31,,,8.6.2
2365591d-ab85-41e9-95c8-c02cf6425aa6,Av Cell,https://play-lh.googleusercontent.com/a/ACg8ocIhRsuj2dX1CV5ooJXrqDnPb5_Lcza_OAhPTuPrj7jIQIiOwA=mo,keren,5,0,8.7.0,2025-04-09 09:07:06,,,8.7.0
555b2e42-08e7-4314-a8dc-b078b506f699,Rijal Jamaluddin,https://play-lh.googleusercontent.com/a/ACg8ocJx-hNGHhAYwzsX88JwnGc0gzPJVdaMEsaGbNtV4HWz8xOeHw=mo,ngelag ngelag lama bikin kesel,1,0,,2025-04-09 09:02:19,"Hai Kak Rijal, Mohon maaf untuk ketidaknyamanannya, silakan coba restart handphone kakak. Apabila masih terdapat kendala silakan hubungi kami di DM Instagram @telkomsel atau chat di tsel.id/chatva. Semoga membantu. :) -Edo",2025-04-09 11:39:40,
0e62f23f-5262-4d73-929c-8200a27b8d78,afif Amarullah,https://play-lh.googleusercontent.com/a/ACg8ocK1bZZm8yBdJMvkMUY8IX5GbvM8pKNkFV9TeujTygN8yLwvzA=mo,"pantes makin hari makin banyak paket murah ternyata kualitas jaringan nya makin jelek ,ping makin turun kalau sama brand XL asix yg makin bagus",1,0,8.6.2,2025-04-09 08:56:33,"Hai Kak Afif, Mohon maaf untuk ketidaknyamanannya, silakan coba restart handphone kakak. Apabila masih terdapat kendala silakan hubungi kami di DM Instagram @telkomsel atau chat di tsel.id/chatva. Semoga membantu. :) -Edo",2025-04-09 09:29:52,8.6.2
19a60995-f40a-4ee8-9071-aab5d1a689b1,Rega Zagres,https://play-lh.googleusercontent.com/a-/ALV-UjXNM4XWv4o7ik8bgZ-ZWotGUgilBYTO4-yX_IMkbF3_7jDsZNk,jaringan jelek harga Kouta selangit stres stres,1,0,8.6.2,2025-04-09 08:55:57,"Hai Kak Rega, silakan akses aplikasi MyTelkomsel untuk mendapatkan lebih banyak pilihan dan penawaran paket datanya ya, untuk kendala jaringan silakan coba restart handphone kakak. Apabila masih terdapat kendala silakan hubungi kami di DM Instagram @telkomsel atau chat di tsel.id/chatva. Semoga membantu. :) -Edo",2025-04-09 09:29:04,8.6.2
1e0dbaf9-cb86-473e-9911-ec9de3469f24,Eko ismunanda Ismunanda,https://play-lh.googleusercontent.com/a-/ALV-UjXe0WmgaVcCoL-Kd0gYmD8O-nY9DVzI0HtMlRe_WEH1f_ldE4IM,tidak bisa tukar reward dengan poin adahal Uda ada tp tidak bisa di klik lanjut tukar....makin ngk berguna my Telkomsel memalukan produk mulai suram,1,0,8.6.2,2025-04-09 08:55:42,,,8.6.2
9d0356d8-a4a2-4f3d-ba5d-47800b157188,Ridwan Wijaya,https://play-lh.googleusercontent.com/a-/ALV-UjURacoaZOKChAJWJEUzk_hpLIvbLxHaruasqDmK35HNFnhMtSlb,"dikit² update, peeubahan ga banyak, bikin lemot aja",2,0,8.6.2,2025-04-09 08:54:54,"Hai Kak Ridwan, Mohon maaf untuk ketidaknyamanannya ya, silakan coba cara berikut ya Kak:
1. Clear cache aplikasi
2. Force close aplikasi
lalu coba login kembali, apabila masih mengalami kendala, silakan hubungi kami melalui DM Instagram @Telkomsel atau chat di tsel.id/chatva. Semoga membantu. :) -Edo",2025-04-09 12:11:50,8.6.2
49c77c47-3089-47f5-abc6-aa2a857452a7,Ketut Suputra,https://play-lh.googleusercontent.com/a/ACg8ocJ0RyIQaleJVTdkmzXy50j13V5gbJRtATnVhcPc-aIdehSsCw=mo,kukira jaringan 4g ternyata 2g jaringan gila,1,0,8.6.2,2025-04-09 08:54:53,"Hai Kak Ketut, Mohon maaf untuk ketidaknyamanannya, silakan coba restart handphone kakak. Apabila masih terdapat kendala silakan hubungi kami di DM Instagram @telkomsel atau chat di tsel.id/chatva. Semoga membantu. :) -Edo",2025-04-09 09:28:21,8.6.2
94aa82e8-1122-4db4-b959-658e19760936,Syarif Hidayat,https://play-lh.googleusercontent.com/a-/ALV-UjWQN9heJtz8uoTxAKCBP8nxhYk6ZFljap0qnzuh9rODulNZlSJa,dr bintang 5 jadi turun k bintang 2. lelah x hadapi apl ni. udh bbrp bulan ni g bs loading terus. terakhir x bulan lalu wkt mau buka mlh ter logout sendiri. ni skrg ngelek lg aplnya. g pas2 uninstal ajalah.,2,0,8.6.2,2025-04-09 08:54:53,"Hai Kak Syarif, Mohon maaf untuk ketidaknyamanannya ya, silakan coba cara berikut ya Kak:
1. Clear cache aplikasi
2. Force close aplikasi
lalu coba login kembali, apabila masih mengalami kendala, silakan hubungi kami melalui DM Instagram @Telkomsel atau chat di tsel.id/chatva. Semoga membantu. :) -Edo",2025-04-09 13:00:28,8.6.2
668d8b0b-de33-4a6d-bef0-c96714d68c5d,Oman Cahyadi,https://play-lh.googleusercontent.com/a/ACg8ocL9jz5oZ_GvrzW5_oLmI5HabKnEEhPt5HFCkcrF8zS7cAYxfRM=mo,ngebug sama lemot bikin emosi,1,0,8.7.0,2025-04-09 08:52:10,"Hai Kak Oman, Mohon maaf untuk ketidaknyamanannya ya, silakan coba cara berikut ya Kak:
1. Clear cache aplikasi
2. Force close aplikasi
lalu coba login kembali, apabila masih mengalami kendala, silakan hubungi kami melalui DM Instagram @Telkomsel atau chat di tsel.id/chatva. Semoga membantu. :) -Edo",2025-04-09 09:27:40,8.7.0
c20c33df-24e5-4eb0-b100-539605b9754e,Romi Adriansyah,https://play-lh.googleusercontent.com/a/ACg8ocLmUkYRN2GAbLFudkmppH6r18kf-_-zWaTWcKYWFjBpd7xX_g=mo,untuk check-in gimana kak kok gak bisa,5,0,8.6.2,2025-04-09 08:49:57,,,8.6.2
4174fc6f-d1ff-4555-9b4f-633b2e77d98c,Ahmad Kenzi,https://play-lh.googleusercontent.com/a/ACg8ocLwN_PX1b2kLkujx08GgbZJV16YWrsm21SeIptuxkTu1ipCMQ=mo,keren,5,0,8.7.0,2025-04-09 08:49:27,,,8.7.0
9fc6fe08-d01c-40a8-9e55-e0e8ab6f1387,Adit Kurniawan16,https://play-lh.googleusercontent.com/a/ACg8ocJoo0jCmMRxeibubKy-TQjBlEoaqNJpYnwPMGlHlc6CqN17Ug=mo,# mantul bisa di pakai kapan saja,5,0,8.7.0,2025-04-09 08:40:55,,,8.7.0
42160fbd-b50e-4969-90c5-1ad4cc70b4a7,Alvin X Ganzz,https://play-lh.googleusercontent.com/a-/ALV-UjXsQuXzjm_g6k9PwWxK2piGeusSkl-ekwEpQo7uZBnmp3onHJl5,Cocok tempat tempat top up murwah cik,5,0,,2025-04-09 08:40:49,,,
165835bd-4827-455d-89bf-e57f2a36bf8d,adi daaya,https://play-lh.googleusercontent.com/a/ACg8ocJiJHxbtX4zs350Xq-WlFWPWTK-8Nslgp35JO8GMf6npLXIAw=mo,masa liburan ini sinyal jelek genurid kawengen ungaran timur kab. semarang,2,0,8.6.2,2025-04-09 08:38:11,"Hai Kak Adi, Mohon maaf untuk ketidaknyamanannya, silakan coba restart handphone kakak. Apabila masih terdapat kendala silakan hubungi kami di DM Instagram @telkomsel atau chat di tsel.id/chatva. Semoga membantu. :) -Edo",2025-04-09 12:12:43,8.6.2
57e052bd-7053-4713-b25f-a186a3c54f66,Ihwana,https://play-lh.googleusercontent.com/a/ACg8ocKAYyiHOYcpKm3TROYGMz9IQnmV9oxaWAzInDwSvTqAFGCg=mo,keren luar biasa,5,0,8.7.0,2025-04-09 08:34:37,,,8.7.0
b3d887d2-f1fc-43b0-ad7a-011a10eaa39b,Rika Afril,https://play-lh.googleusercontent.com/a/ACg8ocKaoloMVzuVlcs4b6NcXrpP7iRpyfRKM2EsxYSSzed6d00Wfw=mo,#mantul bisa digunakan kapan saja dan dimana saja,5,0,8.6.2,2025-04-09 08:33:28,,,8.6.2
7bc5d3d6-cc64-4b89-ba7c-8d97de0c961c,Iko Albar,https://play-lh.googleusercontent.com/a-/ALV-UjWZanf9-d6TMywf9CJm9tmqBG94NiEj55B3WkGtIarzUO8hi11Q,"kenapa sekarang aplikasinya GX bisa di update,jadi GX bisa buka aplikasinya muter muter muludi update tapi GX bisa nginstal,tolong perbaiki min",3,0,8.7.0,2025-04-09 08:32:26,,,8.7.0
ac27f0c0-f7a2-442a-ac20-3608af428ea8,Dayu Farma,https://play-lh.googleusercontent.com/a-/ALV-UjVgv7IU1lmYbx75tB6wgMOQO_49MP5gXy5ou3Lk_GHpkudTrR3P,#Mantul bisa digunakan kapan saja dan dimana saja,5,0,8.6.2,2025-04-09 08:32:22,"Hai Kak Dayu, terima kasih tetap setia menggunakan layanan Telkomsel. Apresiasi dari Kakak sangat berarti bagi kami dalam meningkatkan layanan dan performa MyTelkomsel. Have a great day :) -Edo",2025-04-09 13:39:44,8.6.2
c70078d2-9a92-4646-a2ea-84e25cfa0b51,Tepepew 22,https://play-lh.googleusercontent.com/a/ACg8ocKW19r3tlnIuVPCU7lNMuboT8ve4ExAHIZIk_MuqRydgF6-Dg=mo,promo 150rb jadi 115GB lumayan👍,4,0,8.7.0,2025-04-09 08:31:32,Hai Kak. Maaf banget ya. Silakan akses aplikasi MyTelkomsel untuk mendapatkan lebih banyak pilihan dan penawaran paket datanya ya. Untuk keluhan sinyal lemah silakan coba restart handphone Kakak. Jika masih terdapat kendala silakan hubungi kami di DM Instagram @telkomsel atau hubungi kami di tsel.id/chatva. Semoga membantu. :) -Ken,2025-03-19 14:02:19,8.7.0
d6dbf42e-3420-4d47-8a29-ca876a82e74d,Hasan Husin,https://play-lh.googleusercontent.com/a/ACg8ocI3kn7oyOtiIQso7mXONgHoWxAfqP7ZNO62Q8Ei4bXIzREgKA=mo,pas masuk apk disuruh verifikasi ke nmr terdaftar dgn tautan sekali pas di klik tautan malah masuk ke apk org lain kok agak aneh yaa ga mau kasih bintang sama Telkomsel!!,1,0,,2025-04-09 08:30:39,,,
e67abd86-ab8c-4402-85e8-0b8a9c65cf34,deni rachman,https://play-lh.googleusercontent.com/a-/ALV-UjVaIssKxHgCblTB_UB8BrN3L3Trsxs4n0CNWNcyextoh027OV3a,malah makin buruk sih sinyal telkomsel ini,1,0,8.4.2,2025-04-09 08:23:57,"Hai Kak Deni, Mohon maaf untuk ketidaknyamanannya, silakan coba restart handphone kakak. Apabila masih terdapat kendala silakan hubungi kami di DM Instagram @telkomsel atau chat di tsel.id/chatva. Semoga membantu. :) -Edo",2025-04-09 09:08:23,8.4.2
c92b6593-7015-4c1e-a7b9-5de3fa5ba425,rijali Muhammad,https://play-lh.googleusercontent.com/a-/ALV-UjXFvpNr3_hK-2HnXDieeNJJuHJd2c9V3-3U4A85k1BZEhxsNdQT,harga paket mahal sinyal jelek👎👎👎,1,0,8.6.2,2025-04-09 08:23:02,"Hai Kak Rijali, silakan akses aplikasi MyTelkomsel untuk mendapatkan lebih banyak pilihan dan penawaran paket datanya ya, untuk kendala sinyal silakan coba restart handphone kakak. Apabila masih terdapat kendala silakan hubungi kami di DM Instagram @telkomsel atau chat di tsel.id/chatva. Semoga membantu. :) -Edo",2025-04-09 09:09:00,8.6.2
5815bb81-b943-4d15-861e-8c41b52a8588,iyan ariansyah,https://play-lh.googleusercontent.com/a-/ALV-UjXIshU3Gu8dfoEyH7MiHZBcYwYPnLYxR8EzL7wjLLnpmodU8zY1,"udh lumayan bagus , paketan murah cuman kendala sisa satu jaringan...... dan apk sering error",4,1,8.7.0,2025-04-09 08:22:01,,,8.7.0
9643e58c-1735-4258-a3f6-63fecfc60b65,Bagya Muslihat1,https://play-lh.googleusercontent.com/a/ACg8ocKuOPpR653hwNwsiZUi-nn4q2_ar9ZG4Q-Run2xvbJJld0qFw=mo,"saya baru pertama kali nya tranfers pulsa lewat apk mytelkomsel. nomor saya ada dua, saya transfer pulsa sudah terpotong, tapi pulsa belom masuk ke nomor yang di kirim. chat veronica, katanya suruh nunggu cs menghubungi. saya tunggu"" gx ada yg menghubungi dari cs. gimana ini. saya refres apk nya masih sama belom masuk"" pulsa nya...",1,0,,2025-04-09 08:21:33,"Hai, Kak Bagya. Maaf ya, mengenai keluhan tarif pada layanan Telkomsel, agar bisa mimin bantu cek lebih lanjut. Yuk hubungi mimin melalui email cs@telkomsel.com atau Instagram @Telkomsel. Mimin tunggu ya, Kak. Makasih :) -Sekar",2024-05-12 23:27:44,
0271760e-5bb9-479d-b455-f7707b236b1e,Ydaniel,https://play-lh.googleusercontent.com/a-/ALV-UjUdojkyEh_n7gsj9wC-nkO-4DGbqGSNtJDTtYPf9UT4CjGeG0U,"Aplikasi parah, tiap dibuka lemot, mau pake wifi mau pake koneksi sim lemot, muter2 doang sudah force close, restart, hapus cache, sama aja.",1,1,8.7.0,2025-04-09 08:19:08,"Hai Kak Daniel. Mohon maaf untuk ketidaknyamanannya ya, silakan coba cara berikut ya Kak:
1. Clear cache aplikasi
2. Force close aplikasi
lalu coba login kembali, apabila masih mengalami kendala aplikasi MyTelkomsel lambat, silakan hubungi kami melalui DM Instagram @Telkomsel atau hubungi kami di tsel.id/chatva. Semoga membantu. :) -Ken",2025-02-27 07:19:11,8.7.0
663d1fde-de0b-4c1d-9509-3b887b89356f,M.ALI AKBAR,https://play-lh.googleusercontent.com/a-/ALV-UjVnLxQuZUq9kWDvlFFThc2nPgq2Gw3XbWzwr5SvH-bzi_GbGqwQ,semoga bermanfaat,3,0,8.6.2,2025-04-09 08:17:12,,,8.6.2
0bdce36c-94b3-4819-8e2f-acf31a0469fe,soma 0210,https://play-lh.googleusercontent.com/a-/ALV-UjUGSkar3t5IasdaTJXenzhQjdc9gsPeEDTa8ZVrnjX06iqxi6Wz,"aplikasi sampah, bukan masalah ngelag , dulu sy gampang lapor jika ada kendala wifi lewat aplikasi my indihome , skrg pake aplikasi ini ribet, capek ngomong sama AI, ga bisa dipake buat laporan kendala wifi 👎 kabel terputus, disuruh ngecek router , router sy aman2 aja",1,3,8.7.0,2025-04-09 08:13:26,"Hai Kak Soma, Mohon maaf untuk ketidaknyamanannya ya, silakan coba cara berikut ya Kak:
1. Clear cache aplikasi
2. Force close aplikasi
lalu coba login kembali, apabila masih mengalami kendala, silakan hubungi kami melalui DM Instagram @Telkomsel atau chat di tsel.id/chatva. Semoga membantu. :) -Edo",2025-04-09 08:00:47,8.7.0
cc0b61b6-eb83-4b66-902d-789060441f8c,Nur yono,https://play-lh.googleusercontent.com/a/ACg8ocKBcKCcf-Q-Q0PA8uLMT0zGQ-gSNeeickV4iC4vgrRb9wUrfw=mo,tambah kesini tambah Ribet dan tambah kesini datanya tambah mahal pulsa juga sering habis atau hilang tanpa di pakai. libur dulu pakai Telkomsel. saya kurangin bintang nya dan uninstall saya ganti pindah ke sebelah datanya lebih murah buat telpon juga murah sangat terjangkau buat kalangan menengah ke bawah. terimakasih Telkomsel sudah menemani selama ini.,1,0,7.2.0,2025-04-09 08:12:07,"Maaf banget ya, Kak Nur. Apabila Kakak mengalami kendala saat akses aplikasi MyTelkomsel. Yuk segera hubungi Mimin melalui fitur bantuan di DM Instagram @Telkomsel atau kirim email ke cs@telkomsel.com untuk dibantu lebih lanjut. Mimin tunggu ya kak. Makasih :) -Ken",2024-06-30 15:17:44,7.2.0
7b3695ad-bd6b-4f2b-af84-1920cfd4935c,Imelda Ashari,https://play-lh.googleusercontent.com/a/ACg8ocKT-O2we0WXw-qOeuHE-yQmHEjcIvAtR3sA9TYeTvXqvWnaVA=mo,"GK bagus jaringan 🙄,udh mahal banget beli paket nya ,GK puas pake Telkomsel 🤬",1,0,8.6.2,2025-04-09 08:05:55,"Hai Kak Imelda, silakan akses aplikasi MyTelkomsel untuk mendapatkan lebih banyak pilihan dan penawaran paket datanya ya, untuk kendala jaringan silakan coba restart handphone kakak. Apabila masih terdapat kendala silakan hubungi kami di DM Instagram @telkomsel atau chat di tsel.id/chatva. Semoga membantu. :) -Edo",2025-04-09 09:09:43,8.6.2
b7adc776-8b2a-4f22-9ffd-ad6211af9e06,Rahmad Din,https://play-lh.googleusercontent.com/a/ACg8ocJnHsW8j4IfVHNypcneV029f3zypAc8DAzl4y_unPcgHhw4pA=mo,makin canggih makin gak jelas Telkomsel. harga tinggi kayak babi,1,0,8.7.0,2025-04-09 08:03:51,"Hai kak Rahmad. Mohon maaf ya, jika yang dimaksud keluhan jaringan. Silakan hubungi Mimin melalui fitur bantuan di aplikasi MyTelkomsel, Facebook Messenger 'Telkomsel', DM Twitter @Telkomsel atau kirim email ke cs@telkomsel.com untuk dibantu lebih lanjut. Makasih :) -Edo",2023-03-23 13:28:25,8.7.0
e8786fea-fa52-460c-a9bb-56bb66e720fe,Juli Ardin11,https://play-lh.googleusercontent.com/a-/ALV-UjXtbJ3ONzVTiqYw5EyMuBUJ5rKMBYNhevBP__WbO5-1H587XMk7iw,Apk gak guna... kalo bisa tidak dikasih bintang sy tidak kasih bintang. Uninstall saja apknya dan cek pulsa manual,1,0,8.7.0,2025-04-09 07:55:30,"Hai Kak Juli, Mohon maaf untuk ketidaknyamanannya ya, silakan coba cara berikut ya Kak:
1. Clear cache aplikasi
2. Force close aplikasi
lalu coba login kembali, apabila masih mengalami kendala, silakan hubungi kami melalui DM Instagram @Telkomsel atau chat di tsel.id/chatva. Semoga membantu. :) -Edo",2025-04-09 09:11:05,8.7.0
c28f16ac-05cb-42c4-9dd4-65e83bc0a7cc,Mas Adit,https://play-lh.googleusercontent.com/a-/ALV-UjWTTx-wThrnlMw27v5TqJyyY7I1Sr9EX7L_voxR7oECfOguufN3,"Aplikasi busuk/sampah, sekelas Telkomsel tapi aplikasi nya ga bisa di buka sama sekali, harga mahal, kualitas sampah.",1,0,8.6.2,2025-04-09 07:50:49,"Hai Kak Adit, Mohon maaf untuk ketidaknyamanannya ya, silakan coba cara berikut ya Kak:
1. Clear cache aplikasi
2. Force close aplikasi
lalu coba login kembali, untuk kendala jaringan silakan coba restart handphone kakak. Apabila masih berkendala silakan hubungi kami di DM Instagram @telkomsel atau chat di tsel.id/chatva. Semoga membantu. :) -Edo",2025-04-09 09:12:40,8.6.2
f50c8285-2fad-4b32-9d9a-cfca624a08e9,Akhmad Husairi (Amad),https://play-lh.googleusercontent.com/a-/ALV-UjXDcWrg6EESfv0EE7jcuVBNm2S35gRWT8JQ0NiucHsL_VJwMfs,Mempermudah cek data kuota dan beli paket 👍,5,0,8.7.0,2025-04-09 07:45:39,,,8.7.0
f7a1f210-c685-4cc0-b3a9-a4e2c06651f4,Andi,https://play-lh.googleusercontent.com/a-/ALV-UjX3IgRT96zXCX0yizlEWoGwSHc5Dp7ad6E8rNRCZrE6daeByQDYfA,"jangan sering update ya, mending bikin paket data yang murah dan lancar aja dan jangan terlalu sering munculkan SMS pembetahuan ya risih tau",2,0,8.7.0,2025-04-09 07:43:15,,,8.7.0
7b32be23-ada9-4cfd-a078-b4dc03bb8459,Cello Ellputra,https://play-lh.googleusercontent.com/a/ACg8ocJy-6TP7_7p296nEolZQqm5_PDTWXw79qjUvvDENYYZ7teyqw=mo,"harga paket kuota internet nya gk ngotak, mahal banget anjir, sekarang beralih ke indosat dulu 100 ribu dpat 80Gb, dri pda telkomsel 120 ribu cuma dapat 45 Gb.",1,0,8.7.0,2025-04-09 07:38:48,"Hai Kak Cello, silakan akses aplikasi MyTelkomsel untuk mendapatkan lebih banyak pilihan dan penawaran paket datanya ya Kak. Semoga membantu. :) -Edo",2025-04-09 07:56:08,8.7.0
76de5714-f079-467a-9e6f-77789c555cbe,Handika Adjie PP,https://play-lh.googleusercontent.com/a-/ALV-UjWd3ogqXAXGAHEUTw2RRL2uZFlgQVFLguzwmWURDjoCzv-gC3b7,"best sim card ever ya telkomsel *edit, tapi app my telkomsel berat bgt. Sinyal bagus loading lama terus. Huf",4,0,7.5.0,2025-04-09 07:37:01,,,7.5.0
df73a6a6-1457-4495-8515-2b7ba77884d3,Fael Anak petualang,https://play-lh.googleusercontent.com/a-/ALV-UjUfXOnZCMGP4d2MMCWFmAdUxB9r37L3gMlDaboDVOokBC6fWP4,"aplikasi My Telkomsel semakin di update semakin buruk nyesal pake ny, mending yg versi dulu enak yg versi tahun 2019-2020",1,0,8.6.2,2025-04-09 07:35:44,"Hai Kak Fael, Mohon maaf untuk ketidaknyamanannya ya, silakan coba cara berikut ya Kak:
1. Clear cache aplikasi
2. Force close aplikasi
lalu coba login kembali, apabila masih mengalami kendala, silakan hubungi kami melalui DM Instagram @Telkomsel atau chat di tsel.id/chatva. Semoga membantu. :) -Edo",2025-04-09 07:56:39,8.6.2
554c5ce6-91ea-4f13-b4e5-1eeff8ea3ad4,trie hunt,https://play-lh.googleusercontent.com/a-/ALV-UjVrnVGHqxzXOnBQoLX7edHVnuS579qaWI4npg2z1_WihbFF1-j7,"makin kesini ini aplikasi malah tambah buruk kparah, cuma mau lihat jumlah pulsa dan sisa kuota aja muter-muter terus.. awalnya saya bintang 5 sekarang saya edit jadi bintang 1",1,0,8.7.0,2025-04-09 07:34:30,"Hai Kak Trie, Mohon maaf untuk ketidaknyamanannya ya, silakan coba cara berikut ya Kak:
1. Clear cache aplikasi
2. Force close aplikasi
lalu coba login kembali, apabila masih mengalami kendala, silakan hubungi kami melalui DM Instagram @Telkomsel atau chat di tsel.id/chatva. Semoga membantu. :) -Edo",2025-04-09 07:57:12,8.7.0
60ee9af0-1211-40f7-ad98-ad75336ab891,Enang Budiarso (Putra EdelWeis),https://play-lh.googleusercontent.com/a-/ALV-UjUF7HtIODvNZ7yC8UJ60L8kx4DwoJe4xqAfZz2UFiu3ZfSdbG7T,"asu banget jaringan Telkomsel, jelek banget. yang dirasa sudah hampir 5bulanan jaringannya lemot banget. sudah berapa x ganti apn tetap saja lemot. tolong perbaiki lagi kualitas jaringannya jangan sampai pelanggan pindah ke oprator lain. ada yang sama kah kawan""? terimakasih.",1,93,8.6.2,2025-04-09 07:30:34,"Hai Kak Enang, Mohon maaf untuk ketidaknyamanannya, silakan coba restart handphone kakak. Apabila masih terdapat kendala silakan hubungi kami di DM Instagram @telkomsel atau chat di tsel.id/chatva. Semoga membantu. :) -Edo",2025-04-09 07:58:02,8.6.2
3f7cd763-7e89-4b96-a4bd-e48e7e476412,Diasz Gaming,https://play-lh.googleusercontent.com/a/ACg8ocJKegBj4SgbG9hxua6YNKetkOMM8T-fjsUCl_XE-nDpwK_t7w=mo,"parah gak bisa kehubung akun dana, sudah di coba berkali-kali tetep gak bisa, udah di hapus Telkomsel instal lagi tetep gak bisa, emang parah Telkomsel sekarang 🗿🗿",1,0,,2025-04-09 07:29:06,"Hai Kak Diasz, Mohon maaf untuk ketidaknyamanannya ya, silakan coba cara berikut ya Kak:
1. Clear cache aplikasi
2. Force close aplikasi
lalu coba login kembali, apabila masih mengalami kendala, silakan hubungi kami melalui DM Instagram @Telkomsel atau chat di tsel.id/chatva. Semoga membantu. :) -Edo",2025-04-09 07:58:30,
359bde13-e715-4a2d-bbac-3589ff85a85e,Sri Murwati,https://play-lh.googleusercontent.com/a/ACg8ocI4Cx2aXlaivueQYbOKSgkCBRultqaQ3_SafjnNRa2IJFIwjw=mo,ganti akun aj susah ny mnta ampun nanya aj dia ngak ngerti males bet anying,1,0,8.6.2,2025-04-09 07:25:47,"Hai Kak Sri, Mohon maaf untuk ketidaknyamanannya ya, silakan coba cara berikut ya Kak:
1. Clear cache aplikasi
2. Force close aplikasi
lalu coba login kembali, apabila masih mengalami kendala, silakan hubungi kami melalui DM Instagram @Telkomsel atau chat di tsel.id/chatva. Semoga membantu. :) -Edo",2025-04-09 07:59:30,8.6.2
e5c58062-0091-4b8e-9cdd-9a747e46d56b,Ndari Sun,https://play-lh.googleusercontent.com/a/ACg8ocKQGVm2RsariVOOJz86Yn-pJiDUTH-IsrWxRzzbDqH-P0JC=mo,tukar akun aj riweh bgt mak gw make telkomsel tetiba bisa ambil paket darurat ngerti aj kagak dia riwehh,1,0,8.6.2,2025-04-09 07:24:41,,,8.6.2
1a520620-dac1-4197-832b-2b76c11186e6,Sintia Salfia,https://play-lh.googleusercontent.com/a/ACg8ocIk4n0JqxPAs_YiuT7ajRhU_V6HNhVD2zyb8j34_vn1cD-hHA=mo,ini tu sangat bagus hehe,5,0,8.7.0,2025-04-09 07:24:08,"Hai Kak Sintia, terima kasih tetap setia menggunakan layanan Telkomsel. Apresiasi dari Kakak sangat berarti bagi kami dalam meningkatkan layanan dan performa MyTelkomsel. Have a great day :) -Edo",2025-04-09 13:40:43,8.7.0
b24fe44b-6faf-4011-bde9-fec933fa52ba,Erni Siahaan,https://play-lh.googleusercontent.com/a/ACg8ocIYUi3diyMe0i4O5h5sYV9kpXvz1pLFOcbTo2f1EPLi9dcwVg=mo,paket selalu berkurang saat saya beli paket dan pulsa mohon maaf ya🙏,1,0,,2025-04-09 07:22:49,,,
44661464-4342-4097-94ad-cdfbd7a412d7,Cahya Olivia,https://play-lh.googleusercontent.com/a/ACg8ocJI9S-aySUR7wpOudJcSnqGuGQHx2V2Qb7q5THKwBi5Rzzxzg=mo,aplikasi korupsi pulsaku 15 jadi 13 gak gua apa apain,1,0,8.6.2,2025-04-09 07:21:28,"Hai Kak Cahya, Mohon maaf untuk ketidaknyamanannya, karena kami memerlukan informasi lebih lanjut untuk membantu kakak, silakan hubungi kami di DM Instagram @telkomsel atau chat di tsel.id/chatva. Semoga membantu. :) -Edo",2025-04-09 08:16:05,8.6.2
dba48df9-84e8-4168-89d7-68e18c1b9740,SOANG KEPO,https://play-lh.googleusercontent.com/a-/ALV-UjUZ_udUK0fDaet_DFXvqoJSrAy1_3ecTYoYwCoJO53E1V216Eo,Skrng kok jaringan lelet yaa .. kuota gede jga percuma gak bisa d pake kalau jaringan lelet ...,1,0,8.6.2,2025-04-09 07:20:20,"Hai Kak, Mohon maaf untuk ketidaknyamanannya, silakan coba restart handphone kakak. Apabila masih terdapat kendala silakan hubungi kami di DM Instagram @telkomsel atau chat di tsel.id/chatva. Semoga membantu. :) -Edo",2025-04-09 08:15:19,8.6.2
1e12e0ff-09f4-4f43-bbcf-3368b0b22edf,Pengguna Google,https://play-lh.googleusercontent.com/EGemoI2NTXmTsBVtJqk8jxF9rh8ApRWfsIMQSt2uE4OcpQqbFu7f7NbTK05lx80nuSijCz7sc3a277R67g,tukang ambil pulsa,1,0,4.1.0,2025-04-09 07:20:19,"Hai Kak, Mohon maaf untuk ketidaknyamanannya, karena kami memerlukan informasi lebih lanjut untuk membantu kakak, silakan hubungi kami di DM Instagram @telkomsel atau chat di tsel.id/chatva. Semoga membantu. :) -Edo",2025-04-09 08:14:40,4.1.0
0b02b297-18c5-4a67-8b4e-0d392aaabbdd,Alfa Zainuri,https://play-lh.googleusercontent.com/a/ACg8ocKw85MTE3PTTsurSuWG6rtmFWqOLIPAJ20HQd5KzKDTf8oq4w=mo,bug nya tolong benerin,1,0,8.6.2,2025-04-09 07:17:21,"Hai Kak Alfa, Mohon maaf untuk ketidaknyamanannya ya, silakan coba cara berikut ya Kak:
1. Clear cache aplikasi
2. Force close aplikasi
lalu coba login kembali, apabila masih mengalami kendala, silakan hubungi kami melalui DM Instagram @Telkomsel atau chat di tsel.id/chatva. Semoga membantu. :) -Edo",2025-04-09 08:12:35,8.6.2
05faa2f0-de1d-4268-928f-dea415a0619d,Shintia Eksanti,https://play-lh.googleusercontent.com/a/ACg8ocK2rTLfxH_-fx-4l_mke26_806L2xIvGBzWNzDhT0R52DKJSaY=mo,Telkomsel sekarang sinyalnya jelek bwangettt apalagi pas listrik mati sinyalnya tambh jelek tolong di perbaiki saya sangat kecewa dulu pakek telkomsel karna jatingannya enak sekarang kecewa banget,1,0,,2025-04-09 07:14:11,"Hai Kak Shintia, Mohon maaf untuk ketidaknyamanannya, silakan coba restart handphone kakak. Apabila masih terdapat kendala silakan hubungi kami di DM Instagram @telkomsel atau chat di tsel.id/chatva. Semoga membantu. :) -Edo",2025-04-09 08:13:16,
2e904725-5947-4b4c-a2a7-dfe549075723,Simen duyen,https://play-lh.googleusercontent.com/a-/ALV-UjVr3GZibRGRY-R0ACWr12if-nLjaglwVVbigCZWVot_PSKYzkgk,saya 50ribu 24GB tidak cukup untuk 1minggu mulai boros Telkomsel sekarang ampooon 😁,2,0,8.7.0,2025-04-09 07:12:25,,,8.7.0
a8c76d39-5f68-4a44-84e2-f14277260f38,Adi Yolandri,https://play-lh.googleusercontent.com/a-/ALV-UjUkYCmhClLORt1agIHsp2_VYuuNa4uFLQUQHgFi2JeRInIb1ks,"Aplikasinya lemot banget dh, mau cek paket aja susah apalagi mau beli paket, susah masuk lemott banget",1,0,,2025-04-09 07:10:29,"Hai Kak Adi, Mohon maaf untuk ketidaknyamanannya ya, silakan coba cara berikut ya Kak:
1. Clear cache aplikasi
2. Force close aplikasi
lalu coba login kembali, apabila masih mengalami kendala, silakan hubungi kami melalui DM Instagram @Telkomsel atau chat di tsel.id/chatva. Semoga membantu. :) -Edo",2025-04-09 08:01:11,
96429a01-817f-4634-835d-50f949043663,Agra Doank's,https://play-lh.googleusercontent.com/a-/ALV-UjVmwMnd-VmkK59Y0fYfb0j66fIQrPIRZ5FkAMBQ2YwwY9SKw5L8,"kok jadi ga bisa ngecek sisa kuota sekarang ya ,,, tau tau abis aja kuota duh tolong perbaiki lagi lah ... kalo udah di benerin tar di naikin lagi bintang nya",3,0,8.6.2,2025-04-09 07:06:39,,,8.6.2
e3327e9f-e5d2-4186-bd68-709a79b7fdce,Yuliana Shobahiyah,https://play-lh.googleusercontent.com/a-/ALV-UjUgieMqUZ_FGFrJoNKLbC6QN7DVtVN448fxNcXwvnlI97BRRHMn,update Mulu heran.. mau dipake kuota ga bisa trus gunanya apa si?? 😑😑,3,0,8.6.2,2025-04-09 07:01:36,,,8.6.2
cf81182e-73c6-4fb0-8ab7-b8f77cd5925a,Renday Fr,https://play-lh.googleusercontent.com/a/ACg8ocK6qVJnHkUBPk4rwa274tqqMYSGI8ZfVdiw4449F7neBr9vmQ=mo,"mahal doang,kualitas tetap sama awowkowk",1,0,8.6.2,2025-04-09 07:00:03,"Hai Kak Renday, silakan akses aplikasi MyTelkomsel untuk mendapatkan lebih banyak pilihan dan penawaran paket datanya ya, untuk kendala jaringan silakan coba restart handphone kakak. Apabila masih terdapat kendala silakan hubungi kami di DM Instagram @telkomsel atau chat di tsel.id/chatva. Semoga membantu. :) -Edo",2025-04-09 07:27:14,8.6.2
380dadb1-8144-42ab-a119-e676da27cc2e,Della mutiara Putri,https://play-lh.googleusercontent.com/a-/ALV-UjWiTbt_C2rdI6E65odCtIL7AmDbw8XJJSXiDrJjBNFCH5SXYCY,#mantul nya telkomsel bisa diakses kapan aja,5,0,8.6.2,2025-04-09 06:57:25,"Hai Kak Della, terima kasih tetap setia menggunakan layanan Telkomsel. Apresiasi dari Kakak sangat berarti bagi kami dalam meningkatkan layanan dan performa MyTelkomsel. Have a great day 😊 -Sekar",2025-04-09 07:30:02,8.6.2
c8a01262-574e-4467-9715-0caedf3c4fe0,Hilman Ramadan,https://play-lh.googleusercontent.com/a-/ALV-UjXkQAVtllc6oRQb-B8r_2J64CifO9-UQsl3C17xR_OsTbPJE2R2,"jaringan jelek, mahal doang tolong jaringannya jgn kalah sama yg lain",1,0,8.6.2,2025-04-09 06:56:38,"Hai Kak Hilman, silakan akses aplikasi MyTelkomsel untuk mendapatkan lebih banyak pilihan dan penawaran paket datanya ya, untuk kendala jaringan silakan coba restart handphone kakak. Apabila masih terdapat kendala silakan hubungi kami di DM Instagram @telkomsel atau chat di tsel.id/chatva. Semoga membantu. :) -Edo",2025-03-28 08:03:46,8.6.2
be08afa2-15bd-4a60-bcdf-b5382e1ee71f,R,https://play-lh.googleusercontent.com/a/ACg8ocIlR_FDcNDFi2H8AixucRvR_z9Wrvl7xNExG5l4uB3vtJCGVW0=mo,lemot parah,1,0,8.7.0,2025-04-09 06:49:36,"Hai Kak R, Mohon maaf untuk ketidaknyamanannya ya, silakan coba cara berikut ya Kak:
1. Clear cache aplikasi
2. Force close aplikasi
lalu coba login kembali, apabila masih mengalami kendala, silakan hubungi kami melalui DM Instagram @Telkomsel atau chat di tsel.id/chatva. Semoga membantu. :) -Edo",2025-04-09 07:27:57,8.7.0
a39395c0-0404-4925-bd26-fc17fa86ec54,Ryu Moto,https://play-lh.googleusercontent.com/a-/ALV-UjWcAXZxUf9Kbqr-teSMHwqj49a8jJt9wSStCJWU26Q0fpj-j7I,"apa gw bisa share pengalaman gw terkait langganan hallo disini yak?? kalo iya maka gw mau share sedikit, kalo tadi gw ke GraPARI Telkomsel mau berhenti langganan, tapi malah ruwet, alasan nya karena tadi gw malah di minta bayar lagi biar registrasi cepat, padahal untuk apa gw bayar, paket data gw aja belum di perbarui (dan lagi gw ingat kalo waktu itu gw udh mintakan di tgl 1 buat perbarui paket data, tapi ternyata malah di tgl 11)",3,0,8.7.0,2025-04-09 06:47:53,,,8.7.0
ff6a07b1-05be-4494-b0e7-b3e3b76ac45c,Parno Parno,https://play-lh.googleusercontent.com/a/ACg8ocKYcEo94k2-eGIejuTK6eb_Onnz69QwMp7tQjVRESxRjUZ8ww=mo,sering ngeleg,1,0,8.6.2,2025-04-09 06:45:52,"Hai Kak Parno, Mohon maaf untuk ketidaknyamanannya ya, silakan coba cara berikut ya Kak:
1. Clear cache aplikasi
2. Force close aplikasi
lalu coba login kembali, apabila masih mengalami kendala, silakan hubungi kami melalui DM Instagram @Telkomsel atau chat di tsel.id/chatva. Semoga membantu. :) -Edo",2025-04-09 07:28:46,8.6.2
031a2bb6-0ae4-43cd-93f3-94fea403819e,Adhi Febriant,https://play-lh.googleusercontent.com/a/ACg8ocKO37jIsn7nGmY9wcU4H16lf2y8OtaT-wMgsWui7-JrAfZIoXc=mo,"semakin kesini semakin buruk, hanya telkomsel harga mahal tapi kualitas buruk,,",1,0,8.6.2,2025-04-09 06:34:23,"Hai Kak Adhi, silakan akses aplikasi MyTelkomsel untuk mendapatkan lebih banyak pilihan dan penawaran paket datanya ya, untuk kendala jaringan silakan coba restart handphone kakak. Apabila masih terdapat kendala silakan hubungi kami di DM Instagram @telkomsel atau chat di tsel.id/chatva. Semoga membantu. :) -Edo",2025-04-09 09:33:17,8.6.2
9f2cd09a-000b-480b-b098-a9441a007fd1,Della noferia Yani,https://play-lh.googleusercontent.com/a-/ALV-UjWoI8xzrEKsEvrdF5foIcr4UNYviVmsgAffiQFtJjz1dCsIhug,#Mantul my Telkomsel bisa d akses kapan saja dan dimana saja,5,0,8.6.2,2025-04-09 06:33:04,"Hai Kak Della, terima kasih tetap setia menggunakan layanan Telkomsel. Apresiasi dari Kakak sangat berarti bagi kami dalam meningkatkan layanan dan performa MyTelkomsel. Have a great day 😊 -Sekar",2025-04-09 07:31:05,8.6.2
016760bd-a1c9-49c8-8fca-86fa449d2e75,Arr Syfa,https://play-lh.googleusercontent.com/a-/ALV-UjVcfU_vBzIWnPVAWeMUECTmiRvTawF8dZWk72VW4XHKwzbhdBhj,sinyal gak jelas penuh tapi gada koneksi rugi beli kuota smoga di tutup telkomsel engga amanah bisa nya ngerugiin orang,1,0,8.6.2,2025-04-09 06:30:20,"Hai Kak Syfa, Mohon maaf untuk ketidaknyamanannya, silakan coba restart handphone kakak. Apabila masih terdapat kendala silakan hubungi kami di DM Instagram @telkomsel atau chat di tsel.id/chatva. Semoga membantu. :) -Edo",2025-04-09 09:13:48,8.6.2
30f08917-b1b6-478f-b4ed-a36df46d2e77,Halomoan,https://play-lh.googleusercontent.com/a-/ALV-UjXtVwQhc7epaFnTWwno09sy8CBwD15CxWajNRMLYYSLWfPWZ2U,paket murah bgt,5,0,,2025-04-09 06:24:17,"Hai Kak Halomoan, terima kasih tetap setia menggunakan layanan Telkomsel. Apresiasi dari Kakak sangat berarti bagi kami dalam meningkatkan layanan dan performa MyTelkomsel. Have a great day 😊 -Sekar",2025-04-09 07:35:19,
355768ee-50f6-42ab-9cc7-5f4f95b63868,Ricky Zico,https://play-lh.googleusercontent.com/a-/ALV-UjUek2EHDeoCN1bxLQGNtzfay9TixQ8K8uv8g3BFNoKa3tUDgT30,"oke, saya naikan bintangnya, setelah update, app kembali normal 👍",5,0,8.7.0,2025-04-09 06:19:33,"Hai, Kak Ricky. Maaf banget ya jadi gak nyaman, terkait keluhan informasi yang diberikan pada aplikasi MyTelkomsel gak akurat. Yuk segera hubungi Mimin melalui fitur bantuan di DM Instagram @Telkomsel atau kirim email ke cs@telkomsel.com untuk dibantu lebih lanjut. Mimin tunggu ya kak. Makasih :) -Edo",2024-04-25 10:04:58,8.7.0
00bdcb08-d413-4680-aed2-26508b455e6f,danang prasetyo,https://play-lh.googleusercontent.com/a-/ALV-UjWnaaf0aG_VBcl6oHbFwybUV2Dyktx1TIWmwLYkyZ4lDuJYIaAL,sering eror ngelag gk bisa cek kuota apalagi kalo udah hampir habis waktu internet,1,0,,2025-04-09 06:17:34,"Hai Kak Danang, Mohon maaf untuk ketidaknyamanannya ya, silakan coba cara berikut ya Kak:
1. Clear cache aplikasi
2. Force close aplikasi
lalu coba login kembali, apabila masih mengalami kendala, silakan hubungi kami melalui DM Instagram @Telkomsel atau chat di tsel.id/chatva. Semoga membantu. :) -Edo",2025-04-09 08:02:22,
b9fd1e53-8dc3-47b5-87b4-fff1efaa84da,Naimah Harahap,https://play-lh.googleusercontent.com/a/ACg8ocJUJno_9AdRNinrpHiq7TqS_CTfzxOfElImg5plKhy3_iHQ1g=mo,mantaaap,5,0,,2025-04-09 06:17:28,"Hai Kak Naimah, terima kasih. Tetap pakai aplikasi MyTelkomsel ya 😊 -Sekar",2025-04-09 06:46:51,
62b6ec69-33c6-4e3d-8985-37ce1d79cc77,Jefriman Jefri,https://play-lh.googleusercontent.com/a/ACg8ocLWITKpDR-gVr7CSWKIotoT4FhuUe_VLMxYKQFCIDQXNnSIzg=mo,sangat bagus,5,0,8.7.0,2025-04-09 06:13:06,"Hai Kak Jefri, terima kasih. Tetap pakai aplikasi MyTelkomsel ya 😊 -Sekar",2025-04-09 06:47:38,8.7.0
909929a8-7e5a-4ad6-ab04-735c214ed9ce,asry kun,https://play-lh.googleusercontent.com/a-/ALV-UjX2Jjd3rJkTIyZfzro02lUwHGSZfoam14fp_vIz0UT3xs6bELU,tambah parah jaringan wkwkwkkw paketan juga tambah mahal jaringan tambah anjur juga 🤣🤣🤣🤣🤣🤣🤣🤣🤣🤣🤣🤣🤣🤣🤣🤣🤣🤣🤣🤣🤣🤣🤣,1,0,8.6.2,2025-04-09 06:12:39,"Hai. Mohon maaf atas ketidaknyamanan yang dialami. Untuk keluhan tarif dan jaringan Telkomsel, silakan konfirmasi ke twitter @telkomsel atau Facebook Telkomsel, agar kami bantu pengecekan lebih lanjut. Terima kasih :) -Mega",2019-02-21 09:31:37,8.6.2
8759b0b2-5bad-47e2-8e68-3a51950eaf76,Milton Milton,https://play-lh.googleusercontent.com/a/ACg8ocJIywQ9tNinlNLt6fq4iq14GHld9ZpkE5dcTLrSnVxx0nJKLg=mo,aku gak bisa login masukin no telp knpa verifikasi malah muncul link gak bisa di buka,1,0,8.6.2,2025-04-09 06:12:38,"Hai Kak Milton, Mohon maaf untuk ketidaknyamanannya ya, silakan coba cara berikut ya Kak:
1. Clear cache aplikasi
2. Force close aplikasi
lalu coba login kembali, apabila masih mengalami kendala, silakan hubungi kami melalui DM Instagram @Telkomsel atau chat di tsel.id/chatva. Semoga membantu. :) -Edo",2025-04-09 08:01:46,8.6.2
172b187d-241e-4825-a11b-d71318161d98,yoyo sudrajat,https://play-lh.googleusercontent.com/a-/ALV-UjVeI7OJnDs1dQ5ZGmRb1G3Aqi2mEaWR-r52aCA3Wi2EhODxf6M,sangat berat aplikasinya ram 8gb masih lemot sungguh luarbiasa mytelkomsel,1,0,8.7.0,2025-04-09 06:10:43,"Hai Kak Yoyo, Mohon maaf untuk ketidaknyamanannya ya, silakan coba cara berikut ya Kak:
1. Clear cache aplikasi
2. Force close aplikasi
lalu coba login kembali, apabila masih mengalami kendala, silakan hubungi kami melalui DM Instagram @Telkomsel atau chat di tsel.id/chatva. Semoga membantu. :) -Edo",2025-04-09 09:14:23,8.7.0
c6a08748-7cf5-481a-8b3e-33bc4587ef9d,Dimas Taib,https://play-lh.googleusercontent.com/a/ACg8ocJk80fDkIG3IeQJ-IbiOumJFiyIN3jpuxJ2jhqoEGVZRTmEiA=mo,jelek banget Ni aplikasi gak bisa d buka tolong perbaiki,2,0,8.6.2,2025-04-09 06:09:13,"Hai Kak Dimas, Mohon maaf untuk ketidaknyamanannya ya, silakan coba cara berikut ya Kak:
1. Clear cache aplikasi
2. Force close aplikasi
lalu coba login kembali, apabila masih mengalami kendala, silakan hubungi kami melalui DM Instagram @Telkomsel atau chat di tsel.id/chatva. Semoga membantu. :) -Edo",2025-04-09 12:53:01,8.6.2
e662f66c-3567-458b-93a2-b1d411983c41,Ilham Ranau,https://play-lh.googleusercontent.com/a/ACg8ocK8s4F7okW3iAX3qpq1j9Le6gVvrCL6uIYbQHLX1fTc5E0HDw=mo,mantap,1,0,8.3.0,2025-04-09 06:04:29,"Hai Kak Ilham, terima kasih tetap setia menggunakan layanan Telkomsel. Apresiasi dari Kakak sangat berarti bagi kami dalam meningkatkan layanan dan performa MyTelkomsel. Have a great day :) -Edo",2025-04-09 09:15:18,8.3.0
e7139909-e9b1-4c29-ad45-c7bac38eabe7,Kifir Al,https://play-lh.googleusercontent.com/a/ACg8ocJ8tX95jGGWoi9ELcptvHrS6-ukGFIf9H2tA0IBMwR7SGYITw=mo,sinyalnya busuk buat main game,1,0,8.6.2,2025-04-09 06:04:03,"Hai Kak Kifir, Mohon maaf untuk ketidaknyamanannya, silakan coba restart handphone kakak. Apabila masih terdapat kendala silakan hubungi kami di DM Instagram @telkomsel atau chat di tsel.id/chatva. Semoga membantu. :) -Edo",2025-04-09 08:17:05,8.6.2
188dff28-a4ad-4764-b560-1ad2638a8e5a,Rajendra,https://play-lh.googleusercontent.com/a-/ALV-UjXbJQoWrDIuUtpjFkss4o9JTWeF6zds4F24BYurVdyfoOegP_0,gabisa di sambungin ke dana pembayaran nya padahal udah nyoba berapa kali ttp gabisa bacaan nya juga (gAgAL MeNyAmBuNgKaN MoHoN CoBA LaGi) udah lebih dari 100x terus juga kesalahan sistem kesalahan sistem ah cape entah sistem mana yang mau disalahin 😹😹,1,0,8.6.2,2025-04-09 06:02:27,,,8.6.2
f1165e5f-722a-4775-aeef-bfec3a868b16,Rorofatima N.k,https://play-lh.googleusercontent.com/a-/ALV-UjXQq_Qv9obl1xqU0QybrAUFq78VEM7X8rg1x4Zj-FTJQZpeYpS8,kak ngeleg,3,0,8.0.1,2025-04-09 05:55:39,,,8.0.1
1f742caa-a639-4a74-91ed-6ca5288b07d2,Rusdi Alvin,https://play-lh.googleusercontent.com/a-/ALV-UjVLeUQTvIEDb4H0UkgsdPxr0HWMjkj37rNaQ33H-UZ5ujdzkMg,Terimakasih sudah jujur,5,0,8.6.2,2025-04-09 05:53:38,"Hai Kak Alvin. Mohon maaf untuk ketidaknyamanannya, karena kami memerlukan informasi lebih lanjut untuk membantu kakak, silakan hubungi kami di DM Instagram @telkomsel atau chat di tsel.id/chatva. Semoga membantu. 😊 -Sekar",2025-04-09 06:07:33,8.6.2
264348b0-3db4-4895-8898-d55850cc35ed,fredek corputty,https://play-lh.googleusercontent.com/a/ACg8ocLRfNfCV3gJLgQJARIk8-6FaaNVySroAb3yDntqlZXxxFlJ=mo,app bagus banget,5,0,8.7.0,2025-04-09 05:52:15,"Hai Kak Fredek, terima kasih. Tetap pakai aplikasi MyTelkomsel ya 😊 -Sekar",2025-04-09 06:48:10,8.7.0
9f23fdcf-a1b6-4f96-9d53-6716f565909f,Yadi Nayy Band,https://play-lh.googleusercontent.com/a-/ALV-UjUzu1OOjqkMOyw7-04CJAOkPLYZa02eXDKQjf6__hiaFIc8FEA,#mantulnya my telkomsel,5,0,8.6.2,2025-04-09 05:51:08,"Hai Kak Yadi, terima kasih. Tetap pakai aplikasi MyTelkomsel ya 😊 -Sekar",2025-04-09 06:48:46,8.6.2
3f0cbb74-20f4-4741-bb39-07f9723954bd,Susi Yanto,https://play-lh.googleusercontent.com/a/ACg8ocLW-VuDJLCXMLoMDemrZwUkOwZZpKiPvhmwqxaRrurY5hrTew=mo,"sumpah makin kesini makin parah😭😭 paket banyak, sinyal penuh, tapi lemot, main game lag Mulu. udah mahal minimal perbaiki jaringan lah woi😭😭 sorry bgt ini mah bintang 1. kecewa bangettttttttt dari dulu gini² aja",1,0,8.6.2,2025-04-09 05:48:27,"Hai Kak Susiyanto, silakan akses aplikasi MyTelkomsel untuk mendapatkan lebih banyak pilihan dan penawaran paket datanya ya, untuk kendala jaringan silakan coba restart handphone kakak. Apabila masih terdapat kendala silakan hubungi kami di DM Instagram @telkomsel atau chat di tsel.id/chatva. Semoga membantu. :) -Edo",2025-04-09 08:31:33,8.6.2
73c5ecb6-e345-4ea5-91e7-0e28d09479dc,Sirombu Nias,https://play-lh.googleusercontent.com/a/ACg8ocJjslRitd0CFTXZPTaKHpn37Xof0RkLlqHW29wVDEXZEMzSCg=mo,"#canggihnya my telkomsel bikin beli paket jadi cepat, praktis dan hemat.",5,0,8.6.2,2025-04-09 05:47:48,"Hai Kak Sirombu, terima kasih tetap setia menggunakan layanan Telkomsel. Apresiasi dari Kakak sangat berarti bagi kami dalam meningkatkan layanan dan performa MyTelkomsel. Have a great day 😊 -Sekar",2025-04-09 06:49:10,8.6.2
5a43f244-6009-4136-8f4d-73564d311cbc,dedek eltriani,https://play-lh.googleusercontent.com/a-/ALV-UjWE_1vLwnfTHIvltXNWDP9evWNEOBopiL06h5ItjamcFik6Kyc,#Luarbiasa paket internet Telkomsel bisa dibeli dalam beberapa klik aja di my telkomsel,5,0,8.7.0,2025-04-09 05:47:10,"Hai Kak Eltriani, terima kasih tetap setia menggunakan layanan Telkomsel. Apresiasi dari Kakak sangat berarti bagi kami dalam meningkatkan layanan dan performa MyTelkomsel. Have a great day 😊 -Sekar",2025-04-09 06:49:41,8.7.0
62efa0a7-c499-4c52-bad2-362dc4b7d8cd,Sulhu Choir,https://play-lh.googleusercontent.com/a-/ALV-UjUaIyLnseYA_a_drheMy8oH5_cEFYQtT62cGqmAp0S_GAx7OGQ,edit ke-2: solusi dari mytsel sudah diterapkan. tapi masih loading gak kelar2. saya coba hapus data dan login lagi. bisa tapi besoknya balik lagi loading. masa mau cek kuota aja harus hapus data login lagi terus.,1,3,8.7.0,2025-04-09 05:46:22,"Hai Kak Sulhu. Mohon maaf untuk ketidaknyamanannya ya, silakan coba cara berikut ya Kak:
1. Clear cache aplikasi
2. Force close aplikasi
lalu coba login kembali, apabila masih mengalami kendala, silakan hubungi kami melalui DM Instagram @Telkomsel atau chat di tsel.id/chatva. Semoga membantu. 😊 -Sekar",2025-04-05 11:11:01,8.7.0
35cba8c8-c1c2-4f28-8730-beb4c20aef1f,Dika Ramadhan01,https://play-lh.googleusercontent.com/a/ACg8ocLQQLcbuemSAUrqymDcHX4w2qqvGXOJ5PykNMctQ3ymI_qBgg=mo,"permisi admin tercinta apakah bisa aplikasi nya itu tidak lemot dan gampang banget delay nya, saya beli paket seharga sekian tapi saya cek di aplikasi my telkomsel selalu delay apakah bisa di perbagus kan aplikasi ini, biar proses nya itu cepat dan tidak ada delay satupun makasih banyak min",3,0,8.6.2,2025-04-09 05:38:50,,,8.6.2
d55392c6-14d2-4f41-806b-d703b420061a,Kang Anam,https://play-lh.googleusercontent.com/a/ACg8ocIctNa8LJ4987pph5IJizPL2F16-h90dZm5iUpZ9QWpykctfA=mo,saya curiga APK MyTelkomsel bekerja sama dengan pihak yang mencuri (mengurangi tanpa izin tertulis atau lisan) pulsa yang tersisa di Akun...,1,0,8.6.2,2025-04-09 05:36:44,"Hai Kak Anam, Mohon maaf untuk ketidaknyamanannya, karena kami memerlukan informasi lebih lanjut untuk membantu kakak, silakan hubungi kami di DM Instagram @telkomsel atau chat di tsel.id/chatva. Semoga membantu. :) -Edo",2025-04-09 08:27:56,8.6.2
6f1ed865-4900-4ba0-8cef-dfb38f97c934,Shion Mark,https://play-lh.googleusercontent.com/a/ACg8ocIeZVVdcbnkz7t9yXKhK4njlX1hxIScu7HZPokQdMM8lqVg3g=mo,jaringan pdhal lancar tapi di apk nya lemot bet bjir lah,2,0,8.6.2,2025-04-09 05:36:32,"Hai Kak Shion, Mohon maaf untuk ketidaknyamanannya ya, silakan coba cara berikut ya Kak:
1. Clear cache aplikasi
2. Force close aplikasi
lalu coba login kembali, apabila masih mengalami kendala, silakan hubungi kami melalui DM Instagram @Telkomsel atau chat di tsel.id/chatva. Semoga membantu. :) -Edo",2025-04-09 12:14:01,8.6.2
a2417129-4ab7-4972-8c6f-30c725bb9a4b,Nahar Coklat,https://play-lh.googleusercontent.com/a-/ALV-UjUmI1ioOxHs36BRGRdSriyICKH5pr27WgwVcVjn9dLs37KZhtU,ngelek,1,0,,2025-04-09 05:34:49,"Hai Kak Nahar, Mohon maaf untuk ketidaknyamanannya, silakan coba restart handphone kakak. Apabila masih terdapat kendala silakan hubungi kami di DM Instagram @telkomsel atau chat di tsel.id/chatva. Semoga membantu. :) -Edo",2025-04-09 08:18:57,
b7be267a-adc8-4589-ab56-80d912029ad3,ainie chasanah,https://play-lh.googleusercontent.com/a-/ALV-UjXHanJGc2qC9JF3s0mtNGY7eK6cyhN-U9xs05EHuhDTzAdeigu-,mau buka apkny susah bnget,1,0,8.6.2,2025-04-09 05:33:05,"Hai Kak Ainie. Mohon maaf untuk ketidaknyamanannya. Untuk kendala akses aplikasi MyTelkomsel, Kakak bisa langsung menghubungi kami di DM Instagram @Telkomsel atau hubungi kami di tsel.id/chatva. Semoga membantu. 😊 -Sekar",2025-04-09 06:06:19,8.6.2
fa63cd33-f6bc-458f-b109-6846473f8d7c,Irfandi baihaqi Titohu,https://play-lh.googleusercontent.com/a/ACg8ocJh-jmYrSToFP16Iydj93h-bp4d1FGi8Deyo_cy0HzuC8bAQw=mo,"s belumnya saya minta maaf kenapa pemilik telkomsel🙏semoga tambah berkah, tambah maju",5,0,8.7.0,2025-04-09 05:30:48,"Hai Kak Irfandi, terima kasih. Tetap pakai aplikasi MyTelkomsel ya 😊 -Sekar",2025-04-09 06:50:36,8.7.0
40dc3319-086b-4281-8e7f-3f987c698333,Mario Sintiko,https://play-lh.googleusercontent.com/a/ACg8ocJ8AzFzxv4jdQtD_18nd8NCFrVy2Dclw-ilN7-93LS5g7R14g=mo,"aplikasi lemot,,,padal sinyal full,,buat lain2 satset,,giliran buka my Telkomsel,,lemot poll",3,0,8.6.2,2025-04-09 05:25:52,,,8.6.2
90e6c7ae-7c63-4f96-aaa4-72b5069c6bda,Lathifah Khairun nisa',https://play-lh.googleusercontent.com/a-/ALV-UjUTHKBAuuCoJdtqxqAggjt4eT42MRyfRWCI2dRf0oXDKmGJaYML,Telkomsel mantap selalu ada #Mantul,5,0,8.6.2,2025-04-09 05:23:51,"Hai Kak Lathifah, terima kasih. Tetap pakai aplikasi MyTelkomsel ya 😊 -Sekar",2025-04-09 06:51:02,8.6.2
d3665b62-19c1-435e-99c2-e1515f3ec05c,Raf ki,https://play-lh.googleusercontent.com/a-/ALV-UjWrqiN8G_iAfTaXJhEGvjTwKsKV_HMIjuSj3-bYmF_KUJkSO4k,gua dapat paket gratis,5,0,,2025-04-09 05:16:40,"Hai Kak Raf, terima kasih. Tetap pakai aplikasi MyTelkomsel ya 😊 -Sekar",2025-04-09 06:51:16,
430f629a-7e74-49e5-8e7a-55cfef926fa2,Cirebon City,https://play-lh.googleusercontent.com/a-/ALV-UjWS_5Uqt_3Uu3urMHZsaneUOIDT_nm325Wgt1wd5vBhEe24qDwy,udah 12 tahun 😌 undian tidak pernah dapat,5,0,8.7.0,2025-04-09 05:12:11,,,8.7.0
bdc85eb3-67d2-4bdf-b1d3-8e0046764c5b,Martis God of war,https://play-lh.googleusercontent.com/a-/ALV-UjUlPpAof8DnKjax4K8yfhoTHospOnnbhOTk6liDvrVdETGFexw,"gk ada hujan gak ada angin ngelagny minta ampun, masalahnya bukan cuma 1 kali 2 kali, ini terlalu sering, mending kartu lain dari pada make telkom",1,0,,2025-04-09 05:06:11,"Hai Kak Martis. Mohon maaf untuk ketidaknyamanannya, silakan coba restart handphone Kakak. Apabila masih terdapat kendala silakan hubungi kami di DM Instagram @telkomsel atau chat di tsel.id/chatva. Semoga membantu. :) -Sekar",2025-04-09 06:10:23,
455868a9-3836-467f-af6f-d6b6ed019f85,Khaerun Nanu,https://play-lh.googleusercontent.com/a/ACg8ocIDkmaK8zW1ReXQE91M09AyR5q0lopjFTOwj9ZvYvLf55aThQ=mo,Kenapa setiap mau klaim extra benefit disney hotstar Selalu loading sih,2,0,,2025-04-09 05:02:53,,,
34fb36c6-2533-4768-bb00-dbba8598ef25,Edi Zendrato,https://play-lh.googleusercontent.com/a/ACg8ocLs_NN-0yPBkRGD8bwaNCrjjZvV1H7CbXsdPcQP92FJjbCxNg=mo,"Canggihnya My Telkomsel bikin beli paket jadi cepat, praktis, dan hemat",5,0,,2025-04-09 04:58:23,"Hai Kak Edi, terima kasih tetap setia menggunakan layanan Telkomsel. Apresiasi dari Kakak sangat berarti bagi kami dalam meningkatkan layanan dan performa MyTelkomsel. Have a great day 😊 -Sekar",2025-04-09 06:51:48,
2b9d7af2-4207-4004-b37d-f809887db9f5,Deri Cahyana,https://play-lh.googleusercontent.com/a-/ALV-UjU53sGerdREKSLb21JKDzAToKoZNANYpMl7aIRphdH7FUGa_bjB,APLIKASI SAMPAH. GAK BISA DI PAKE PAS URGENT BUTUH KUOTA.,1,0,8.7.0,2025-04-09 04:54:52,Hai Kak Deri. Mohon maaf untuk ketidaknyamanannya. Untuk kendalanya Kakak bisa langsung menghubungi kami di DM Instagram @Telkomsel atau hubungi kami di tsel.id/chatva. Semoga membantu. 😊 -Sekar,2025-03-25 12:29:37,8.7.0
d1ea3f18-ce09-4c45-8c4f-c76012a0a2c7,Maria Beril,https://play-lh.googleusercontent.com/a-/ALV-UjUYKyTQZBrLR_G8tGLlO3UlK1zyPKE3f2zyKL-jHd4QVCaw5KMY,buka lelet bngttttttt tolong cepat berbenahhh,1,0,8.6.2,2025-04-09 04:53:23,"Hai Kak Maria. Mohon maaf untuk ketidaknyamanannya, silakan coba restart handphone Kakak. Apabila masih terdapat kendala silakan hubungi kami di DM Instagram @telkomsel atau chat di tsel.id/chatva. Semoga membantu. :) -Sekar",2025-04-09 06:10:43,8.6.2
29411b3a-a349-410a-bef6-0275350efb72,Tirta,https://play-lh.googleusercontent.com/a-/ALV-UjXP8x7x8YrOr2B-qGlH5MlZRiIHc5oPkxGW5xOAuQNFL5do23lw,"Sinyal kagak pernah bener, main game lag parah. Provider licik, diam2 potong pulsa dgn beralasan kirim sms ""anda sdg akses internet tarif non paket"" dan kemarin sy beli paket dari hp lain, pas cek kuota (mytelkomsel dr hp lain) tiba2 berkurang 200mb. Padahal data simcard di hp tsb tidak pernah nyala. provider ini sangat-sangat licik.",1,14,8.6.2,2025-04-09 04:52:42,"Hai, Kak Tirta. Maaf ya. Mengenai tarif paket Telkomsel dan keluhan sinyal, agar dapat mimin bantu lebih optimal, yuk hubungi mimin melalui akun Twitter @telkomsel, Telegram @Telkomsel _official_bot, atau Facebook Messenger 'Telkomsel'. Mimin tunggu ya Kak. Makasih :) -Sakia",2022-09-04 01:37:40,8.6.2
eb28698d-cbb0-4a58-97c2-34a5c40380cf,Ahmad ikram Ikram,https://play-lh.googleusercontent.com/a/ACg8ocLrfDJ26Cnc6TWhVFdo2a_53cx5jcOeySq5JNIId3-VGr4FMg=mo,"aplikasinya bagus, mantap banget",5,0,8.6.2,2025-04-09 04:51:46,"Hai Kak Ahmad, terima kasih. Tetap pakai aplikasi MyTelkomsel ya 😊 -Sekar",2025-04-09 06:52:12,8.6.2
29f2403c-7d91-45a3-9706-1c4365a3ee55,Rudy,https://play-lh.googleusercontent.com/a/ACg8ocJR0FInMmyjbczzMINxNRecF6AUdBojXoyW0m5NhoOzm4IZXA=mo,"sinyal lancar, tapi aplikasinya muter muter terus gak bisa di refresh",1,0,,2025-04-09 04:50:38,"Hai Kak Rudy. Mohon maaf untuk ketidaknyamanannya ya, silakan coba cara berikut ya Kak:
1. Clear cache aplikasi
2. Force close aplikasi
lalu coba login kembali, apabila masih mengalami kendala, silakan hubungi kami melalui DM Instagram @Telkomsel atau chat di tsel.id/chatva. Semoga membantu. 😊 -Sekar",2025-04-09 06:11:35,
0d3e478d-05ee-412c-835f-0eb610a0eac4,ziyan khaerul,https://play-lh.googleusercontent.com/a/ACg8ocIL0Z7jBCdqW2_GItHDWLJ8mIpSLwv6VfQ7pBaDQS7h24ZgTQ=mo,"lama banget buka aplikasi muter , tida bisa di akses harus di hps teruss download lagi,jaringan kadang bagus kadang engga , mohon diperbaiki terimakasih",3,0,8.7.0,2025-04-09 04:48:36,"Hai, Kak Ziyan. Maaf banget ya. Terkait keluhan sinyal lemah, yuk hubungi Mimin melalui akun Twitter @telkomsel atau Facebook Messenger 'Telkomsel' agar dibantu lebih lanjut. Mimin tunggu ya Kak. Makasih :) -Alma",2023-05-18 00:16:18,8.7.0
caafd2c6-2f14-4742-aa93-25cc826a14cf,Muhammad Sholeh,https://play-lh.googleusercontent.com/a/ACg8ocLSroPpc1orkVoJqTpV_wJHIN14uCWLGwUoRqHtihzOEe0HHQ=mo,aplikasi ngebugg loading ga kelar2. kadang aneh sama jaringan Telkom. sinyall full tapi jaringann lemott dan kalo di pakai main game ngelagg jaringan tidak stabill. tolong di perbaiki,1,0,8.6.2,2025-04-09 04:46:44,"Hai Kak Sholeh. Mohon maaf untuk ketidaknyamanannya, silakan coba restart handphone Kakak. Apabila masih terdapat kendala silakan hubungi kami di DM Instagram @telkomsel atau chat di tsel.id/chatva. Semoga membantu. :) -Sekar",2025-04-09 06:13:17,8.6.2
6a019fa9-559c-47d2-b1d9-fc6b018ac47f,A2corp02 A2corp02,https://play-lh.googleusercontent.com/a/ACg8ocKHJysMLYENmKDRlIsy7sIa5FD1nnw3gidNL2iMP8P--_eyxw=mo,Telkomsel akses dimana saja #Mantul,5,0,8.7.0,2025-04-09 04:46:17,"Hai Kak A2corp02, terima kasih. Tetap pakai aplikasi MyTelkomsel ya 😊 -Sekar",2025-04-09 06:53:08,8.7.0
f775eabf-3d65-48ff-b5c4-41c6f28f800f,Rahmat Hidayat,https://play-lh.googleusercontent.com/a/ACg8ocIgINpZGFBDG1Hh97w2xXpUhqPbGunyGRRl-HVYHUsv42BeeQ=mo,mantap,5,0,8.2.0,2025-04-09 04:45:15,"Hai Kak Rahmat, terima kasih. Tetap pakai aplikasi MyTelkomsel ya 😊 -Sekar",2025-04-09 06:53:18,8.2.0
18e8455b-870f-4f9c-bc81-be03954bf748,Acep Pitrian,https://play-lh.googleusercontent.com/a/ACg8ocKPqNSKWwt-KnbkvfS3b6QmclLS18PHrF-pwOar5HmP7k2ZKQ=mo,"tolong min sinyalnya perbaiki suka jelek pas main game ml,padahal pas scroll tt bagus",1,0,8.6.2,2025-04-09 04:39:41,"Hai Kak Acep, Mohon maaf untuk ketidaknyamanannya, silakan coba restart handphone kakak. Apabila masih terdapat kendala silakan hubungi kami di DM Instagram @telkomsel atau chat di tsel.id/chatva. Semoga membantu. :) -Edo",2025-04-09 10:04:25,8.6.2
652adca0-c801-469a-99a7-a6ad07ce7275,sahrul pasande,https://play-lh.googleusercontent.com/a-/ALV-UjXRgt8s4aNG0C_oc_W93ZFi57-IwaQ8czrh3laImcqED-ZR_ZQ,cukup bagus,5,0,,2025-04-09 04:37:47,"Hai Kak Sahrul, terima kasih. Tetap pakai aplikasi MyTelkomsel ya 😊 -Sekar",2025-04-09 06:53:35,
455d21b5-5762-49ec-8159-661fc5bc7044,18.M.izamzia Nurzami XIII KA-1,https://play-lh.googleusercontent.com/a-/ALV-UjV4szfQ0Yi8vDl6qjifjz4W0THZ3R2A4IALB23wUCOK5rrTg1g,"sudah sangat lama saya gunakan Telkomsel sebagai pilihan utama saya dan sahabat ponsel saya. Namun belakangan ini menurun drastis kualitas nya, 1.pertama aplikasinya tidak langsung mendapatkan kuota yang telah di beli,saya sampai nunggu 4 jam baru masuk kuotanya. 2.sering kali kuota tiba tiba tidak bisa digunakan sama sekali, terutama untuk yang kuota nya cuma 1 hari (termasuk kuota darurat) itu jadi sia sia beli kuota namun tidak bisa digunakan sama sekali (sama saja sih,bukan hanya yg 1 hari)",2,464,8.6.2,2025-04-09 04:34:53,,,8.6.2
401fbb80-1a93-450a-8be5-c1cc7ea3c59e,Denny Djie,https://play-lh.googleusercontent.com/a/ACg8ocKCwlhqrDhudMGjRTItX_pj0IS3rZtZ_HzXlBlfR5T9GvvdYg=mo,gabisa dibuka,1,0,8.6.2,2025-04-09 04:34:00,"Hai Kak Denny, Mohon maaf untuk ketidaknyamanannya ya, silakan coba cara berikut ya Kak:
1. Clear cache aplikasi
2. Force close aplikasi
lalu coba login kembali, apabila masih mengalami kendala, silakan hubungi kami melalui DM Instagram @Telkomsel atau chat di tsel.id/chatva. Semoga membantu. :) -Edo",2025-04-09 08:29:15,8.6.2
a71975cb-fa2d-467e-b07e-777a021fbc47,Sayuti Suaib,https://play-lh.googleusercontent.com/a-/ALV-UjV4WgGhp86Ly5xRge5glaNw4uL-IpEOqs2m_w5DKJTEtFm_djI,Ok.,5,0,8.6.2,2025-04-09 04:33:35,"Hai Kak Sayuti, terima kasih. Tetap pakai aplikasi MyTelkomsel ya 😊 -Sekar",2025-04-09 06:53:48,8.6.2
046b5e04-074e-4712-9ba4-7da70447ed96,Dani Dani,https://play-lh.googleusercontent.com/a/ACg8ocIxmNMJQVwcT9IasWaDJS7-C9xHRDTeUCQ79xuzhagjcf1GcA=mo,#Mantulnya mytelkomsel dapat diakses kapan saja dimana saja,5,0,8.6.2,2025-04-09 04:29:37,"Hai Kak Dani, terima kasih. Tetap pakai aplikasi MyTelkomsel ya 😊 -Sekar",2025-04-09 06:54:04,8.6.2
803139b7-55ee-482e-b7e1-0629ac9767ad,Teguh Triyadi,https://play-lh.googleusercontent.com/a/ACg8ocI_DYCuh9cuLPK8ejhtqylhHBa1ofvlMm01pe9JwcZYWCKXMA=mo,saya sangat puas menggunakan mytelkomsel,4,0,8.6.2,2025-04-09 04:28:09,"Hai Kak Triyadi, terima kasih tetap setia menggunakan layanan Telkomsel. Apresiasi dari Kakak sangat berarti bagi kami dalam meningkatkan layanan dan performa MyTelkomsel. Have a great day 😊 -Sekar",2025-04-09 06:33:58,8.6.2
eb2fe8a4-b18b-43e1-ba5f-067947872a15,LambueTitusBransma Silaen,https://play-lh.googleusercontent.com/a/ACg8ocIO_DydeyCw3Rc1eTjJdVuqxRtBV37nHEf-W4Nj4EzenWSwSQ=mo,APLIKASI TERBURUK DI PLAY STORE ...,1,0,8.6.2,2025-04-09 04:27:06,"Hai Kak Lambue, Mohon maaf untuk ketidaknyamanannya ya, silakan coba cara berikut ya Kak:
1. Clear cache aplikasi
2. Force close aplikasi
lalu coba login kembali, apabila masih mengalami kendala, silakan hubungi kami melalui DM Instagram @Telkomsel atau chat di tsel.id/chatva. Semoga membantu. :) -Edo",2025-04-09 09:34:57,8.6.2
7f5f9b8d-bb58-4f69-8ea6-eb0ec23db882,Khobar Lalu,https://play-lh.googleusercontent.com/a/ACg8ocIm7OTThJEmLIBfINjBljXNpE1zlcIL0WWGkSYdoEFImynhXA=mo,mantap pokoknya,4,0,8.6.2,2025-04-09 04:25:20,"Hai Kak Khobar, terima kasih. Tetap pakai aplikasi MyTelkomsel ya 😊 -Sekar",2025-04-09 06:33:34,8.6.2
974835a9-a0cd-41d2-8d87-d0614c2b1a26,Yusuf Kurnia,https://play-lh.googleusercontent.com/a/ACg8ocImzN53hx18q7Lpn1tByLNmw-vXWL8EyGcJmEDbP-miYb43aQ=mo,"padahal udah pakai wifi, buka aplikasinya serasa di tengah hutan, aplikasi susah dibuka terasa berat, patah-patah, ngebug, dan selalu loading. tolong diperbaiki",1,0,8.7.0,2025-04-09 04:23:47,,,8.7.0
a604e2a5-2d32-40a3-b79e-001fc6ec4b9f,SPOT Data,https://play-lh.googleusercontent.com/a/ACg8ocL_iw7YQlAlXHvG7mt2DUVAsbguaXaHTMxrWX2r3Sk3Cfj4ww=mo,telkomsel selalu di depan #Mantul,5,0,,2025-04-09 04:22:31,"Hai Kak Data, terima kasih. Tetap pakai aplikasi MyTelkomsel ya 😊 -Sekar",2025-04-09 06:54:22,
378f6352-a2ba-424d-b47e-ba10f8b5d0ae,Menteng Agung,https://play-lh.googleusercontent.com/a/ACg8ocLbKigudUpP5HuobzmuLsFrD5_Ds4P5T_Rr0rYAfZhs3NUuzg=mo,mantap,5,0,8.6.2,2025-04-09 04:21:54,"Hai Kak Menteng, terima kasih. Tetap pakai aplikasi MyTelkomsel ya 😊 -Sekar",2025-04-09 06:54:38,8.6.2
8a4ee7f0-dd18-497a-bdc7-f71f0292b7ce,Pengguna Google,https://play-lh.googleusercontent.com/EGemoI2NTXmTsBVtJqk8jxF9rh8ApRWfsIMQSt2uE4OcpQqbFu7f7NbTK05lx80nuSijCz7sc3a277R67g,harga paketan kuota datanya makin hari makin mahal....😭😭😭😭😭,2,0,8.6.2,2025-04-09 04:20:18,"Mohon maaf ya, Kak. Untuk keluhan jaringan agar dapat mimin bantu lebih lanjut, silakan konfirmasi ke Twitter @Telkomsel, atau bisa melalui Telegram @Telkomsel_official_bot , Facebook Messenger 'Telkomsel', LINE @Telkomsel, atau WhatsApp Telkomsel Virtual Asisten. Makasih :) –Lina",2022-07-13 05:48:56,8.6.2
394fcdb3-ce35-4ed8-a40b-fac940714a62,Pengguna Google,https://play-lh.googleusercontent.com/EGemoI2NTXmTsBVtJqk8jxF9rh8ApRWfsIMQSt2uE4OcpQqbFu7f7NbTK05lx80nuSijCz7sc3a277R67g,tolong dong diperbaiki aplikasinya tidak bisa login mau beli paket kuota makin susah aja ini aplikasi suka keluar sendiri,1,0,8.6.2,2025-04-09 04:20:12,"Hai, Kak. Maaf atas pengalaman yang kurang menyenangkan, terkait keluhan kesulitan untuk cek paket yang ingin dibeli di aplikasi MyTelkomsel. Yuk segera hubungi Mimin melalui fitur bantuan di DM Instagram @Telkomsel atau kirim email ke cs@telkomsel.com untuk dibantu lebih lanjut. Mimin tunggu ya kak. Makasih :) -Edo",2024-08-26 04:21:25,8.6.2
785cd4d4-b437-4f77-8722-5ff87450ce46,Toing Toing,https://play-lh.googleusercontent.com/a/ACg8ocK6WmxSLojQtLaHXAY3PPluwaJHWr2KQK6Npafx7pgNz4TeIw=mo,good,5,0,8.6.2,2025-04-09 04:18:26,"Hai Kak Toing, terima kasih. Tetap pakai aplikasi MyTelkomsel ya 😊 -Sekar",2025-04-09 06:54:54,8.6.2
db551e78-da03-429c-bdac-2f6adfc5e568,Muhammad Alfan,https://play-lh.googleusercontent.com/a-/ALV-UjVhnIhga1gyP4C6oOCZEnyOuYnr7rMo80SitKQKo6KfuXsnii4XwQ,"Aplikasinya bagus, saran tingkatin lagi pojok bacanya kayak komiknya di perbanyak, jadi kalo gabut bisa baca komik disitu",5,0,8.7.0,2025-04-09 04:13:39,"Hai Kak Alfan, terima kasih tetap setia menggunakan layanan Telkomsel. Apresiasi dari Kakak sangat berarti bagi kami dalam meningkatkan layanan dan performa MyTelkomsel. Have a great day 😊 -Sekar",2025-04-09 06:55:12,8.7.0
01e5b351-17f9-464d-9dbe-646066b05ef7,Welly Hang,https://play-lh.googleusercontent.com/a/ACg8ocL-3rgyLHGLRHfr3kWkaIHbQdfcK5funQO139jpwRUrkrAtpQ=mo,wadu parah gua beli paket promo 16GB harga 22ribu bayar via dana Malah gak masuk dan dana gua udah terpotong parah banget nih aplikasi,1,0,,2025-04-09 04:13:08,"Hai Kak Welly, Mohon maaf untuk ketidaknyamanannya, karena kami memerlukan informasi lebih lanjut untuk membantu kakak, silakan hubungi kami di DM Instagram @telkomsel atau chat di tsel.id/chatva. Semoga membantu. :) -Edo",2025-04-09 10:16:29,
51ebae50-3e77-4fb8-b175-6afc9d59f832,Andr Mlnaaa,https://play-lh.googleusercontent.com/a/ACg8ocLjMpGeMfHHtqyp1QaqZgAq9oMOq3ICUYucskj8f0CGD7r4AQ=mo,ngelek Telkomsel,1,0,,2025-04-09 04:11:11,"Hai Kak Andr, Mohon maaf untuk ketidaknyamanannya, silakan coba restart handphone kakak. Apabila masih terdapat kendala silakan hubungi kami di DM Instagram @telkomsel atau chat di tsel.id/chatva. Semoga membantu. :) -Edo",2025-04-09 09:36:14,
c4894e19-805c-4b75-8468-fe2296df9712,9H.07 Aulia Shafira Putri Yordiansyah,https://play-lh.googleusercontent.com/a-/ALV-UjXa0Y3jFca4lT9pTWser_bgZMu3kSdl7_4Gw_g4OnX-e8NVu2E,sangat membantu saat kita ingin tahu sisa dan berapa jumlah kuota internet kita.,5,0,8.6.2,2025-04-09 04:11:09,"Hai Kak Aulia, terima kasih tetap setia menggunakan layanan Telkomsel. Apresiasi dari Kakak sangat berarti bagi kami dalam meningkatkan layanan dan performa MyTelkomsel. Have a great day 😊 -Sekar",2025-04-09 06:55:47,8.6.2
bfed9b83-4439-4708-9814-d63b4bc45a50,Nurie Alfhilail,https://play-lh.googleusercontent.com/a-/ALV-UjU5WwMoqazPiX0FVCyMAz9DPJ9GbTRKhjIAyLyLaiknNf0pd0I,kecewa berat sama Telkomsel karena tidak bisa menuntaskan permasalahkan customer segitu udah sering ngadu tapi gak ada kepastian sama sekali,1,0,8.3.0,2025-04-09 04:10:30,"Hai Kak Nurie, Mohon maaf untuk ketidaknyamanannya, karena kami memerlukan informasi lebih lanjut untuk membantu kakak, silakan hubungi kami di DM Instagram @telkomsel atau chat di tsel.id/chatva. Semoga membantu. :) -Edo",2025-04-09 08:33:47,8.3.0
79ef6404-748b-4896-b885-f7be45d1e6c1,Feni Sahara,https://play-lh.googleusercontent.com/a-/ALV-UjWMEqqb47f7KX3oGdcT2_IeoigPWo3scnwxl70EdZ9-sSFJYLg1Mw,kudu cari wifi tiap kali buka apk 🥲,5,0,8.6.2,2025-04-09 04:07:09,,,8.6.2
773967f3-ccbe-4be5-b832-ce77758afb59,Zul Hadini,https://play-lh.googleusercontent.com/a/ACg8ocIdvVmggl6bzUouneEXzJJK0En_Lek0xPMfsW09adhjZB48OA=mo,sangat membantu,5,0,8.6.2,2025-04-09 04:03:37,"Hai Kak Zul, terima kasih. Tetap pakai aplikasi MyTelkomsel ya 😊 -Sekar",2025-04-09 06:56:08,8.6.2
20ea2a7e-88d7-43c7-be03-076cc71b2fc9,Veronica Akim,https://play-lh.googleusercontent.com/a/ACg8ocLpfR6ENm9r6TNpjTvsU3yaF0DmddVCziEJUGrDPmA1VYdl4Q=mo,Lebih senang menggunakan my telkomsel gampang beli kuota .,5,0,8.6.2,2025-04-09 04:03:31,"Hai Kak Veronica, terima kasih tetap setia menggunakan layanan Telkomsel. Apresiasi dari Kakak sangat berarti bagi kami dalam meningkatkan layanan dan performa MyTelkomsel. Have a great day 😊 -Sekar",2025-04-09 06:56:27,8.6.2
c42325b9-6efd-47c8-9f31-0933cdbf6e31,Tegarmalik Antar,https://play-lh.googleusercontent.com/a/ACg8ocIgcPcctLX4PGjPzC1a7De_bMIPy7pji4iy0nKzt7wXNmoptw=mo,"Harga elit sinyal sulit, baru ngisi pulsa langsung ilang, beli paket notif nya gagal tpi pulsa kesedot, kan tolol provider ini!",1,0,8.6.2,2025-04-09 04:01:19,"Hai, Kak. Maaf ya. Perihal tarif layanan Telkomsel dan keluhan sinyal lemah, agar dapat mimin bantu solusi yang tepat. Yuk hubungi mimin melalui Instagram @Telkomsel atau email cs@telkomsel.com. Mimin tunggu, makasih :) -Alma",2023-11-23 23:06:53,8.6.2
6ba2f99f-2c85-4d4a-9e99-37853fb6e295,rian 123,https://play-lh.googleusercontent.com/a-/ALV-UjURPyINZvqWlaFd6gPgj48IeCIT3qqbA8B6M2yYaKokKbjeBnHv,"aplikasi berat, kirim pulsa gak nyampe, uang kepotomg",1,0,,2025-04-09 03:57:50,,,
cd59d309-2e05-4fb8-a56d-5395abb60570,dodi more,https://play-lh.googleusercontent.com/a-/ALV-UjXJAZ5tjrRzERqPwQOsRGShRyQuw7OL791UfQ3mZXnmBnysRBkM,Mohon jaringan Telkomselnya diperbaiki di daerah kota Pekanbaru terlebih daerah marpoyan damai dekat pasar pagi arengka,1,0,8.7.0,2025-04-09 03:53:58,"Hai Kak Dodi, Mohon maaf untuk ketidaknyamanannya, silakan coba restart handphone kakak. Apabila masih terdapat kendala silakan hubungi kami di DM Instagram @telkomsel atau chat di tsel.id/chatva. Semoga membantu. :) -Edo",2025-04-09 10:15:29,8.7.0
185c7e0b-b01b-409b-a9b1-dc4701c08534,Muhamad Nurul,https://play-lh.googleusercontent.com/a/ACg8ocJW7ro7Vms7wWQkY2FL2qtaFXTTc7YNiGxV6lnCYxS5ETS3Tw=mo,siap,5,0,,2025-04-09 03:52:38,"Hai Kak Nurul, terima kasih. Tetap pakai aplikasi MyTelkomsel ya 😊 -Sekar",2025-04-09 06:56:40,
3055aa1a-e778-4c86-abf8-88db6d4f51e9,leo tanawani w,https://play-lh.googleusercontent.com/a/ACg8ocLhaL2e8RfpXRj_CYMRg-mAYRbX735oY-IaIxXGtk_x9teRzSg=mo,Luar Biasa,5,0,,2025-04-09 03:51:52,"Hai Kak Leo, terima kasih. Tetap pakai aplikasi MyTelkomsel ya 😊 -Sekar",2025-04-09 06:56:57,
7e971990-2915-4e48-92f4-2ef1100d8cf4,Adika Rahman,https://play-lh.googleusercontent.com/a/ACg8ocIC8Th0DEDF5vdzodnEn3avyVAxyRgaicTBci4VZ1QFneBWYg=mo,mantulnya mu telkomsel,5,0,8.6.2,2025-04-09 03:51:37,"Hai Kak Adika, terima kasih. Tetap pakai aplikasi MyTelkomsel ya 😊 -Sekar",2025-04-09 06:57:21,8.6.2
f9689ed2-9fe9-4e7f-80e7-930c87f04b40,aria seven,https://play-lh.googleusercontent.com/a-/ALV-UjX4LpCvxLNJVrfQHYaQKW-Mp3JxzbVd4QXUHfRZTEL9se00ZYqy,ok,5,0,8.6.2,2025-04-09 03:48:41,"Hai Kak Aria, terima kasih. Tetap pakai aplikasi MyTelkomsel ya 😊 -Sekar",2025-04-09 06:57:39,8.6.2
6e2e801c-bb5c-433a-a61e-e959599aef83,Wakasimatsu Wakabayasi,https://play-lh.googleusercontent.com/a-/ALV-UjXcJ9-m3uCj16A8PAkuiPu1QJp3kmyCWcMSwEfj_4uQANzF2IPW,aplikasi rusak,1,1,8.6.2,2025-04-09 03:47:16,"Hai, Kak. Maaf banget ya. Mengenai keluhan gak tersedia pilihan paket, yuk hubungi Mimin melalui akun Twitter @telkomsel atau Facebook Messenger 'Telkomsel' agar dibantu lebih lanjut. Mimin tunggu ya Kak. Makasih :) -Alma",2023-07-16 05:59:57,8.6.2
cc3e54b4-5bca-45ac-b8ee-564cce15d282,Putra Hura,https://play-lh.googleusercontent.com/a-/ALV-UjVHlcd5kV7X83MgR8kPIV1GF1zgJ5gSA7JMOpQslIYnjtk3Bn0,"apk nya membantu tetapi banyak juga kelemahan yang dimana jika kita membeli paket ngk bagus jaringan bahkan keluar sendiri, jadi saya mohon agar itu bisa di perbaiki lagi terima kasih.",5,0,,2025-04-09 03:44:51,,,
e1c89b6a-84cc-4907-969f-aaf45ce2fecd,Bertrand Avarel Hp,https://play-lh.googleusercontent.com/a/ACg8ocKUptD9ycbtJmDT-or-ZyksCLlLsQ4cHmne0PqPHFjYwHajTw=mo,mantul,5,0,8.7.0,2025-04-09 03:43:25,"Hai Kak Bertrand, terima kasih. Tetap pakai aplikasi MyTelkomsel ya 😊 -Sekar",2025-04-09 07:36:19,8.7.0
e2d639e3-e9fc-4be2-a8ab-c91a41004632,Latip Gems,https://play-lh.googleusercontent.com/a-/ALV-UjVORLxPd3bEN35vB2Zq0jNfwzx_lQexo9wCjjiszzkfclw6INZ7,untuk sinyal Telkomsel semakin buruk. lebih bagus sinyal M3,5,0,8.2.0,2025-04-09 03:42:24,,,8.2.0
efce6bbd-9b73-4430-8e98-a56f871e7e29,AHMAD BISRI,https://play-lh.googleusercontent.com/a/ACg8ocLEiscfhenjk143ICgDjoKXlnVmp9QXcTAdZbuuBJGl_0Nvrce8=mo,"signal internet parah bngt dsni gak ada kawasan muara angke kec pluit kel penjaringan JAKUT, percuma udh bli pkt data mahal2 tp gk bs digunakan😭",1,0,7.0.0,2025-04-09 03:37:30,"Hai Kak Ahmad, silakan akses aplikasi MyTelkomsel untuk mendapatkan lebih banyak pilihan dan penawaran paket datanya ya, untuk kendala sinyal silakan coba restart handphone kakak. Apabila masih terdapat kendala silakan hubungi kami di DM Instagram @telkomsel atau chat di tsel.id/chatva. Semoga membantu. :) -Edo",2025-04-09 09:19:37,7.0.0
f605f980-2d64-477b-9ad0-c9c4b285ec7d,Dimas Panjimah,https://play-lh.googleusercontent.com/a-/ALV-UjVq0XoWmYi3K1eLpqtyRILb8LLzXVF7MpFQ_94qi-KobHcW4qg_,abis di update ga bisa dibuka,1,0,8.6.2,2025-04-09 03:36:38,"Hai Kak Dimas, Mohon maaf untuk ketidaknyamanannya ya, silakan coba cara berikut ya Kak:
1. Clear cache aplikasi
2. Force close aplikasi
lalu coba login kembali, apabila masih mengalami kendala, silakan hubungi kami melalui DM Instagram @Telkomsel atau chat di tsel.id/chatva. Semoga membantu. :) -Edo",2025-04-09 09:20:23,8.6.2
96ccb25a-4f08-4e31-b1e9-47e610bb5c65,Devi Sukri,https://play-lh.googleusercontent.com/a/ACg8ocIG8rh8Ofz8TRII9YmN4rXjtFQm3MMlDrpCSpSmAeOHjqp7Yg=mo,mantul,5,0,8.6.2,2025-04-09 03:32:19,"Hai Kak Devi, terima kasih. Tetap pakai aplikasi MyTelkomsel ya 😊 -Sekar",2025-04-09 07:36:55,8.6.2
2e5f8bec-d464-4773-8aa8-2b2e903a6d6a,m samsul arief,https://play-lh.googleusercontent.com/a-/ALV-UjVOg871ctu437VFZjzdffQehDjxJ9bqUb9S-8qlM3o2J6r9Ajeg,Response Aplikasi sangat lambat– load data pada aplikasi juga sangat lambat. Hari-hari nge-lag dan macet.,1,0,8.6.2,2025-04-09 03:31:50,"Hai Kak Samsul, Mohon maaf untuk ketidaknyamanannya ya, silakan coba cara berikut ya Kak:
1. Clear cache aplikasi
2. Force close aplikasi
lalu coba login kembali, apabila masih mengalami kendala, silakan hubungi kami melalui DM Instagram @Telkomsel atau chat di tsel.id/chatva. Semoga membantu. :) -Edo",2025-04-09 09:20:55,8.6.2
9a5a7476-0ace-4b4a-ba18-b55e145a5141,Samsul bahri,https://play-lh.googleusercontent.com/a/ACg8ocKIveXjF2biz7c3KleoLgUoIoTiIJjPGerdM7WOnQzlVhruEw=mo,bagus keren,5,0,8.7.0,2025-04-09 03:30:39,"Hai Kak Samsul, terima kasih. Tetap pakai aplikasi MyTelkomsel ya 😊 -Sekar",2025-04-09 07:37:28,8.7.0
0ab77077-1fae-44ca-acb7-85d08e7369bc,Rifqy fun Toys,https://play-lh.googleusercontent.com/a-/ALV-UjUjI05K1jtPz9Aa7Jt9VrJhmCoyBbUJ42a2c7u4U5nQZYjQOX8,"halah uninstall saja MUAK saya, mana yang di bilang mudah dan nyaman malah yang ada di bikin pusing sama my Telkomsel jelas-jelas saya masukan nomor sesuai tetap saja terjadi kesalahan terus",1,0,8.6.2,2025-04-09 03:29:54,Hai Kak Rifqy. Mohon maaf untuk ketidaknyamanannya. Untuk kendalanya Kakak bisa langsung menghubungi kami di DM Instagram @Telkomsel atau hubungi kami di tsel.id/chatva. Semoga membantu. 😊 -Sekar,2025-04-09 03:58:34,8.6.2
9ee23807-7f60-4ee5-a2eb-f512db0af168,Ahmad Furqon,https://play-lh.googleusercontent.com/a/ACg8ocL_K5mZs2N2zFuWvUF0RtW_2crcqj5-dBXPrOpnLpZh9WdC0w=mo,"Loadingnya lama banget, padahal internetnya lancar. Masa tiap buka aplikasi harus hapus data dulu trus login ulang. Terus mending fokus aja dehh buat ngecek sama beli pulsa, jangan ditambah2in fitur gaguna.",1,0,8.7.0,2025-04-09 03:29:26,"Hai Kak Ahmad, Mohon maaf untuk ketidaknyamanannya ya, silakan coba cara berikut ya Kak:
1. Clear cache aplikasi
2. Force close aplikasi
lalu coba login kembali, apabila masih mengalami kendala, silakan hubungi kami melalui DM Instagram @Telkomsel atau chat di tsel.id/chatva. Semoga membantu. :) -Edo",2025-04-09 10:17:23,8.7.0
22b97495-de02-41e2-a6e0-36e1f4827419,Yuda Lena,https://play-lh.googleusercontent.com/a/ACg8ocIPs-vP935bQzw88qriFFqsWyK7ezioO213U3JgI_AemTdS0Q=mo,#mantulnya my Telkomsel dapat di akses kapan saja dimana saja,5,0,8.7.0,2025-04-09 03:25:41,"Hai Kak Yuda, terima kasih tetap setia menggunakan layanan Telkomsel. Apresiasi dari Kakak sangat berarti bagi kami dalam meningkatkan layanan dan performa MyTelkomsel. Have a great day 😊 -Sekar",2025-04-09 07:37:46,8.7.0
a554c89a-d590-4c45-bc2d-c4e31d38d158,purple,https://play-lh.googleusercontent.com/a-/ALV-UjWV83iXK52Cj2uP9_kBap8NUFG7qM_JpR8EVj2A6x8fr1d7PdXL,"jaringanya jelek bngt, padahal dah setia ke telkomsel tapi klo jaringanya jelek terus gini , mw gmn lagi",3,0,8.6.2,2025-04-09 03:19:07,,,8.6.2
d99ff6e9-2e3e-495d-aed3-c12a5d98849c,Muhammad Rizqi Ardi saputra,https://play-lh.googleusercontent.com/a-/ALV-UjX0eBak6frG9p2wQ3ETQRmzT8fwN_zqmNImH75zapsmHHz68Xpg,aplikasi nya banyak bug dan berat nya dan ui ux nya terlalu banyak tidak simpel,1,0,8.6.2,2025-04-09 03:17:52,"Hai Kak Rizqi. Mohon maaf untuk ketidaknyamanannya ya, apabila aplikasi MyTelkomsel terlalu berat di handphone kakak, silakan coba unduh MyTelkomsel Basic. Aplikasi ini sudah tersedia di PlayStore. Apabila masih mengalami kendala, silakan hubungi kami melalui DM Instagram @Telkomsel atau chat di tsel.id/chatva. Semoga membantu.😊 -Sekar",2025-04-09 03:33:21,8.6.2
fa20b480-7f3e-4e4f-bdd0-6582fbbed927,Ari Fatullah,https://play-lh.googleusercontent.com/a/ACg8ocJc70WVS6d_7cSeZRrV3dq7IWc_QjDcYExeAmMXFO34TDChnw=mo,"apa lah error ga jelas, hapus cache masih error, cape instal uninstal trus. tolong segera diperbaiki.",2,3,8.7.0,2025-04-09 03:17:40,"Hai Kak Ari, Mohon maaf untuk ketidaknyamanannya ya, silakan coba cara berikut ya Kak:
1. Clear cache aplikasi
2. Force close aplikasi
lalu coba login kembali, apabila masih mengalami kendala, silakan hubungi kami melalui DM Instagram @Telkomsel atau chat di tsel.id/chatva. Semoga membantu. :) -Edo",2025-04-09 12:58:25,8.7.0
b7784b1d-1e94-4b10-a8cc-c9f8cd73bc19,Zuria Ningsih,https://play-lh.googleusercontent.com/a/ACg8ocIFnP9MK6ibXfAxztKI3sDcg4CJw6_S8WELV9y2BXDe5pseWA=mo,#Luarbiasa Paket Telkomsel bisa dibeli dalam beberapa klik aja di MyTelkomsel,5,0,,2025-04-09 03:17:27,"Hai Kak Zuria, terima kasih tetap setia menggunakan layanan Telkomsel. Apresiasi dari Kakak sangat berarti bagi kami dalam meningkatkan layanan dan performa MyTelkomsel. Have a great day 😊 -Sekar",2025-04-09 07:38:25,
54b838ca-689a-4c3e-ba75-953b08e16dc1,maya kartika,https://play-lh.googleusercontent.com/a/ACg8ocLCa370e67ThmRtg8jk9RyoLPQrZk57zBLWNEqSNV4S0YTHCw=mo,Apk sampah,1,0,,2025-04-09 03:14:05,Hai Kak Maya. Mohon maaf untuk ketidaknyamanannya. Untuk kendalanya Kakak bisa langsung menghubungi kami di DM Instagram @Telkomsel atau hubungi kami di tsel.id/chatva. Semoga membantu. 😊 -Sekar,2025-04-09 03:33:42,
729f449d-4d6f-4a4f-b12a-2f50875549d9,RUDY ANTO,https://play-lh.googleusercontent.com/a-/ALV-UjWmGm8hSSorgo9GWvAcuJdY4B6vJyBaTsbqQ0na1QVInAF72k7W,kuat jangkauan terluas,5,0,7.5.0,2025-04-09 03:13:59,"Makasih Kak Rudy untuk review yang diberikan. Hal ini menjadi prioritas utama kami agar pelayanan Telkomsel bisa lebih baik lagi. Jika ada pertanyaan atau keluhan, yuk chat mimin via DM Instagram @Telkomsel atau kirim email ke cs@telkomsel.com untuk dibantu lebih lanjut. Have a great day :) -Edo",2024-05-26 15:21:46,7.5.0
4fc20756-1e66-46d7-ba3e-7237281e6823,Roma Hendratmo,https://play-lh.googleusercontent.com/a-/ALV-UjUfoYOMq9FtM5vkZiahWTXudTpir7n5XYlbc86paPtuu63FayU,apk tidak merespon dgn baik..,1,0,7.0.1,2025-04-09 03:12:15,"Hai Kak Roma. Mohon maaf untuk ketidaknyamanannya. Untuk kendala aplikasi MyTelkomsel, Kakak bisa langsung menghubungi kami di DM Instagram @Telkomsel atau hubungi kami di tsel.id/chatva. Semoga membantu. 😊 -Sekar",2025-04-09 03:34:10,7.0.1
f2a117db-969e-4631-b8f2-44a990a05674,sheva chuiz,https://play-lh.googleusercontent.com/a/ACg8ocKZUHMmPP2EyvSQ4_Th8tNSYoFQzu6nCmhGPpi9G2YceO1t-g=mo,"Sinyal semakin syulit, tarif elit",2,1,8.6.2,2025-04-09 03:09:51,"Hai, Kak Sheva. Maaf banget ya, untuk keluhan aplikasi MyTelkomsel, yuk hubungi Mimin melalui akun Instagram @telkomsel atau Email cs@telkomsel.com agar dibantu lebih lanjut. Mimin tunggu ya Kak. Makasih :) -Alma",2023-12-26 01:38:18,8.6.2
ce8975e6-263a-4315-a7d7-690bfcbb8af7,Eko Prasetyo,https://play-lh.googleusercontent.com/a-/ALV-UjUfKfraVPMRuTU9MyZPxg8rrBkaYl2SwZqUtLFkYAbzw2Cv9a_S,"kok aplikasi my telkomsel ndak bisa di buka ya, kenapa?? kirain jaringan wifi nya yang bermasalah, padahal buka app lain lancar, tapi pas buka app my telkomsel kok ndak bisa, tolong lah segera di perbaiki telkomsel, jangan cuma gara gara ini nanti banyak yang pindah ke sebelah",1,1,8.7.0,2025-04-09 03:08:40,"Hai Kak Eko. Mohon maaf untuk ketidaknyamanannya. Untuk kendala akses aplikasi MyTelkomsel, Kakak bisa langsung menghubungi kami di DM Instagram @Telkomsel atau hubungi kami di tsel.id/chatva. Semoga membantu. 😊 -Sekar",2025-04-09 03:57:38,8.7.0
f0343fe3-40a7-47c0-a446-a96895b4488c,Zel Na,https://play-lh.googleusercontent.com/a/ACg8ocImC1UvQiNSHGGnoAlhdmroWaHljR7_-ZGcahj-6zGZst1rng=mo,ok,5,0,8.6.2,2025-04-09 03:08:25,"Hai Kak Zel, terima kasih tetap setia menggunakan layanan Telkomsel. Apresiasi dari Kakak sangat berarti bagi kami dalam meningkatkan layanan dan performa MyTelkomsel. Have a great day 😊 -Sekar",2025-04-09 07:42:47,8.6.2
0e04ddd1-80ad-4542-9957-c105b544c371,Siti Andrey,https://play-lh.googleusercontent.com/a/ACg8ocIb5gQ_p61BGtGl4RnpM5Pg99GgBEUm1GVEac7s_m47hlSTCA=mo,tambahhhhh tambahhhhh parahhhh,1,0,8.6.2,2025-04-09 03:01:52,Hai Kak Siti. Mohon maaf untuk ketidaknyamanannya. Untuk kendalanya Kakak bisa langsung menghubungi kami di DM Instagram @Telkomsel atau hubungi kami di tsel.id/chatva. Semoga membantu. 😊 -Sekar,2025-04-09 04:08:01,8.6.2
c4ec95ed-e1b8-4505-a58d-fe3d97ca5c3e,Go Traffic,https://play-lh.googleusercontent.com/a/ACg8ocKmtncQjJSUzWJ6sBL_Ph5B8jyYPK3FaAc1wMWpKiVZw-G7_g=mo,احسنت,5,0,8.6.2,2025-04-09 03:00:19,"Hai Kak Go, terima kasih tetap setia menggunakan layanan Telkomsel. Apresiasi dari Kakak sangat berarti bagi kami dalam meningkatkan layanan dan performa MyTelkomsel. Have a great day 😊 -Sekar",2025-04-09 07:44:48,8.6.2
57cfc500-eaa2-44fc-a57a-a5b37300de18,Dakocan Ebel,https://play-lh.googleusercontent.com/a/ACg8ocKxbabMTXddy06ed0Whv0HBfttlViEZeHYTkuoCgKNETtinkTQ=mo,jelek banget udah nukarin pulsa 40rb malah error udah gt pulsa nya hangus lagi padahal pke wifi!,1,0,8.7.0,2025-04-09 02:53:07,"Hai Kak Ebel. Mohon maaf untuk ketidaknyamanannya, karena kami memerlukan informasi lebih lanjut untuk membantu kakak, silakan hubungi kami di DM Instagram @telkomsel atau chat di tsel.id/chatva. Semoga membantu. 😊 -Sekar",2025-04-09 04:09:48,8.7.0
03da6407-85b7-40bd-9d4b-45e699f4adc8,Cecep Saepullah,https://play-lh.googleusercontent.com/a-/ALV-UjVvSAVNMwDkGh3hkJqTISHK1s430YUkWozc1lTy6TFQqQXEXCds,"Alhamdulillah sudah terbantu dan bisa di gunakan kartu AS saya lama terblokir karena masa tenggang sudah habis,, Terima kasih untuk pelayanan yang baik, semoga Telkomsel memberikan pelayanan yang lebih baik,, buat pelanggan Telkomsel,,,,👍👍👍👍👍👍",5,0,,2025-04-09 02:47:03,"Hai Kak Cecep, terima kasih tetap setia menggunakan layanan Telkomsel. Apresiasi dari Kakak sangat berarti bagi kami dalam meningkatkan layanan dan performa MyTelkomsel. Have a great day 😊 -Sekar",2025-04-09 07:45:41,
85e47e0a-c216-482f-b060-f1640b994559,Ashidq_ dq,https://play-lh.googleusercontent.com/a/ACg8ocKpwTgxRoyLdqhyxaxSSoPGops0jKpYxoInYrP1YDW7Ib-aQlk=mo,"login ga bisa, clear cache clear data, uninstal, ttp ga bisa, wkwkw.",1,1,8.7.0,2025-04-09 02:46:53,"Hai Kak Ashidq. Mohon maaf untuk ketidaknyamanannya. Untuk kendala gak bisa login, Kakak bisa langsung menghubungi kami di DM Instagram @Telkomsel atau hubungi kami di tsel.id/chatva. Semoga membantu. 😊 -Sekar",2025-04-09 04:22:43,8.7.0
51403516-57e8-4c48-b072-a9cd1a6485e0,Venn Shoo,https://play-lh.googleusercontent.com/a-/ALV-UjVfFfWgbT1l0zEPX57FQFiSxkw9dlOoKzE3_R85tzOnlRtUP3Y,"aplikasi jelek nd jelZ kuotanya nd masuk padahal saldo di dana sdh tersedot, peot",1,0,8.6.2,2025-04-09 02:46:13,"Hai Kak Venn, mohon maaf untuk ketidaknyamanannya. Karena kami memerlukan informasi lebih lanjut untuk membantu Kakak, silakan hubungi kami di DM Instagram @telkomsel atau chat di tsel.id/chatva. Semoga membantu. 😊 -Sekar",2025-04-09 04:23:13,8.6.2
43db861d-364f-48df-94a8-3a88c5613b84,Bayu Prastyanto,https://play-lh.googleusercontent.com/a-/ALV-UjXGTs0egHETc-waBTaR80JtU3AKtsLTDOl6kPb1y8V1NpmPfr6P,"mulai ngasal ini paketan tulisan infonya 28 hari, baru sehari pake udah ga bisa dipake lagi. parah parah...",1,0,8.6.2,2025-04-09 02:46:03,"Hai Kak Bayu. Mohon maaf untuk ketidaknyamanannya. Untuk kendala penggunaan kuota, Kakak bisa langsung menghubungi kami di DM Instagram @Telkomsel atau hubungi kami di tsel.id/chatva. Semoga membantu. 😊 -Sekar",2025-04-09 04:23:45,8.6.2
cb38f2f8-b5e5-4c90-90df-fe87e95b2760,Hernikson Gedoan,https://play-lh.googleusercontent.com/a/ACg8ocKPY3id9Qzr3W-tErNebRhUAB64Kjpn2qe19wEnRJAjfuUKJg=mo,"kasi bintang 2 dulu,, nanti jaringan tekomsel di sulawesi utara tepatnya di kabupaten talaud, di kecamatan salibabu sudah di perhatikan baru kasi bintang 5,, masa dalam 1 bulan bisa 5-6 kali jaringan hilang total. padahal tiap bulan beli kota terus, tapi jaringannya tidak di perhatikan.terimah kasih",2,0,,2025-04-09 02:45:24,"Hai Kak Hernikson, Mohon maaf untuk ketidaknyamanannya, silakan coba restart handphone kakak. Apabila masih terdapat kendala silakan hubungi kami di DM Instagram @telkomsel atau chat di tsel.id/chatva. Semoga membantu. :) -Edo",2025-04-09 12:59:36,
b72e58f6-a4e4-444b-ae09-1cfdf491c1f5,Andriani Amalidi,https://play-lh.googleusercontent.com/a/ACg8ocL-WX5BIiV-I-y75us2Yl5muzJWCJoMnysr390GTSOIu-OhRg=mo,"ma'af saya kasih bintang 1 soalnya jaringannya ditempatku sangat sangat jelek , dulu sangat bagus tapi sekarang sangat jelek🙏",1,0,8.7.0,2025-04-09 02:41:11,"Hai Kak Andriani. Mohon maaf untuk ketidaknyamanannya, silakan coba restart handphone Kakak. Apabila masih terdapat kendala silakan hubungi kami di DM Instagram @telkomsel atau chat di tsel.id/chatva. Semoga membantu. :) -Sekar",2025-04-09 04:24:15,8.7.0
fb6688b0-43fd-4873-9fa7-666a7b0e1a21,sugeng purwanto,https://play-lh.googleusercontent.com/a-/ALV-UjXCsZ0s7XeQFg5gfbstaPZHBphTyDPppEJzfn9fCJWHTG7nLypl,tgl 7 kemarin beli pulsa 50000 di counter. di aplikasi ini sudah masuk. tapi SMS notif tk ada sampai sekarang. di cek di*888# juga belum masuk. lanjut buka aplikasi MyTelkomsel sudah masuk. coba beli paket internet pembelian sukses dan pulsa berkurang. tapi paket internet nya tidak bisa digunakan sampai sekarang. tadi coba lagi isi ulang pulsa 50000 di counter lain tapi masalah tetap sama. dicek di*888# tidak masuk. dicek di MyTelkomsel masuk. tapi tidak bisa digunakan.,1,0,8.7.0,2025-04-09 02:38:03,"Hai Kak Sugeng. Mohon maaf untuk ketidaknyamanannya. Untuk kendala penggunaan kuota, Kakak bisa langsung menghubungi kami di DM Instagram @Telkomsel atau hubungi kami di tsel.id/chatva. Semoga membantu. 😊 -Sekar",2025-04-09 04:26:11,8.7.0
f005b06a-c8e9-484c-80a1-90474da27af6,A I,https://play-lh.googleusercontent.com/a-/ALV-UjW862o3YGCn7uiRvWZH5A3n7oCe2dJiWtK0xsHned3Je7dHdhN0,"udh 2x di kerjai, padahal sebelum isi pulsa ada paket yg akan dibeli tapi setelah isi pulsa paketnya hilang berubah",1,0,8.3.0,2025-04-09 02:37:48,"Hai Kak A I, mohon maaf untuk ketidaknyamanannya. Silakan coba cara berikut ya Kak:
1. Clear cache aplikasi
2. Force close aplikasi
lalu coba login kembali, apabila masih mengalami kendala, silakan hubungi kami melalui DM Instagram @Telkomsel atau chat di tsel.id/chatva. Semoga membantu. 😊 -Sekar",2025-04-09 04:26:33,8.3.0
9c52a467-cc18-4324-964e-71601b1b08d1,Robbi Firli,https://play-lh.googleusercontent.com/a-/ALV-UjWWjiLdz9pknZYBIA5-4dNcVClBtGE5OG4FCB94ogUWs7XTzODc,"ini gimana ya,padahal saya sudah mengisi kuota lewat aplikasi dana ko kuota nya belum masuk aja",3,0,8.7.0,2025-04-09 02:31:24,,,8.7.0
fea0d5ab-f890-4bb9-92f0-9af97e09e221,Laniwati Tanuwidjaja,https://play-lh.googleusercontent.com/a/ACg8ocIdf6O-psfCIPf_4nly_pmjrgj_SAPrHPPKrHQPm23hKKjiXw=mo,cukup bagus pelayanan my telkomsel,5,0,8.6.2,2025-04-09 02:27:43,"Hai Kak Laniwati, terima kasih tetap setia menggunakan layanan Telkomsel. Apresiasi dari Kakak sangat berarti bagi kami dalam meningkatkan layanan dan performa MyTelkomsel. Have a great day 😊 -Sekar",2025-04-09 07:48:10,8.6.2
924dc2d8-774b-422b-8b3e-db5f8dd68563,M.A KALSEL,https://play-lh.googleusercontent.com/a/ACg8ocJFE7fKGKxQCX64nsN6LreTzkuz9XZaMHEu49nbwseg3JSXLA=mo,ok,5,0,8.6.2,2025-04-09 02:17:46,"Hai Kak KALSEL, terima kasih. Tetap pakai aplikasi MyTelkomsel ya 😊 -Sekar",2025-04-09 07:54:34,8.6.2
a05c6fa0-0373-4bfc-adb8-cf607ee1a923,Ari Pramana,https://play-lh.googleusercontent.com/a-/ALV-UjWc10I7GvWhigyS1bA-sbhiKRmKGkkX9mdYtlzACEfiXSybcFk,"3 kali ngisi pulsa 50rban ke nomer lain gagal malah ngisi ke nomer sendiri, padahal sudah pilih nomor lewat kontak, pembayaran Dana, jadi mubajir uang nya, memang aplikasi plat merah gadak yg beres !",1,0,8.7.0,2025-04-09 02:17:42,"Hai Kak Ari. Mohon maaf untuk ketidaknyamanannya. Untuk kendala pembelian pulsa untuk nomor lain, Kakak bisa langsung menghubungi kami di DM Instagram @Telkomsel atau hubungi kami di tsel.id/chatva. Semoga membantu. 😊 -Sekar",2025-04-09 04:28:39,8.7.0
36dca542-5aec-4688-8427-0e3310af1179,Eko Eki,https://play-lh.googleusercontent.com/a/ACg8ocK_QG9mHVa6LYz3jHXpBzQJIR_39DoDfDHAszHFTsFg2kdtuQ=mo,tolong di perbaiki aplikasinya banyak bugnya kadang dly transaksi lambat,2,0,,2025-04-09 02:15:37,"Hai Kak Eko, Mohon maaf untuk ketidaknyamanannya ya, silakan coba cara berikut ya Kak:
1. Clear cache aplikasi
2. Force close aplikasi
lalu coba login kembali, apabila masih mengalami kendala, silakan hubungi kami melalui DM Instagram @Telkomsel atau chat di tsel.id/chatva. Semoga membantu. :) -Edo",2025-04-09 12:53:39,
04a3e7b4-8c5b-45b4-a479-c21b28c8455d,Suparta Wijaya,https://play-lh.googleusercontent.com/a-/ALV-UjWDTMz-8F8Im60GHBRQPBTqvUNXE2ImWjS9mv4whdpuuTCxn7W6,TELKOMSEL PARAH DARI SIANG BUKA GAMBAR GA BISA. PADAHAL SETIAP BULAN ISI 200 RB. HARI INI TERULANG KEMBALI 9 APR 2025. SAYA SANGAT KECEWA. SUDAH SERING KALI SINYAL LEMOT.,1,0,8.3.0,2025-04-09 02:11:44,Hai Kak Wijaya. Mohon maaf untuk ketidaknyamanannya. Untuk kendalanya Kakak bisa langsung menghubungi kami di DM Instagram @Telkomsel atau hubungi kami di tsel.id/chatva. Semoga membantu. :) -Sekar,2024-11-19 00:44:02,8.3.0
a8d30939-43c1-46a9-be7f-c7441bec788f,Rizky An,https://play-lh.googleusercontent.com/a-/ALV-UjWaOHnTTaAeYGViPXOJzLJy8_Lq5qfwwiKKjIi0PLfOMz680fcZ,update elit perbaikan bug sulit,2,0,8.6.2,2025-04-09 02:10:34,"Hai Kak Rizky, Mohon maaf untuk ketidaknyamanannya ya, silakan coba cara berikut ya Kak:
1. Clear cache aplikasi
2. Force close aplikasi
lalu coba login kembali, apabila masih mengalami kendala, silakan hubungi kami melalui DM Instagram @Telkomsel atau chat di tsel.id/chatva. Semoga membantu. :) -Edo",2025-04-09 12:54:10,8.6.2
23ccd4f1-6967-45d4-b712-d494a8466ee6,Rok An,https://play-lh.googleusercontent.com/a-/ALV-UjWl_Hjl4tQxJY5yMLyS3un2aEEUC7pfSn2pF2tX8T2NYCNRl94,ini kenapa ya? saya sudah berusaha berulang kali menghubungkan akun dana saya dengan aplikasi telkomsel saya tapi tetap saja gagal padahal jaringan saya bagus dan lagi muncul pesan berulang dr aplikasi bahwa terjadi kesalahan sistem mohon untuk diperbaiki,2,1,8.7.0,2025-04-09 02:09:38,,,8.7.0
0815ab59-2717-42ed-90d4-6eca1c079a75,Rani Anjanianjani,https://play-lh.googleusercontent.com/a/ACg8ocJzogYtKxhY08_hmJcMJFgF3_HV_4nUf10wtTqysjvpYLxJ3Q=mo,good nice,5,0,8.6.2,2025-04-09 02:05:28,"Hai Kak Rani, terima kasih tetap setia menggunakan layanan Telkomsel. Apresiasi dari Kakak sangat berarti bagi kami dalam meningkatkan layanan dan performa MyTelkomsel. Have a great day 😊 -Sekar",2025-04-09 07:54:48,8.6.2
310ff78c-cd75-460c-9f61-40b347b00a50,Vera Wati,https://play-lh.googleusercontent.com/a/ACg8ocLf7E6qm3KIeItHDktQ98a1vZNTQFOUQpJeTm3msABrrDTsBQ=mo,saya memberi bintang 3 karna tak da bonus,3,0,,2025-04-09 02:04:05,,,
230e9fbe-654d-4617-bd35-0718b57e3483,Dista Dio,https://play-lh.googleusercontent.com/a-/ALV-UjXEazxsBLy74F8_G0-p6D9T1IB5ZFG7qLncz_dF-EH9mH4g0QqX,aplikasi dari 2021 sampe 2025 kok gak ada perkembangan sii masi banyak bug dan gak jelas masa aplikasi dari jaman purba ga ada peningkatan sama sekali ini tadi jam (08:56) 9-04-2025 beli paket pulsa nya udah kepotong tapi paket data nya gak masukk aneh banget developer nya,1,0,8.4.2,2025-04-09 02:02:24,"Maaf ya, Kak. Untuk keluhan jaringan agar mimin bisa bantu Kakak lebih optimal, segera hubungi mimin melalui e-mail: cs@telkomsel.co.id, Telegram: @Telkomsel_official_bot, Facebook Messenger: Telkomsel, LINE: @Telkomsel, WhatsApp Telkomsel Virtual Assistant. Makasih :) –Jeslyn",2021-03-14 01:47:45,8.4.2
d7031452-f13b-4313-a12f-9b8422d2474f,Heha Rehana,https://play-lh.googleusercontent.com/a/ACg8ocIDRcbbnqHld3RCtsvxEwoUMEYlpb5-ox35noCgo-oCy4ZfMg=mo,sinyale bosok,1,0,8.7.0,2025-04-09 02:02:10,"Hai Kak Rehana. Mohon maaf untuk ketidaknyamanannya, silakan coba restart handphone Kakak. Apabila masih terdapat kendala silakan hubungi kami di DM Instagram @telkomsel atau chat di tsel.id/chatva. Semoga membantu. :) -Sekar",2025-04-09 04:31:49,8.7.0
6624c29f-c563-4d40-b8a9-7c365772eb08,ilham ramli,https://play-lh.googleusercontent.com/a-/ALV-UjWri8U6yVtYp0yXoAyuOPwFFcHyauaptN7zsOrHH5n4vs6LdLY,lemooooot buanget asli...,3,0,8.7.0,2025-04-09 01:55:33,,,8.7.0
acf7841d-8f39-4954-aca8-630c3b5bb4e8,Dwi utomo Santoso,https://play-lh.googleusercontent.com/a/ACg8ocLawveOEsbuZJWethKDbmdROyjWA1hvSBCua4Biw_ooFqaZug=mo,sangat berat untuk ukuran sbuah aplikasi yg kbutuhannya hnya skedar beli paket,1,0,,2025-04-09 01:50:34,"Hai Kak Dwi. Mohon maaf untuk ketidaknyamanannya ya, apabila aplikasi MyTelkomsel terlalu berat di handphone kakak, silakan coba unduh MyTelkomsel Basic. Aplikasi ini sudah tersedia di PlayStore. Apabila masih mengalami kendala, silakan hubungi kami melalui DM Instagram @Telkomsel atau chat di tsel.id/chatva. Semoga membantu.😊 -Sekar",2025-04-09 04:32:41,
b4c51903-b240-47ad-8380-1f16ffc55df9,Samsul Aminudin,https://play-lh.googleusercontent.com/a/ACg8ocJ8VL4TGu1MYS67SnL1B7iRs1zmUELY1SM8s1P_JwieR5ESqA=mo,sekarang lebih ribet nggak simple,5,0,8.6.2,2025-04-09 01:47:45,,,8.6.2
8b32035f-2e89-458c-ad49-05e9f576e1b9,Gunz Nando,https://play-lh.googleusercontent.com/a/ACg8ocKrKjCPRWW5i4jIP1gR5bp9ukqG-LtIFz_PpYPj8ha-jrJKzw=mo,jyunn Yo up kurleb,3,0,8.6.2,2025-04-09 01:45:23,,,8.6.2
7b67e822-836a-4caf-bd43-c16ec46b9b6f,Tom Jep,https://play-lh.googleusercontent.com/a-/ALV-UjWRXiMAlEH5bUt17-5G3ko0-yBW5zhgoZ1iboLcSQZxdhJKqBXNZA,Makin lama makin berat nih apk 😭,1,0,8.6.2,2025-04-09 01:44:31,"Hai Kak Tom, Mohon maaf untuk ketidaknyamanannya ya, apabila aplikasi MyTelkomsel terlalu berat di handphone kakak, silakan coba unduh MyTelkomsel Basic. Aplikasi ini sudah tersedia di PlayStore. Apabila masih mengalami kendala, silakan hubungi kami melalui DM Instagram @Telkomsel atau chat di tsel.id/chatva. Semoga membantu. :) -Edo",2025-04-09 09:21:50,8.6.2
f02b85de-5f0d-43b1-b164-f22970f97bc1,William yudha,https://play-lh.googleusercontent.com/a/ACg8ocKZXTmg5v5Yl6D-PSNczUvVgvtHobp_L0C6_t1NeKwXxAotxA=mo,gimana ini kak mau daftar nunggu pesannya aja gak kekirim ke wa atau sms udah nunggu lama jugaa,1,0,,2025-04-09 01:39:05,,,
ae12ee4e-1a37-47ff-aef2-10cdb8663d50,NobodyXIA,https://play-lh.googleusercontent.com/a-/ALV-UjXcuVs4Fi_dzt7GTAu5hPUx3rJIFjW1dqI285ZvMoy85KySV3ko,saya sudah beli paket data tapi tidak masuk paket datanya dana saya malah berkurang,1,0,8.7.0,2025-04-09 01:38:31,,,8.7.0
c004eecb-79ae-45eb-a5f6-f01430a27093,Fishing Go BORNEO,https://play-lh.googleusercontent.com/a-/ALV-UjUEV5qESCNbuWT604D49hmxFTH1rgNodXjwQaiS8PvBroXh69u3,"apa juga aplikasi my Telkomsel makin lelet GK bisa ngecek kuota dll, sudah di update tetap aja, diperbaiki woii customer kalian hampir 80% ini di indonesia",1,0,8.7.0,2025-04-09 01:31:31,,,8.7.0
6df50428-753d-4b52-a395-5811eaa13d4a,Risky Abram Putra Purba,https://play-lh.googleusercontent.com/a-/ALV-UjUoKM6vJfxsGggD0A7lpDDjO4eA0vS3gWYryXMBePFpHgaA0rGj,pembelian sebelumnya tidak bisa dibeli lagi tolong lah diperbaiki,1,0,8.6.2,2025-04-09 01:30:06,,,8.6.2
674ef5a3-f68a-4e28-bf67-b499d43c1d0f,khairunnas,https://play-lh.googleusercontent.com/a/ACg8ocLwR49R3F2zcFlRaDT8c8182KJ_nU9y9-KxtiUQlAN-R4EUmg=mo,#mantulnya nya myTelkomsel dapat di akses kapan saja di mana saja,5,0,8.6.2,2025-04-09 01:28:54,,,8.6.2
6d47306c-f69a-41a2-bce8-97ab1482af63,Khairunnas Khairunnas,https://play-lh.googleusercontent.com/a/ACg8ocLjtdJC8WHf7NKzC2PBPBqXJsRUb02DNDk9otFTqmd49jKsCw=mo,"#mantulnya my telkomsel bisa di akses kapan saja,dimana saja.",5,0,8.6.2,2025-04-09 01:26:11,"Hai Kak Khairunnas, terima kasih tetap setia menggunakan layanan Telkomsel. Apresiasi dari Kakak sangat berarti bagi kami dalam meningkatkan layanan dan performa MyTelkomsel. Have a great day 😊 -Sekar",2025-04-09 08:13:51,8.6.2
482a36e1-48f5-4233-a05e-d7857298546b,Fboy Holding,https://play-lh.googleusercontent.com/a/ACg8ocI5bICqlJkElIT21vUg0Ao-vL2t7ZGEnMeNkDKOWFSLZ9ok8Q=mo,"kurang bagus, kalau pake jaringan data loading terus jadi quota ga ke riset mau paketin data aja ga bisa, kalau pake wifi baru lancar",3,0,8.6.2,2025-04-09 01:23:43,,,8.6.2
c0a19a1e-05ee-4858-8519-44b9d8bd103d,Gojek 73,https://play-lh.googleusercontent.com/a/ACg8ocLMJlpj0s0UiZm63mgM8F3JNKgqwat14TE6yH0EYbxpz1TSvg=mo,"looding lama ngabisin kuota lo, update lo lama ga ada untungnya buat pengguna",1,0,,2025-04-09 01:18:00,"Hai Kak, Mohon maaf untuk ketidaknyamanannya ya, silakan coba cara berikut ya Kak:
1. Clear cache aplikasi
2. Force close aplikasi
lalu coba login kembali, apabila masih mengalami kendala, silakan hubungi kami melalui DM Instagram @Telkomsel atau chat di tsel.id/chatva. Semoga membantu. :) -Edo",2025-04-09 10:18:17,
2ec2576e-6bf9-45aa-9018-799ed710316a,Jafarman Waruwu,https://play-lh.googleusercontent.com/a/ACg8ocKgMvTek7rzXbbnlO57s2Q4HwaVaDHFx2-h7Ka_JWz9ySeKCQ=mo,"aplikasi Telkomsel sangat bagus, paket juga murah dan banyak promo 😊",5,0,8.6.2,2025-04-09 01:17:58,"Hai Kak Jafarman, terima kasih tetap setia menggunakan layanan Telkomsel. Apresiasi dari Kakak sangat berarti bagi kami dalam meningkatkan layanan dan performa MyTelkomsel. Have a great day 😊 -Sekar",2025-04-09 08:18:23,8.6.2
426065f1-4115-4a93-984b-4e8e130a07da,Raden Alik,https://play-lh.googleusercontent.com/a/ACg8ocIq35NUklzx0EwNmh9a9Qj1bZ19WWSqVThg-fzNuqPIjPVBXA=mo,"mahal doang,lemot iya, Telkomsel bapuk",1,0,8.7.0,2025-04-09 01:15:15,"Hai Kak Raden, silakan akses aplikasi MyTelkomsel untuk mendapatkan lebih banyak pilihan dan penawaran paket datanya ya, untuk kendala jaringan silakan coba restart handphone kakak. Apabila masih terdapat kendala silakan hubungi kami di DM Instagram @telkomsel atau chat di tsel.id/chatva. Semoga membantu. :) -Edo",2025-04-09 10:19:02,8.7.0
a637ee66-ca07-495a-9da0-b952b712fb78,ghassan Aaqilasyah,https://play-lh.googleusercontent.com/a-/ALV-UjVm3hn6Y2SnYqjXldQcB7k6ajdQno1ZBO-qicOo1WtptUoNUSZr,loadingnya lama banget,1,0,8.7.0,2025-04-09 01:11:35,"Hai Kak Ghassan, Mohon maaf untuk ketidaknyamanannya ya, silakan coba cara berikut ya Kak:
1. Clear cache aplikasi
2. Force close aplikasi
lalu coba login kembali, apabila masih mengalami kendala, silakan hubungi kami melalui DM Instagram @Telkomsel atau chat di tsel.id/chatva. Semoga membantu. :) -Edo",2025-04-09 10:19:49,8.7.0
d004ee66-2ad8-40e4-ab53-f56446c033a2,Budi Yanto,https://play-lh.googleusercontent.com/a-/ALV-UjWXvzhD8YXOlV84Tr6EyvJrLd-jBMT07F1_IUEMgX0NeTbOUo8,aplikasi koq susah banget di buka... yg muncul cuma logo aja.... gak ke buka buka... sudah berapa kali di uninstall dan di hapus cache nya sama aja..... tolong di perbaiki,1,0,8.7.0,2025-04-09 01:11:18,"Hai Kak Budi, Mohon maaf untuk ketidaknyamanannya ya, silakan coba cara berikut ya Kak:
1. Clear cache aplikasi
2. Force close aplikasi
lalu coba login kembali, apabila masih mengalami kendala, silakan hubungi kami melalui DM Instagram @Telkomsel atau chat di tsel.id/chatva. Semoga membantu. :) -Edo",2025-04-09 09:23:57,8.7.0
025a4fee-ef6f-4415-b87a-8543d92670cd,SUSANIA Mia,https://play-lh.googleusercontent.com/a/ACg8ocJGglmMjuys4ktjifao0mTdJkLj4-kGPLl9NUVF-5Dmr91mVA=mo,Ok bro,5,0,,2025-04-09 01:02:30,,,
181d5ef9-8bdd-456f-bf05-f8303e63d628,Lina Lembong,https://play-lh.googleusercontent.com/a-/ALV-UjUU5xY8m_3Gv5780duWxo_i0W0K54Z92PYJv0ZfnfJZJMB-unN1,aplikasi nya sangat bagus. memudah kan saya Membeli paket dan tidak ngelag,5,0,8.6.2,2025-04-09 01:00:23,,,8.6.2
fffdedef-6614-41a5-be40-79550b2b54b9,Canris Malau,https://play-lh.googleusercontent.com/a-/ALV-UjVaK07fLYoQkVUdxlP2vAkUtDlVkUQEYGYSfEWZo-8KDQAPPGxj,"aplikasi internet paling parah sih banyak menu ga guna harusnya dibikin simpel aja, aplikasi cuma untuk cek pulsa, cek kuota sama beli kuota ini malah jualan hp dll udah sinyalnya makin jelek, aplikasinya makin hancur pula 🤣🤣",1,0,8.7.0,2025-04-09 00:57:43,,,8.7.0
729815ec-00f2-4493-9b08-b54614dad43d,Ofa Mustopa,https://play-lh.googleusercontent.com/a-/ALV-UjUVjrArA_mg42eeghb7FleL3hygWj-6hi5Nvt1HSjwPQkoP0q1t,"Telkomsel, walaupun kadang lag kalo lagi main emel tapi gw tetep sukaa",5,0,8.6.2,2025-04-09 00:51:32,,,8.6.2
00543b05-d349-4a12-b013-315420d5c408,Sahabat Tani Porang,https://play-lh.googleusercontent.com/a-/ALV-UjUwH4BEOH9Po8GPQ24_2H-6Rbvy7mzzkTFrvyGw1ilDMuxb9nFn,"Bintang nya saya kurangi lagi..ini aplikasi berat nya ngalahin game mobil legend..makin lama bukan nya di buat makin ringan kok malah makin berat..cek aja data aplikasi 113 MB sebelum terinstal..ketika terinstal dan berjalan mencapai 2,23 GB..mengalahkan aplikasi game berat. Jadi super apps?lemot nya gk ketulungan. ini ulasan berikut nya..ternyata telkomsel seperti tak ada perbaikan di aplikasi ini..masalah nya sama ,lemot,bug,dll..dan semua pengguna aplikasi ini mengeluhkan hal yang sama..",1,10,8.6.2,2025-04-09 00:49:18,"Halo, Kak. Maaf jadi ga nyaman. Aplikasi MyTelkomsel terus dikembangkan agar makin memenuhi ekspektasi pelanggan. Untuk pertanyaan atau keluhan terkait dengan produk Telkomsel, Kakak bisa menghubungi Facebook Messenger Telkomsel, Telegram Telkomsel Care, web telkomsel.com, atau email cs@telkomsel.co.id. Have a nice day :) -Noela",2022-04-15 04:26:17,8.6.2
7945dc1c-9646-4d47-abde-3ae993f2d85d,Deki Dewa,https://play-lh.googleusercontent.com/a/ACg8ocL7NkoDmTZXaqfnu31_1G-O9XPoaSmk-9KYy7fS0XWxIZadIg=mo,aplikasi cacat..,1,0,,2025-04-09 00:46:23,"Hai Kak Deki, Mohon maaf untuk ketidaknyamanannya ya, silakan coba cara berikut ya Kak:
1. Clear cache aplikasi
2. Force close aplikasi
lalu coba login kembali, apabila masih mengalami kendala, silakan hubungi kami melalui DM Instagram @Telkomsel atau chat di tsel.id/chatva. Semoga membantu. :) -Edo",2025-04-09 10:22:17,
d3378427-9ce9-48cb-a233-73e41a0b1034,ULER GATEL,https://play-lh.googleusercontent.com/a/ACg8ocLjKG6bi1mxZH-Q80WmxQF-XD4Bo2vmjG5_e1TX-JCb1YRHcA=mo,"beli paket kuota dan pulsa diapk telkomsel, lebih mudah, lebih murah, cocok buat kaum mendang mending",5,0,,2025-04-09 00:45:45,,,
bd4f3cf2-29eb-493c-8e13-abad197f5501,Ferdi ID,https://play-lh.googleusercontent.com/a-/ALV-UjUhDp55HpmeLIaDpKcWsgNaSvMH68Lh1zP2iahqJNGm_3r5cglU,gblk nukerin reward aja g bisa ajig,1,0,8.6.2,2025-04-09 00:45:09,"Hai Kak Ferdi, Mohon maaf untuk ketidaknyamanannya, silakan coba cara berikut ya Kak:
1. Clear cache aplikasi
2. Force close aplikasi
lalu coba klaim kembali, apabila masih mengalami kendala, silakan hubungi kami melalui DM Instagram @Telkomsel atau chat di tsel.id/chatva. Semoga membantu. :) -Edo",2025-04-09 10:23:26,8.6.2
4f570481-3303-4ebe-881c-7223d60419cf,wisam 34,https://play-lh.googleusercontent.com/a-/ALV-UjXF7_iB_21aQJPzPy_SYMH9LRhnQYyoN3qMSEU2GTiQm6leWdE,aplikasinya ringan dan nyaman serta tampilan UI/UI nya menarik dan bagus,5,0,8.7.0,2025-04-09 00:43:19,,,8.7.0
250b7dfa-34d9-4494-b356-ad644c907dcc,Aldy Elbar R,https://play-lh.googleusercontent.com/a-/ALV-UjWCrbyZr7qZmwDYOvyXXRRI7VCvkJ7Ioo9Q9U9oIiA-B5W3d0h6,"beli paket data tapi blm masuk , padahal saldo sudah terpotong , payah!!!!",1,0,8.7.0,2025-04-09 00:31:18,,,8.7.0
c6ebb460-9daf-4c6b-8732-7ff18f08a9c5,Andre Muhamad 45,https://play-lh.googleusercontent.com/a-/ALV-UjU6dgRH4ovebLQ0QCAOD7kJQHERCA39KKi5wrHkrJe_oa8tOq4A,"tampilan dari UI/UX ini aplikasi ini bagus dan menarik, warna dan desain nya enak dilihat jadi nyaman ketika membuka aplikasinya",5,0,8.6.2,2025-04-09 00:31:03,,,8.6.2
7cc6dfd8-d10b-46c3-b3b3-f1a3e1add482,tarmizi thaher,https://play-lh.googleusercontent.com/a-/ALV-UjV_64vkI_dilHuRNgFSw-c-s8I6TtO0UX9G2xJPspbQYubga48,paket mahal jaringan sering gangguan,3,0,8.6.2,2025-04-09 00:30:27,,,8.6.2
455af088-d0d5-454e-a780-b4be6cd92550,Traveler Cindy,https://play-lh.googleusercontent.com/a-/ALV-UjVwjuu9FV0KvHyIHAwcqzoKm5LmUEctxgZsCcEZcxYd5-PvD5qQ,"""sesi berakhir"" tiap kali buka aplikasi. harusnya netep lah. masa tiap kali mau cek login melulu",3,0,8.6.2,2025-04-09 00:24:40,,,8.6.2
9e0b4c6a-4abd-4862-9eac-70100f30805e,Endah Claudia Margaret,https://play-lh.googleusercontent.com/a/ACg8ocLkvFi6Iuf4osm8QuGC2vbQcKGW4a0ZDO3i2Cy2QkYO8-GjpQ=mo,"apk nya tambah aneh, di update gak mau uninstall, download ulang gak mau pulsa tiba tiba hilang dengan sendiri nya",1,0,8.6.1,2025-04-09 00:20:17,,,8.6.1
85ff6517-0841-4f5f-bb4e-31fc323ee869,Ahmad Zibran,https://play-lh.googleusercontent.com/a-/ALV-UjVgkMj1ybVAiynj73CDw6fWvDBPOtfRnRZILQ9akYxa-O5_wdZu,kikir,1,0,,2025-04-09 00:19:59,,,
700c2aed-245e-4cf4-a24e-8993cfa7d438,Dedy Nularso,https://play-lh.googleusercontent.com/a-/ALV-UjWFmG1lXW3cxwPepBlrft_ErG3xpaHzo9SxXI-3KBeVJg22Zo2s,"Duh si sinyal yg paling Oke dmn2 lancar, si paket yang mahal kualitas internetnya oke. tapi aplikasinya duh duh, diakses susah. aneh",1,0,8.6.2,2025-04-09 00:18:38,"Hai Kak Dedy. Mohon maaf untuk ketidaknyamanannya. Untuk kendala akses aplikasi MyTelkomsel, Kakak bisa langsung menghubungi kami di DM Instagram @Telkomsel atau hubungi kami di tsel.id/chatva. Semoga membantu. 😊 -Sekar",2025-04-09 04:36:11,8.6.2
920da4d5-91a2-4bb1-8b59-ac1a6a94c9e7,Hafizh Akbar,https://play-lh.googleusercontent.com/a-/ALV-UjUU2uH0LWObzCMqHwTkAIWTkeT9-4tiPIOMRvDzB3MO6ENJtgY,woi mana kodenya ga kekirim scammer,1,0,8.7.0,2025-04-09 00:18:15,Hai Kak Hafizh. Mohon maaf untuk ketidaknyamanannya. Untuk kendalanya Kakak bisa langsung menghubungi kami di DM Instagram @Telkomsel atau hubungi kami di tsel.id/chatva. Semoga membantu. 😊 -Sekar,2025-04-09 04:36:31,8.7.0
843c127b-526b-465b-9ff5-43a28af8420b,VLOGz GAMING,https://play-lh.googleusercontent.com/a-/ALV-UjVrCLPBlwjaWgRaSaaP0etYXlPJCtX9k-aO7W2wYL49-FdC_nBH,lawak udah isi pulsa beli paket g masuk lagi,1,0,,2025-04-09 00:08:40,"Hai Kak VLOGz, mohon maaf untuk ketidaknyamanannya. Karena kami memerlukan informasi lebih lanjut untuk membantu Kakak, silakan hubungi kami di DM Instagram @telkomsel atau chat di tsel.id/chatva. Semoga membantu. 😊 -Sekar",2025-04-09 04:38:02,
f27bf4f6-1b9b-4947-8485-b74a1efc5503,yutu like,https://play-lh.googleusercontent.com/a-/ALV-UjXFItd8mgwnKJBpsfC9ObGa0UQb5jFAM_yRItWORezRSpFUWts,"aplikasi nya berat banget, lebih berat dari main PUBG setting rata kanan, mau beli paket aja muter-muter terus,",4,0,8.6.2,2025-04-09 00:01:33,,,8.6.2
354e159a-6854-4561-be62-2064e87b1876,Mujiati Kamil,https://play-lh.googleusercontent.com/a-/ALV-UjVmMXBOS-48d_jmVtbFt-65jL8WFLhLOIs4tGfdKQNUll7egGk,Bayar mahal tapi jaringan bututnya minta ampun beli kuota beratus ribu tpi jaringan cuma 5-20 kb/s,1,0,8.6.2,2025-04-08 23:58:17,"Hai Kak Mujiati. Maaf bikin gak nyaman. Terkait tarif paket, silakan akses aplikasi MyTelkomsel untuk mendapatkan lebih banyak pilihan dan penawaran paket datanya ya Kak, untuk kendala sinyal, silakan coba restart handphone Kakak. Jika masih terdapat kendala silakan hubungi kami di DM Instagram @telkomsel atau chat di tsel.id/chatva. -Sekar",2025-04-09 04:38:31,8.6.2
df05f6cf-3b50-42ff-b225-dffb4145dcec,Lutvan Muhanif,https://play-lh.googleusercontent.com/a-/ALV-UjV9YseLjR9yo2II6HJ38ZAow4b0pLBCOPz_AaOxgvGjNeTnKAk,"Jaringan telkomsel akhir2 ini sering ilang, tiap malam kacau",4,0,,2025-04-08 23:56:10,"Hai, Kak Lutvan. Maaf atas pengalaman yang kurang menyenangkan, terkait keluhan jaringan yang sering hilang. Yuk segera hubungi Mimin melalui fitur bantuan di DM Instagram @Telkomsel atau kirim email ke cs@telkomsel.com untuk dibantu lebih lanjut. Mimin tunggu ya kak. Makasih :) -Edo",2024-08-05 15:43:36,
fcfaebcd-553e-45a0-b4d2-8deaf29449dd,Bilal Bahtiar,https://play-lh.googleusercontent.com/a/ACg8ocKZE_4oYYe_BOJX82C4Ll9u66pyG2z55g5eqVpGH5UFf-m54A=mo,"app tidak berjalan dengan baik, tidak terkonek internet terus",1,0,8.6.2,2025-04-08 23:44:41,"Hai Kak Bilal. Mohon maaf untuk ketidaknyamanannya. Untuk kendala akses aplikasi MyTelkomsel, Kakak bisa langsung menghubungi kami di DM Instagram @Telkomsel atau hubungi kami di tsel.id/chatva. Semoga membantu. 😊 -Sekar",2025-04-09 04:39:35,8.6.2
e40d57f4-6239-489b-9639-0994e6229216,monges 90,https://play-lh.googleusercontent.com/a/ACg8ocLosExBnzvT7KNZpnBDG2o3AJrZrw3xkFd2aCualyrc5mEUlw=mo,apk sering lelet,1,0,8.6.2,2025-04-08 23:42:24,"Hai Kak Monges. Mohon maaf untuk ketidaknyamanannya ya, silakan coba cara berikut ya Kak:
1. Clear cache aplikasi
2. Force close aplikasi
lalu coba login kembali, apabila masih mengalami kendala, silakan hubungi kami melalui DM Instagram @Telkomsel atau chat di tsel.id/chatva. Semoga membantu. 😊 -Sekar",2025-04-09 04:42:39,8.6.2
96187e32-377f-4208-9fd2-506cd8d22d16,Zhilla Aulia,https://play-lh.googleusercontent.com/a-/ALV-UjW2WCUdh12ocHtnDGvIQBDIak3xW7Dh-TO8tuocj0kYTJzFF0NU,"Cape banget ini setiap buka aplikasi udah pasti diminta log in. Kenapa ya? aneh. Mana log innya ribet pake link ngga bisa one take aja gitu, pake biometri or face id.",2,0,6.9.1,2025-04-08 23:23:49,"Hai Kak Zhilla, Mohon maaf untuk ketidaknyamanannya ya, silakan coba cara berikut ya Kak:
1. Clear cache aplikasi
2. Force close aplikasi
lalu coba login kembali, apabila masih mengalami kendala, silakan hubungi kami melalui DM Instagram @Telkomsel atau chat di tsel.id/chatva. Semoga membantu. :) -Edo",2025-04-09 06:47:08,6.9.1
11db9cc3-447a-4cf6-9aa9-799acc956d03,winner fizh,https://play-lh.googleusercontent.com/a-/ALV-UjUUyN81nplmjZoyRAJlG8ltKYkKg-gyhk-NbwezZ0-g0iIPYUTN,"Banyak error susah diakses, pulsa dan kuota sering tidak update. Harus install ulang baru normal, nanti error lagi. Ini terjadi pada semua anggota keluarga yg pakai aplikasi ini juga. makin lama bukannya makin baik malah makin buruk. Review di-update jika sudah ada perubahan.",1,0,8.6.2,2025-04-08 23:16:16,"Hai Kak Winner. Mohon maaf untuk ketidaknyamanannya ya, silakan coba cara berikut ya Kak:
1. Clear cache aplikasi
2. Force close aplikasi
lalu coba login kembali. Untuk keluhan cek kuota, silakan hubungi kami melalui DM Instagram @Telkomsel atau chat di tsel.id/chatva. Semoga membantu. 😊 -Sekar",2025-04-09 05:16:37,8.6.2
32619fce-a59d-441d-9065-849561bfb6fe,Slamet Septiono,https://play-lh.googleusercontent.com/a/ACg8ocKkwrUR_PlID4H20urjpJBf_3dMGRrXb_copLeGwGKooZPuYg=mo,Sudah ribet mahal pula.. aplikasi sampah 2 no check in susah mana masuk lelet pula..,1,0,8.6.2,2025-04-08 23:14:10,"Hai, Kak Slamet. Maaf banget ya. Mengenai keluhan tarif layanan Telkomsel, yuk hubungi Mimin melalui akun Instagram @telkomsel atau Email cs@telkomsel.com agar dibantu lebih lanjut. Mimin tunggu ya Kak. Makasih :) -Alma",2023-12-15 06:32:52,8.6.2
fb81104c-40e2-4001-a615-7c803241c8b7,Yusuf Alfian,https://play-lh.googleusercontent.com/a-/ALV-UjWR9vxyH645tPO8mJbxI9bR4HecM7IiHoF6qMsa579T44670WFA,paketan'mu luarang dewe tapi jaringan'mu lemot,1,0,8.7.0,2025-04-08 23:12:59,"Hai Kak Alfian. Maaf bikin gak nyaman. Terkait tarif paket, silakan akses aplikasi MyTelkomsel untuk mendapatkan lebih banyak pilihan dan penawaran paket datanya ya Kak, untuk kendala sinyal, silakan coba restart handphone Kakak. Jika masih terdapat kendala silakan hubungi kami di DM Instagram @telkomsel atau chat di tsel.id/chatva. -Sekar",2025-04-09 05:18:46,8.7.0
8cd1f800-b481-4d38-8a95-55b3ce459fbb,Aman Subagyogojekcar,https://play-lh.googleusercontent.com/a-/ALV-UjWNS-PH4R31WlXul_JdYh5p7zGpRUHk3Nd3uFUMxofU-leubR8,susah dibuka,3,0,,2025-04-08 23:11:00,"Hai Kak Aman, Mohon maaf untuk ketidaknyamanannya ya, silakan coba cara berikut ya Kak:
1. Clear cache aplikasi
2. Force close aplikasi
lalu coba login kembali, apabila masih mengalami kendala, silakan hubungi kami melalui DM Instagram @Telkomsel atau chat di tsel.id/chatva. Semoga membantu. :) -Edo",2025-04-09 07:18:21,
524d2943-bfc7-4b88-87e3-5feb6dbb14d0,16.Muhammad Ismail,https://play-lh.googleusercontent.com/a-/ALV-UjW8D8SMA0bFLynFx4t9ZBMP1SvMn0TMwKde1ntlOl9z_zNZPrJY,"aplikasix kok berat banget y, sering hang, padahal udah pke hp ram 8gb pros helio99, masih aja sering nge hang, panas dan dikit2 update",1,0,8.7.0,2025-04-08 23:02:56,"Hai Kak Ismail. Mohon maaf untuk ketidaknyamanannya ya, apabila aplikasi MyTelkomsel terlalu berat di handphone kakak, silakan coba unduh MyTelkomsel Basic. Aplikasi ini sudah tersedia di PlayStore. Apabila masih mengalami kendala, silakan hubungi kami melalui DM Instagram @Telkomsel atau chat di tsel.id/chatva. Semoga membantu.😊 -Sekar",2025-04-09 05:19:33,8.7.0
8d1f571a-84cf-4d7f-aebd-65e827251e28,Akbar Surya,https://play-lh.googleusercontent.com/a/ACg8ocJS8sRgnWrzIHDHWeU-b6ZKkXNcMLTMa-E-AYLgIDkQjeqQ_g=mo,"makin sekarang makin edan ini aplikasi, udah loading harus masuk ke link, di klik link ttap gk bisa jg, parah makin skrg bukanya makin bagus malah makin jelek,udah loading susah masup jg, gk sesuai dgn harga kuota, mahal tp lemot.",1,2,8.7.0,2025-04-08 22:51:42,"Hai Kak Akbar. Mohon maaf untuk ketidaknyamanannya ya, silakan coba cara berikut ya Kak:
1. Clear cache aplikasi
2. Force close aplikasi
lalu coba login kembali, apabila masih mengalami kendala, silakan hubungi kami melalui DM Instagram @Telkomsel atau chat di tsel.id/chatva. Semoga membantu. 😊 -Sekar",2025-04-09 05:22:59,8.7.0
57688da2-c16d-47d3-9649-6044428ab7e7,Rian Rahmat,https://play-lh.googleusercontent.com/a-/ALV-UjXupJTBv0jKxpY_xNwiy7lxZiMogWcLnth9JWQE-v15u8TcRik,"Aplikasinya aja lemot apalagi kualitas internetnya, the best of lemot!",1,0,,2025-04-08 22:47:22,"Hai Kak Rian. Mohon maaf untuk ketidaknyamanannya ya, silakan coba cara berikut ya Kak:
1. Clear cache aplikasi
2. Force close aplikasi
lalu coba login kembali. Untuk keluhan internet lambat, silakan coba restart handphone Kakak. Apabila masih terdapat kendala silakan hubungi kami di DM Instagram @telkomsel atau chat di tsel.id/chatva. -Sekar",2025-04-08 23:01:41,
5d3c6a0f-60dc-4608-9f67-f837ae0a912b,septo DP,https://play-lh.googleusercontent.com/a-/ALV-UjVOIdOvDKnS2UjXVR6IHLirbtJDvX61-nft9818BELWHy2W1sC9,"Untuk aplikasi my Telkomsel lagi agak error atau gimana ya? Saya gak bisa ngambil stam berhadiah untuk hadiah kuota 3 gb keatas, padahal sudah bisa tapi gak bisa di ambil.... Dan sekarang paket internet yang bisa saya beli juga jadi berkurang isian/kualitas paket nya padahal yang dulu udah enak dengan harga 100 ribu...",2,1,8.6.2,2025-04-08 22:45:38,"Hai Kak Septo, Mohon maaf untuk ketidaknyamanannya, silakan coba cara berikut ya Kak:
1. Clear cache aplikasi
2. Force close aplikasi
lalu coba klaim kembali, apabila masih mengalami kendala, silakan hubungi kami melalui DM Instagram @Telkomsel atau chat di tsel.id/chatva. Semoga membantu. :) -Edo",2025-04-09 06:48:07,8.6.2
7830b61f-5c42-4445-83d9-9e615077a599,C E P R E T,https://play-lh.googleusercontent.com/a-/ALV-UjXepl1tnbD20MhBUeLYxejvsmtSbL417SRD7KnF37uaNWZ0psU,aneh kadang gampang kadang susah,1,0,8.6.2,2025-04-08 22:44:13,Hai Kak Cepret. Mohon maaf untuk ketidaknyamanannya. Untuk kendalanya Kakak bisa langsung menghubungi kami di DM Instagram @Telkomsel atau hubungi kami di tsel.id/chatva. Semoga membantu. 😊 -Sekar,2025-04-08 23:02:15,8.6.2
a0785a0d-4fd4-4d0d-880b-1a6242cfc8c8,Dimaz Venyok,https://play-lh.googleusercontent.com/a-/ALV-UjX3t9voUVdRyGkaHEarDyD9A-yMu3EjzhYYpk_shEnvhKTBPG6G,dibuka hanya hankk,1,0,8.6.2,2025-04-08 22:37:26,Hai Kak Dimaz. Mohon maaf untuk ketidaknyamanannya. Untuk kendalanya Kakak bisa langsung menghubungi kami di DM Instagram @Telkomsel atau hubungi kami di tsel.id/chatva. Semoga membantu. 😊 -Sekar,2025-04-08 23:02:29,8.6.2
2cd35a83-d833-4066-8339-429165a73970,Pengguna Google,https://play-lh.googleusercontent.com/EGemoI2NTXmTsBVtJqk8jxF9rh8ApRWfsIMQSt2uE4OcpQqbFu7f7NbTK05lx80nuSijCz7sc3a277R67g,"Telkomsel yang sekarang kenapa dah,jaringan nya lemot. buka apk my telkomsel kadang bisa, kadang loading terus.",4,0,8.7.0,2025-04-08 22:36:41,,,8.7.0
93c0400c-9e31-4842-80fd-7741ac9c64d9,Zapar Gmg,https://play-lh.googleusercontent.com/a-/ALV-UjVpFsBDkuOwaG1awDdCaVCgRqKlSzaIH_ytsAOfd6kvYQofq3g,apk nya sering leg muter terus padahal jaringan bagus dahlah,1,0,8.6.2,2025-04-08 22:35:28,"Hai Kak Zapar. Mohon maaf untuk ketidaknyamanannya ya, silakan coba cara berikut ya Kak:
1. Clear cache aplikasi
2. Force close aplikasi
lalu coba login kembali, apabila masih mengalami kendala, silakan hubungi kami melalui DM Instagram @Telkomsel atau chat di tsel.id/chatva. Semoga membantu. 😊 -Sekar",2025-04-09 01:10:37,8.6.2
c92cca43-46d4-4759-a4dc-913a3a9dc290,Arfi Fadlilah,https://play-lh.googleusercontent.com/a-/ALV-UjURheRk5QDSf71BVgvvh1TC1yfVuzCGy16slkTK1uvTG1Y7Ceg,buat cek kuota butuh reload berkali kali selama setengah jam padahal jaringan bagus,1,0,8.6.2,2025-04-08 22:21:19,"Hai Kak Arfi. Mohon maaf untuk ketidaknyamanannya ya, silakan coba cara berikut ya Kak:
1. Clear cache aplikasi
2. Force close aplikasi
lalu coba login kembali. Untuk keluhan cek kuota, silakan hubungi kami melalui DM Instagram @Telkomsel atau chat di tsel.id/chatva. Semoga membantu. 😊 -Sekar",2025-04-09 01:11:12,8.6.2
6e73690e-62c7-4a98-ad7e-4c5badfd5274,Panji Bastian,https://play-lh.googleusercontent.com/a-/ALV-UjWmaqz9PomwE5dbQ2tpBzcHLkVUWdpzh1uZkvt201MOw8b2YEg,"maaf kalau saya beri bintang 1,. sekarang Kualitas internetnya lemot sekali, ini dikota lho. Apalagi di pelosok desa, Naudzubillah... beda jauh sama dulu pas saya kasih 5 bintang.",1,0,8.6.2,2025-04-08 22:18:58,"Hai Kak Panji. Mohon maaf untuk ketidaknyamanannya, silakan coba restart handphone Kakak. Apabila masih terdapat kendala silakan hubungi kami di DM Instagram @telkomsel atau chat di tsel.id/chatva. Semoga membantu. :) -Sekar",2025-04-09 01:11:39,8.6.2
fe70e3d9-df2c-417a-bf8a-80421dfa050b,Mas Deniii,https://play-lh.googleusercontent.com/a-/ALV-UjVL3E-INZGux--oB8DJEiUcmW0iVhQI2QFsbFsNxIIljjDV4zg,"hallo admin. sekedar mengingatkan utk pelayanan itu adalah kunci utama. tolong kedepan diperbaiki lg aplikasinya. menurutku kalian perusahaan yg besar, sangat tdk elok jika hal kecil dlm aplikasi saja sering bug bahkan lemot. kurangi cost perusahaan yg tidak berguna, lebih baik di gunakan utk hal lain spt memperbaiki kualitas pelayanan (exp: aplikasi, promo internet, kecepatan dan jangkauan jaringan). hargai pelanggan loyal kalian yg sudah lama menggunakan Telkomsel dr dulu. Tq",3,0,7.2.0,2025-04-08 22:17:47,,,7.2.0
8f1d3247-b74b-4e7d-b8f7-171eb2629f49,Setiawan Setiawan,https://play-lh.googleusercontent.com/a/ACg8ocIz9U8bv3bl-hTaq5VJsXPtv-YFezN9AmioYOnxcx72Whi39Q=mo,"aplikasi terburuk, notifikasi setiap hari muncul seperti sampah tapi kualitas tidak diperbaiki... kalau mau promo minimal aplikasi atau jaringan diperbaiki supaya ga kaya sampah...",1,0,,2025-04-08 22:06:06,"Mohon maaf ya, Kak Setiawan. Untuk keluhan penggunaan kuota. Agar dapat mimin bantu lebih lanjut, konfirmasi melalui fitur bantuan di aplikasi MyTelkomsel, atau kirim email ke cs@telkomsel.co.id, Twitter @Telkomsel, Facebook Messenger 'Telkomsel', atau WhatsApp Telkomsel Virtual Asisten. Makasih :) -Allen",2022-04-17 11:54:19,
4149abfb-e6c4-4acb-a7a2-4e3df4ec27c6,Sabiqotul Khoiriyah,https://play-lh.googleusercontent.com/a/ACg8ocJNErnrKIBMsmpHbEkA_i-FnyOPjeGHMbZUqf3YfOu3hRnDHw=mo,sekarang paket unlimited yang 10 ribu/hari ko jadi 15gb doang ya? padahal sebelumnya kan 500gb,2,0,8.6.2,2025-04-08 22:03:39,,,8.6.2
d5db45b6-3d9a-4690-90f1-8a3b83b17f33,ADNAN SOLEH,https://play-lh.googleusercontent.com/a-/ALV-UjWWbfY11jLpqTYZ3oeHx94i25b6dwPuqWHiOtB9q_ocrzf05bHP,sampah,1,0,8.6.2,2025-04-08 21:35:05,"Hai Kak Adnan. Mohon maaf untuk ketidaknyamanannya ya, silakan coba cara berikut ya Kak:
1. Clear cache aplikasi
2. Force close aplikasi
lalu coba login kembali, apabila masih mengalami kendala aplikasi MyTelkomsel lambat, silakan hubungi kami melalui DM Instagram @Telkomsel atau hubungi kami di tsel.id/chatva. Semoga membantu. :) -Ken",2024-10-20 14:12:46,8.6.2
45893d8f-7c14-4ff2-b35f-8131b26e4e20,Luthfia Savitrie,https://play-lh.googleusercontent.com/a/ACg8ocJNtbvBufrpErs8a_KVW-pJdXrM-XoRox75TJLcA6Sc6nIKpg=mo,lemot bgtt jadi susah mau cek kuota atau beli paket,1,0,8.6.2,2025-04-08 21:29:34,"Hai Kak Luthfia. Mohon maaf untuk ketidaknyamanannya ya, silakan coba cara berikut ya Kak:
1. Clear cache aplikasi
2. Force close aplikasi
lalu coba login kembali. Untuk keluhan cek kuota dan pembelian paket, silakan hubungi kami melalui DM Instagram @Telkomsel atau chat di tsel.id/chatva. Semoga membantu. 😊 -Sekar",2025-04-09 01:44:08,8.6.2
31b9a62c-3474-47be-adbf-25d5f3052d5d,Diny Pricilla Mayasari,https://play-lh.googleusercontent.com/a-/ALV-UjWf3NXSqAtv5wEoOjK1EPXdafkHrsczt0ti9BdBnpJO7pQiq3b6Qg,"maaf jika hanya beri bintang 2, sekarang saya tidak bisa akses my Telkomsel. link terkirim tapi ketika buka SMS tidak ada. terpaksa saya uninstall",2,0,8.7.0,2025-04-08 21:10:33,"Hai Kak Diny, Mohon maaf untuk ketidaknyamanannya ya, silakan coba cara berikut ya Kak:
1. Clear cache aplikasi
2. Force close aplikasi
lalu coba login kembali, apabila masih mengalami kendala, silakan hubungi kami melalui DM Instagram @Telkomsel atau chat di tsel.id/chatva. Semoga membantu. :) -Edo",2025-04-09 06:58:21,8.7.0
47e04cc7-ce32-4c74-b0c1-5f500d2ceea4,Agus Safrudin,https://play-lh.googleusercontent.com/a-/ALV-UjUwVSYtWd0yHr6c6k3h9uBwZtTx3VcswDNHUZW8WICV6lKW_7dR,makin canggih sistem operasional apk Telkomsel sangat membantu ku,5,0,8.6.2,2025-04-08 20:52:32,,,8.6.2
947e4cdb-968a-4e62-bbf0-b532579b0007,Agus Whidy,https://play-lh.googleusercontent.com/a/ACg8ocLrYxPYHFSd8pL6mPXE7_EXnlXdNNDP98lU8x4FVeAK5onu8h3H=mo,"aplikasinya tidak bisa di buka stak di login saja,sudah gak bisa di pencet apapun, jadinya gak bisa di pakai. lebih baik hapus saja dari playstore buang2 kuota untuk mendownload kalau tidak bisa di gunakan.",1,0,8.6.2,2025-04-08 20:33:10,"Hai Kak Agus. Mohon maaf untuk ketidaknyamanannya. Untuk kendala akses aplikasi MyTelkomsel, Kakak bisa langsung menghubungi kami di DM Instagram @Telkomsel atau hubungi kami di tsel.id/chatva. Semoga membantu. 😊 -Sekar",2025-04-09 01:52:36,8.6.2
08b633e7-9c14-4bf6-91a0-c571a8e4c1b3,venom.biru73 Aizen,https://play-lh.googleusercontent.com/a-/ALV-UjW-v7jndVAP-4JdytfEKe8xZLBAVi8I9T3mjXmneDuZKCcpTMQy,Buruk,2,0,8.6.2,2025-04-08 20:29:06,"Hai Kak Venom, Mohon maaf untuk ketidaknyamanannya ya, silakan coba cara berikut ya Kak:
1. Clear cache aplikasi
2. Force close aplikasi
lalu coba login kembali, apabila masih mengalami kendala, silakan hubungi kami melalui DM Instagram @Telkomsel atau chat di tsel.id/chatva. Semoga membantu. :) -Edo",2025-04-09 06:59:06,8.6.2
10ae6e0c-b995-47a0-b1b0-ac4f9b116ba3,Fahry Fr,https://play-lh.googleusercontent.com/a/ACg8ocLaAecTRz8SuVUqkyPLdjwbNpATZia1iKAhOFd534BtzPvXjSw=mo,kenapa yaa kadang apknya kadang lemot yaa padahal jaringan bagus tpi gk bisa di buka,3,0,8.6.2,2025-04-08 19:57:30,"Hai Kak Fahry, Mohon maaf untuk ketidaknyamanannya ya, silakan coba cara berikut ya Kak:
1. Clear cache aplikasi
2. Force close aplikasi
lalu coba login kembali, apabila masih mengalami kendala, silakan hubungi kami melalui DM Instagram @Telkomsel atau chat di tsel.id/chatva. Semoga membantu. :) -Edo",2025-04-09 07:18:58,8.6.2
c5c8d3f2-d6d3-4adc-b91f-563988bca1cf,Aurelius tius tiono Aurelius tius tiono,https://play-lh.googleusercontent.com/a/ACg8ocL-y-4QZBhjIEh_ibu2RBgl8B8Sk6WH9NhAKB4oAwciBazXSw=mo,untuk aplikasi ok👍 pilihan paket unlimited 500gb juga sudah di tampilkan terus di pertahan kan,5,0,8.7.0,2025-04-08 19:56:05,,,8.7.0
cfacebd5-1bf2-4ac4-82c6-727b9e76ad41,Wardy 1503,https://play-lh.googleusercontent.com/a/ACg8ocIcvDwTS1PKqRpHAOQW8HZvPcNUcL91lGI4D3uiGUjkHcD6=mo,"makin lama makin mahal isi paket Telkomsel, jaringan nya lemot pula,",1,0,8.6.2,2025-04-08 19:51:01,"Hai Kak Wardy. Maaf bikin gak nyaman. Terkait tarif paket, silakan akses aplikasi MyTelkomsel untuk mendapatkan lebih banyak pilihan dan penawaran paket datanya ya Kak, untuk kendala internet lambat, silakan coba restart handphone Kakak. Jika masih terdapat kendala silakan hubungi kami di DM Instagram @telkomsel atau chat di tsel.id/chatva. -Sekar",2025-04-09 01:57:02,8.6.2
ebadacfc-fb1d-4ef0-b1a9-fbd97a9da69b,Karaeng Akbar,https://play-lh.googleusercontent.com/a/ACg8ocIdUk1GckB72NvIApuuus8je2WWL29kIGSzOFlLwyQh8mncIw=mo,"Percuma pake apk ini sama aja rugi mending langsu beli kouta di konter ,,,soal saya beli paketan di apk ini aman tapi pass masih ada kota nya untuk youteb ga bisa padahal ada tulisan bebas youteban beli paket di apk ini tidak memuaskah",5,0,8.7.0,2025-04-08 19:48:24,"Hai Kak Karaeng. Mohon maaf ya, jika yang dimaksud keluhan kuota youtube gak bisa digunakan. Silakan hubungi Mimin melalui fitur bantuan di aplikasi MyTelkomsel, Facebook Messenger 'Telkomsel', DM Twitter @Telkomsel atau kirim email ke cs@telkomsel.com untuk dibantu lebih lanjut. Makasih :) -Edo",2023-05-07 14:41:08,8.7.0
73451883-c9d2-467d-bdad-87bc602e64b2,アクラムAkram,https://play-lh.googleusercontent.com/a/ACg8ocKZZQZnP11ONvbDPV1Shq9NBn0vMuUqEa2pm-P_TwQZYIt3PQ=mo,aplikasi kikir,1,0,8.6.2,2025-04-08 19:47:00,Hai Kak Akram. Mohon maaf untuk ketidaknyamanannya. Untuk kendalanya Kakak bisa langsung menghubungi kami di DM Instagram @Telkomsel atau hubungi kami di tsel.id/chatva. Semoga membantu. 😊 -Sekar,2025-04-09 01:57:20,8.6.2
c1b45609-a239-4941-beb4-5a6f711f7e82,Rezza Extream,https://play-lh.googleusercontent.com/a-/ALV-UjVRU4fBlLifVwZz76otLjiP7gnW4AqANf6iUQ3EeT-ex6kpyrjC,Mantap,5,0,,2025-04-08 19:45:15,,,
1449339f-b5a1-48ba-a038-690f1797043d,Felicitas Setiawan,https://play-lh.googleusercontent.com/a-/ALV-UjXwGahE0UBTq_4U67UgYS0ZlfVdxGfHK-RtxndNK5rmpYm0lL2s,"apl tidak berguna,,,sering eror sudah install ulang masih aja eror",1,0,8.7.0,2025-04-08 19:36:53,"Hai Kak Felicitas. Mohon maaf untuk ketidaknyamanannya ya, silakan coba cara berikut ya Kak:
1. Clear cache aplikasi
2. Force close aplikasi
lalu coba login kembali, apabila masih mengalami kendala, silakan hubungi kami melalui DM Instagram @Telkomsel atau chat di tsel.id/chatva. Semoga membantu. 😊 -Sekar",2025-04-09 01:58:30,8.7.0
bdeb5379-b961-43ac-bbe7-89e71f6afe11,tukul chunk,https://play-lh.googleusercontent.com/a-/ALV-UjVRONSBfgBE8cmGKFnfKZCE1Abn48N4bbsdQz_cHdTfdFWdAK2L,buka MyTelkomsel malah muter terus,1,0,8.6.2,2025-04-08 19:36:50,"Hai Kak Tukul. Mohon maaf untuk ketidaknyamanannya. Untuk kendala akses aplikasi MyTelkomsel, Kakak bisa langsung menghubungi kami di DM Instagram @Telkomsel atau hubungi kami di tsel.id/chatva. Semoga membantu. 😊 -Sekar",2025-04-09 01:59:05,8.6.2
3d3c5986-3701-4729-b6fc-13cc0fff2187,Fahmi Hasibuan,https://play-lh.googleusercontent.com/a/ACg8ocL76YIjR7MiYlYgnkB59sY1YDNx7OuY-OcEW3KZqCadBgYUIg=mo,gimna si aku ngisi pulsa 25k tapi gk masuk,1,0,8.6.2,2025-04-08 19:24:56,"Hai Kak Fahmi, mohon maaf untuk ketidaknyamanannya. Karena kami memerlukan informasi lebih lanjut untuk membantu Kakak, silakan hubungi kami di DM Instagram @telkomsel atau chat di tsel.id/chatva. Semoga membantu. 😊 -Sekar",2025-04-09 02:00:38,8.6.2
ce6a4c5e-17a3-4f9a-9029-9349c340e913,Agam Aceh,https://play-lh.googleusercontent.com/a-/ALV-UjVwunalFZm30nsLLAe4xIufeVtobkmZ-WQGicJ3xuUCY3fuj75xjQ,gk jelas,1,0,8.6.2,2025-04-08 19:17:35,Hai Kak Agam. Mohon maaf untuk ketidaknyamanannya. Untuk kendalanya Kakak bisa langsung menghubungi kami di DM Instagram @Telkomsel atau hubungi kami di tsel.id/chatva. Semoga membantu. 😊 -Sekar,2025-04-09 02:01:01,8.6.2
ee10527b-186f-430d-ace8-9c169f9a3764,Alvin Gabe,https://play-lh.googleusercontent.com/a-/ALV-UjUmEff05SNpJxsfnVoZ9leGvlysZ4JlkuQe7Wq6Er0i2th4G98,Tolong dong jaringan untuk Deli Serdang jangan lambat kali Lemot minta ampun apalagi kalau di pelosok Desa🙏,1,0,,2025-04-08 19:15:31,"Hai Kak Alvin. Mohon maaf untuk ketidaknyamanannya, silakan coba restart handphone Kakak. Apabila masih terdapat kendala silakan hubungi kami di DM Instagram @telkomsel atau chat di tsel.id/chatva. Semoga membantu. :) -Sekar",2025-04-09 02:01:44,
d2957fd2-5eb5-4e9d-a433-e1a6558a1b1d,Rovic Ky,https://play-lh.googleusercontent.com/a-/ALV-UjWFrJQi6wWlV1AzjgW4O-bKB-moTRWHHISag6SNnH5KliglQvF-,mahal bangeettttttt boros paket udah kalo pakek game leg,1,0,8.6.2,2025-04-08 19:14:34,"Hai Kak Rovic. Maaf bikin gak nyaman. Terkait tarif paket, silakan akses aplikasi MyTelkomsel untuk mendapatkan lebih banyak pilihan dan penawaran paket datanya ya Kak, untuk kendala internet lambat, silakan coba restart handphone Kakak. Jika masih terdapat kendala silakan hubungi kami di DM Instagram @telkomsel atau chat di tsel.id/chatva. -Sekar",2025-04-09 02:02:25,8.6.2
bbf4812a-172b-4d7d-b33f-44ba0c90a9e8,Isef Wahyudy,https://play-lh.googleusercontent.com/a/ACg8ocLtcY4IbbSeNw6TroIs-T0v8K8MghMsqGmftcdWwiWe1U9kuQ=mo,"pemakaian nya lumayan, tapi susah banget kalo mau pake aplikasi ini",2,0,8.7.0,2025-04-08 19:14:07,"Hai Kak Isef, Mohon maaf untuk ketidaknyamanannya ya, silakan coba cara berikut ya Kak:
1. Clear cache aplikasi
2. Force close aplikasi
lalu coba login kembali, apabila masih mengalami kendala, silakan hubungi kami melalui DM Instagram @Telkomsel atau chat di tsel.id/chatva. Semoga membantu. :) -Edo",2025-04-09 06:59:36,8.7.0
22e97cbd-10cf-4fb9-8d1d-6140afbd7e26,Muhammad Razka Pratama,https://play-lh.googleusercontent.com/a-/ALV-UjX8wQGy9e58O3tqPYkRPluz61luwyOcAS2cpijnCnsSqD5CwzY,aplikasinya sangat mudah untuk digunakan dalam proses transaksi... thanks my telkomsel...,5,0,,2025-04-08 19:10:50,,,
eab7182e-ee5c-4c33-9da0-bf1479042a63,Ummu Fadlillah,https://play-lh.googleusercontent.com/a-/ALV-UjUKmpSb2Cf-Z4yRcrsX2n7lXXq_V0Gu6J1jdONSrT1FMogKOqhS,"min, kok pulsa saya kesedot ya pulsa awal 75.000 sekarang kok jadi 360 rupiah, gimana ini?",1,0,8.6.2,2025-04-08 18:46:21,"Hai Kak Ummu. Mohon maaf untuk ketidaknyamanannya, karena kami memerlukan informasi lebih lanjut untuk membantu kakak, silakan hubungi kami di DM Instagram @telkomsel atau chat di tsel.id/chatva. Semoga membantu. 😊 -Sekar",2025-04-09 02:02:55,8.6.2
ebf0723e-0f38-4d85-9c3b-048ded21fd15,Togar Rizal,https://play-lh.googleusercontent.com/a-/ALV-UjU2hOhoUkmVrJzRAVNb9JwWFteK6qEHfdri_NlR-jYVav23lID4yA,"sudah 2 hari ini sinyal telkomsel buruk sekali, apa kabelnya di makan hiu? buka google saja lemotnya minta ampun..astaga",2,0,7.5.0,2025-04-08 18:38:40,"Hai, Kak Togar. Maaf kalo jadi ga nyaman. Untuk pertanyaan atau keluhan pada produk Telkomsel, agar bisa dibantu lebih lanjut silakan menghubungi fitur bantuan di aplikasi MyTelkomsel, atau kirim email ke cs@telkomsel.co.id, Twitter @Telkomsel, Facebook Messenger 'Telkomsel', atau WhatsApp Telkomsel Virtual Asisten. Makasih :) -Tony",2021-12-25 08:37:56,7.5.0
c4360dd2-ab66-45b9-b3f9-e5efbc67cdbb,Subrata Daniel,https://play-lh.googleusercontent.com/a-/ALV-UjUy2FUXCCjRAU-h5ohl_bEEe1tdDLoMZAWpc2aA_1WjBFSNZcf8,emang di negara kita tuh apa2 mahal tpi kualitas kyk zaman pra sejarah . contoh ini,1,0,8.6.2,2025-04-08 18:29:37,"Hai Kak Subrata. Mohon maaf untuk ketidaknyamanannya, silakan akses aplikasi MyTelkomsel untuk mendapatkan lebih banyak pilihan dan penawaran paket datanya ya Kak. Semoga membantu. 😊 -Sekar",2025-04-09 02:03:25,8.6.2
78552b06-7768-4c06-9440-2237fb858d73,Muhammad Nurul fajri,https://play-lh.googleusercontent.com/a/ACg8ocJxBKTKk_I8ASEac_okMvJ78KBL4j5jLoEvYVq4CDJtnj0H7A=mo,kenapa sih lemot banget ni aplikasi padahal gk berat berat amat makin kesini makin kacau ni Telkomsel,1,0,8.6.2,2025-04-08 18:07:53,"Hai Kak Nurul. Mohon maaf untuk ketidaknyamanannya ya, silakan coba cara berikut ya Kak:
1. Clear cache aplikasi
2. Force close aplikasi
lalu coba login kembali, apabila masih mengalami kendala, silakan hubungi kami melalui DM Instagram @Telkomsel atau chat di tsel.id/chatva. Semoga membantu. 😊 -Sekar",2025-04-09 02:03:53,8.6.2
195693eb-44c1-447a-afbe-7d6b7af0aa2e,Gobayx,https://play-lh.googleusercontent.com/a-/ALV-UjU3WVeknvB2UHREs361GbZ3JGx3v-jEJKNgxTYBi0PHRvcA9zKR,"Unlimited satu hari tanpa batas internet eh tetapi nyatanya ada batas internet 15GB kan seharusnya unlimited sesuai judulnya, pembodohan publik!",1,0,8.6.2,2025-04-08 18:06:10,"Mohon maaf Kak. Untuk pertanyaan atau keluhan pada produk dan layanan Telkomsel, agar dapat dibantu lebih lanjut silakan menghubungi fitur bantuan di aplikasi MyTelkomsel, atau kirim email ke cs@telkomsel.com, Twitter @Telkomsel, Facebook Messenger 'Telkomsel', atau WhatsApp Telkomsel Virtual Asisten. Makasih :) -Tony",2022-05-06 13:01:22,8.6.2
e8c2aa82-353f-44d5-8e26-c17d50cc2a75,Navis Tanjung,https://play-lh.googleusercontent.com/a-/ALV-UjUTB1epp8GoOtMPOt65_qRQqkmcYPQ5IcyvWQ3d90Zkjfhzgw4,sangat memuaskan,5,0,8.6.2,2025-04-08 18:03:03,,,8.6.2
5ab43564-9f7a-4c8a-a3ad-3afa52592dcf,Pengguna Google,https://play-lh.googleusercontent.com/EGemoI2NTXmTsBVtJqk8jxF9rh8ApRWfsIMQSt2uE4OcpQqbFu7f7NbTK05lx80nuSijCz7sc3a277R67g,"telkomsel apk ini knpa ya eror Mulu pas masuk cek kuota aja harus di hapus data dulu baru normal lagi,jaringan nya tambah lelet lagi Sekang kacau ini,perbaiki lagi dulu mah Gak begini",1,0,8.6.2,2025-04-08 18:00:08,"Hai Kak. Mohon maaf untuk ketidaknyamanannya ya, silakan coba cara berikut ya Kak:
1. Clear cache aplikasi
2. Force close aplikasi
lalu coba login kembali. Untuk internet lambat, silakan coba restart handphone Kakak. Terkait cek kuota, silakan hubungi kami melalui DM Instagram @Telkomsel atau chat di tsel.id/chatva. Semoga membantu. 😊 -Sekar",2025-04-09 02:13:46,8.6.2
058418dc-3bfe-4d6b-bdba-a99db4604431,Uday Uday,https://play-lh.googleusercontent.com/a-/ALV-UjVS7uYq-bH9YOp3OBMZutKO1XgtLGww9z6Sg6TCZvHQF8JHYEg,sangat puas tapi tolong sinyal nya jangan jelek,5,0,8.6.2,2025-04-08 17:47:11,,,8.6.2
d705cd7b-84ec-463d-9d99-5961ea563a62,Rizki Hariyandi,https://play-lh.googleusercontent.com/a-/ALV-UjVcaFh4pA7hAhp8Fnb7QMEwF51sArV5Mo8vLjsnbJ9j59S2fzat,"telkomsel tolong di perbaiki bug di hp Android. kenapa buka aplikasi my telkomsel ini sangat lemot, sinyal juga gak bisa masuk. aplikasi kalian kenapa begini???? bintang 1 layak untuk pengembangan aplikasi ini. kalau ada minus udah ku kasih minus! ¡! admin, anda paham gak?? aplikasi kalian itu lemot. aku udah lakukan yang intruksi dari operator kalian udah lebih 5 kali aku lakukan memang aplikasi kalian ini gak beres. setiap buka aplikasinya sinyal ku pasti gak masuk.",1,4,8.7.0,2025-04-08 17:43:28,"Hai Kak Rizki. Mohon maaf untuk ketidaknyamanannya ya, silakan coba cara berikut ya Kak:
1. Clear cache aplikasi
2. Force close aplikasi
lalu coba login kembali, apabila masih mengalami kendala, silakan hubungi kami melalui DM Instagram @Telkomsel atau hubungi kami di tsel.id/chatva. Semoga membantu. :) -Alma",2025-04-05 02:54:51,8.7.0
98dadf30-6478-4281-85c3-e121d95994d7,Gacor Sedih,https://play-lh.googleusercontent.com/a-/ALV-UjV6fIhD5LzC78hcHOi6BGyNmMqPX1P2yRcvwOLB2sRheqrfI44,Telkomsel tolol,1,0,,2025-04-08 17:28:56,Hai Kak Gacor. Mohon maaf untuk ketidaknyamanannya. Untuk kendalanya Kakak bisa langsung menghubungi kami di DM Instagram @Telkomsel atau hubungi kami di tsel.id/chatva. Semoga membantu. 😊 -Sekar,2025-04-09 02:12:12,
40804fb1-37c6-455b-a30d-e11ed34117b3,"Ilham I,am",https://play-lh.googleusercontent.com/a/ACg8ocKkvnpTonCmVDOHVwb2m1-2JhpH7VfMSv5FMhY9RB7Q3NhByw=mo,lambat,1,0,,2025-04-08 17:26:16,"Hai Kak Ilham. Mohon maaf untuk ketidaknyamanannya, silakan coba restart handphone Kakak. Apabila masih terdapat kendala silakan hubungi kami di DM Instagram @telkomsel atau chat di tsel.id/chatva. Semoga membantu. :) -Sekar",2025-04-09 02:12:03,
9329a629-d418-48f8-a446-0c937ada02a2,Mirza Dzil Furqon,https://play-lh.googleusercontent.com/a/ACg8ocKLK_DyVvhhyOXztqeeXno4pyN2OalEeg08NsTVDfIW-JInUw=mo,mantapp👍,5,0,,2025-04-08 17:26:01,,,
95fe37a2-60cb-45ea-b185-a113ab34cb2e,m 4570 ko,https://play-lh.googleusercontent.com/a-/ALV-UjWDYS-sYq7qYXTzyTDgTiN9fSCvHDmDCHcF2J486L93hDKVs8ii,Telkomsel memang seru dan tiada tandingannya. 👍👍👍👍👍,5,0,8.7.0,2025-04-08 17:24:05,,,8.7.0
0ac03ea2-2542-40af-876a-be83db93975f,Iqbal Marley,https://play-lh.googleusercontent.com/a/ACg8ocI4rBf-hAr8GHDE0d120TTKX7BS9ByGYcq0lKz6NnQH4DyZpA=mo,LELET JARINGAN NGELEK LELET,1,0,,2025-04-08 17:14:16,"Hai Kak Iqbal, Mohon maaf untuk ketidaknyamanannya, silakan coba restart handphone kakak. Apabila masih terdapat kendala silakan hubungi kami di DM Instagram @telkomsel atau chat di tsel.id/chatva. Semoga membantu. :) -Edo",2025-04-09 06:14:03,
ac6bf3be-bb68-4e01-9b69-99203e446f67,Tamara zhata Yumni,https://play-lh.googleusercontent.com/a/ACg8ocLKLg_TXVcP7xtUklhuIEdXpT_rq2iPpc0JLO-VGjc9s5wdgg=mo,apk ny terhenti tdk bisa dbka snyal ny lmyn sihh tp apk ny tidak bisa di buka,1,0,8.6.2,2025-04-08 17:07:37,"Hai Kak Tamara, Mohon maaf untuk ketidaknyamanannya ya, silakan coba cara berikut ya Kak:
1. Clear cache aplikasi
2. Force close aplikasi
lalu coba login kembali, apabila masih mengalami kendala, silakan hubungi kami melalui DM Instagram @Telkomsel atau chat di tsel.id/chatva. Semoga membantu. :) -Edo",2025-04-09 06:17:03,8.6.2
59a2e165-8b1a-4c8a-9e7f-202894bd7f47,Zeni Afryanto,https://play-lh.googleusercontent.com/a/ACg8ocKgrT9RTGDDccJXusi_7Kv5qFt7E0if15cZVuyR2Syta0ekEQ=mo,"perbaiki jaringanya,,,skrg jaringan telkomsel ga seperti dulu lagi,,,kuota mahal jaringan buruk",2,0,,2025-04-08 17:00:27,"Hai Kak Zeni, silakan akses aplikasi MyTelkomsel untuk mendapatkan lebih banyak pilihan dan penawaran paket datanya ya, untuk kendala jaringan silakan coba restart handphone kakak. Apabila masih terdapat kendala silakan hubungi kami di DM Instagram @telkomsel atau chat di tsel.id/chatva. Semoga membantu. :) -Edo",2025-04-09 07:00:21,
bd9906e0-f8d8-4a59-a794-0b507bf3fdad,Andz mv,https://play-lh.googleusercontent.com/a-/ALV-UjXHFJo10ue4rbBc-Nc-qiZX_a5EaBWfqENJNKgwo0co8WrlgNkV,masi kecewa dengan telkomsel,1,0,8.6.2,2025-04-08 16:57:56,"Hai Kak Andz, Mohon maaf untuk ketidaknyamanannya, karena kami memerlukan informasi lebih lanjut untuk membantu kakak, silakan hubungi kami di DM Instagram @telkomsel atau chat di tsel.id/chatva. Semoga membantu. :) -Edo",2025-04-09 06:17:47,8.6.2
4d09206d-5781-4ea3-afd5-332f7c830f2d,Yorim Cevi,https://play-lh.googleusercontent.com/a/ACg8ocI2hxKv3uwA-cZuCFWiN7I5me_G0OnxtfLIY0BzxBHeQ3bVbg=mo,mantap,5,0,8.6.2,2025-04-08 16:45:43,,,8.6.2
c53a9fc2-c855-4849-a5a9-49ed5193e7e5,Ibnu Ntok,https://play-lh.googleusercontent.com/a/ACg8ocLZAmgqBXgDWXEURDU4yDQ-vdoqIp7FG9YD2oND4HhuD-8ywg=mo,lemot,1,0,8.6.2,2025-04-08 16:31:29,"Hai Kak Ibnu, Mohon maaf untuk ketidaknyamanannya ya, silakan coba cara berikut ya Kak:
1. Clear cache aplikasi
2. Force close aplikasi
lalu coba login kembali, apabila masih mengalami kendala, silakan hubungi kami melalui DM Instagram @Telkomsel atau chat di tsel.id/chatva. Semoga membantu. :) -Edo",2025-04-09 06:18:18,8.6.2
5a623496-a31e-4b60-bb44-488698b498c9,Muhammad Havis,https://play-lh.googleusercontent.com/a-/ALV-UjVxbAU5dMxSYTOPcBicViSmeerfp_YI12bXqrWq0-_33W-52fM,paket untuk kamu nya hilang baru sebulan beli aneh bet,1,0,8.6.2,2025-04-08 16:29:26,,,8.6.2
eed3e8d4-fed2-4ad2-a700-31e5e40d53ed,May Ajja,https://play-lh.googleusercontent.com/a/ACg8ocL696vWqkCY1q9ZQVcYmxiCTlEDqL8MttLqODdRwGx2Ww9Y8w=mo,mantap,5,0,,2025-04-08 16:29:15,,,
c1d922b0-22e3-4573-8758-39990e4d3d7f,Stiven lee,https://play-lh.googleusercontent.com/a/ACg8ocKlupU0lyX9LYMwpBEsiCFy8nrJp4o_GILZcq_a8I0tARaa6A=mo,sinyal buruk... update dan update padahal sdh d up date,1,0,8.6.2,2025-04-08 16:21:07,"Hai Kak Stiven. Mohon maaf untuk ketidaknyamanannya, silakan coba restart handphone Kakak. Apabila masih terdapat kendala silakan hubungi kami di DM Instagram @telkomsel atau chat di tsel.id/chatva. Semoga membantu. :) -Sekar",2025-04-09 05:23:35,8.6.2
138f957a-99da-4de6-b574-6a9f5729814e,Muhammad.alhikmah,https://play-lh.googleusercontent.com/a-/ALV-UjVjBKnuOHWdfTQebDOOi1lZqP4gIBO736HYKSIk7JBOze2b0V4,"aplikasi apaan ini, apk bikin susah bukan nya bikin mudah malah susah. mau cek Kouta ajah muter nya setengah abad. bikin emosi aplikasi butut ini najong ge gua mah,, idihhhh ada yg begini",1,0,,2025-04-08 16:18:32,"Hai Kak Alhikmah. Mohon maaf untuk ketidaknyamanannya ya, silakan coba cara berikut ya Kak:
1. Clear cache aplikasi
2. Force close aplikasi
lalu coba login kembali. Untuk keluhan cek kuota, silakan hubungi kami melalui DM Instagram @Telkomsel atau chat di tsel.id/chatva. Semoga membantu. 😊 -Sekar",2025-04-09 05:24:29,
2abea815-9ebf-4fe9-80bf-fae33c7274d6,Deddy Rachmawan,https://play-lh.googleusercontent.com/a/ACg8ocI-fUd8fp9I5JvIN5jsTUGQ-Vhx2beEBJHckv21ztKI5mTKyg=mo,gagal terus mau memperpanjang langganan disney,1,0,,2025-04-08 16:17:34,Hai Kak Deddy. Mohon maaf untuk ketidaknyamanannya. Untuk kendalanya Kakak bisa langsung menghubungi kami di DM Instagram @Telkomsel atau hubungi kami di tsel.id/chatva. Semoga membantu. 😊 -Sekar,2025-04-09 05:24:48,
2ae920e7-700c-404a-b457-70f41728e4eb,Daffa,https://play-lh.googleusercontent.com/a-/ALV-UjVr0Y1nj5_j8aaE4KZwDuY-WzOeM_FccQP18J__cREz5G3x_CKv,"banyak bug,kuota utama malah dimakan padahal beli unlimited(cuman dikasih 15gb),balikin lah kuota utama gw 20gb buat apa beli kuota unlimited sehari kalo yang dimakan kuota utama",1,0,8.7.0,2025-04-08 16:15:33,"Hai Kak Daffa. Mohon maaf untuk ketidaknyamanannya. Untuk kendala penggunaan kuota, Kakak bisa langsung menghubungi kami di DM Instagram @Telkomsel atau hubungi kami di tsel.id/chatva. Semoga membantu. 😊 -Sekar",2025-04-09 05:25:40,8.7.0
71a7aaf4-419e-4912-8ccb-1230e22c76f4,putu sutana,https://play-lh.googleusercontent.com/a/ACg8ocLSkHXxQmiR7FBO2A6oZa8dWwVGQmPeWBX-RBisLYkiTxLYDw=mo,Sangat bagus,5,0,8.6.2,2025-04-08 16:14:55,"Makasih ya untuk review dari Kak Putu. Semoga aplikasi MyTelkomsel memudahkan keseharian Kakak. Untuk pertanyaan atau keluhan pada produk dan layanan Telkomsel silakan hubungi Mimin melalui fitur bantuan di aplikasi MyTelkomsel, Twitter @Telkomsel atau kirim email ke cs@telkomsel.com untuk dibantu lebih lanjut. Have a nice day :) -Edo",2023-05-06 15:29:45,8.6.2
ff520196-3ba4-4ebb-87ca-2d77f47862b5,Attarazka Alfhatul,https://play-lh.googleusercontent.com/a/ACg8ocLk-nptrUV0VKXswlTL7fLAm3RAw_1yM_pnGR-H8Etoyqjjog=mo,Semoga jaya,5,0,8.6.2,2025-04-08 16:11:42,,,8.6.2
e69c8c4b-cd01-4d6c-bb14-0d573ac75156,Ade Christian,https://play-lh.googleusercontent.com/a/ACg8ocI1nUnxRDlPeZR4xUyHzbM_KhYRhnxnoExgveu0A8ICPAmTtg=mo,Woii Telkomsel...Ini gua ketik disini aja ya ...Nih signal udah 1 bulan ini gak karuan... Tolonglah Paket udah mahal signal jgn miskin...,1,0,8.4.2,2025-04-08 16:03:57,"Hai Kak Ade. Maaf bikin gak nyaman. Terkait tarif paket, silakan akses aplikasi MyTelkomsel untuk mendapatkan lebih banyak pilihan dan penawaran paket datanya ya Kak, untuk kendala sinyal, silakan coba restart handphone Kakak. Jika masih terdapat kendala silakan hubungi kami di DM Instagram @telkomsel atau chat di tsel.id/chatva. -Sekar",2025-04-09 05:28:56,8.4.2
cfd3ab92-cdc4-4043-aaf0-55690fc70387,Afai Afelay,https://play-lh.googleusercontent.com/a-/ALV-UjXO0LDUKbw3uanSEC5xnDvvN8_FPfMWT219AOGOv7MmhG5B80Q,udah mah jaringan skrng jelek.. pulsa habis mulu.. pdhal paket masih banyak tp pulsa berkurang terus.. d lihat d riwayat. habis krna layanan digital.. kalo nomer sya bukan utk bisnis.. ogah pake Telkomsel lagi..,1,0,8.7.0,2025-04-08 15:56:26,"Hai Kak Afai. Mohon maaf untuk ketidaknyamanannya, silakan coba restart handphone Kakak. Untuk keluhan pulsa berkurang, silakan hubungi kami di DM Instagram @telkomsel atau chat di tsel.id/chatva. Semoga membantu. :) -Sekar",2025-04-09 05:30:19,8.7.0
b0606135-6841-4554-9e21-298ead1b7893,Ari Nurdiansyah,https://play-lh.googleusercontent.com/a-/ALV-UjX7TOyr7xe8vuJP_OttuWthO0_B1klmtIFtJ9-cOUuyCQQZ6Ee_,menu tidak bisa di pencet,1,0,8.6.2,2025-04-08 15:46:15,Hai Kak Ari. Mohon maaf untuk ketidaknyamanannya. Untuk kendalanya Kakak bisa langsung menghubungi kami di DM Instagram @Telkomsel atau hubungi kami di tsel.id/chatva. Semoga membantu. 😊 -Sekar,2025-04-09 05:30:46,8.6.2
0926290e-d2de-4feb-aece-44042ee43b04,Andy Faisal,https://play-lh.googleusercontent.com/a-/ALV-UjWROFpRWI6dbs3Byd6y_g2RzC73hPAEKInCSjIpdkoGLJOULdY,"aplikasi buruk, Sering lag susah untuk transaksii, Kuota dan pulsa udah mahal, layanan pun dipersusah..",1,0,8.6.2,2025-04-08 15:45:25,"Hai Kak Andy. Mohon maaf untuk ketidaknyamanannya ya, silakan coba cara berikut ya Kak:
1. Clear cache aplikasi
2. Force close aplikasi
lalu coba login kembali, apabila masih mengalami kendala, silakan hubungi kami melalui DM Instagram @Telkomsel atau chat di tsel.id/chatva. Semoga membantu. 😊 -Sekar",2025-04-09 05:31:13,8.6.2
2d407172-84e6-4e89-8143-c8848b4d0431,Arifin 2023,https://play-lh.googleusercontent.com/a/ACg8ocJH-iTHzEXkaRr1OkASk9T0IcO5Uis_fei3vl8wY2zYTSziiw=mo,lemot parah sekaranggg parahh,1,0,8.6.2,2025-04-08 15:44:46,"Hai Kak Arifin. Mohon maaf untuk ketidaknyamanannya, silakan coba restart handphone Kakak. Apabila masih terdapat kendala silakan hubungi kami di DM Instagram @telkomsel atau chat di tsel.id/chatva. Semoga membantu. :) -Sekar",2025-04-09 05:31:34,8.6.2
fb4c7339-8eda-40ab-b262-e0377a032823,mhmd zaki,https://play-lh.googleusercontent.com/a-/ALV-UjUd-RRkHw1SfXpd_l_l9d7fbhOpZCxnuptbjg_cuiTCRcCouQ,aplikasi slow respon,1,0,8.7.0,2025-04-08 15:42:57,"Hai Kak Zaki. Mohon maaf untuk ketidaknyamanannya ya, silakan coba cara berikut ya Kak:
1. Clear cache aplikasi
2. Force close aplikasi
lalu coba login kembali, apabila masih mengalami kendala, silakan hubungi kami melalui DM Instagram @Telkomsel atau chat di tsel.id/chatva. Semoga membantu. 😊 -Sekar",2025-04-09 05:32:00,8.7.0
a2736665-db75-4b50-8d9e-fa1d17e9fb3d,Un paedah chenel,https://play-lh.googleusercontent.com/a-/ALV-UjUAR-dFbKwPJPyRaYNB6brVLy50XIYHQzIx5V4wVzY3yDbNWqE,harga paket data nya mahal maha sinyal nya jelek banget nyesel pake kartu ginian mending balik lagi ke M3 paket mahal sinyal dimana mana bagus,1,0,8.6.2,2025-04-08 15:42:02,"Hai Kak, silakan akses aplikasi MyTelkomsel untuk mendapatkan lebih banyak pilihan dan penawaran paket datanya ya, untuk kendala sinyal silakan coba restart handphone kakak. Apabila masih terdapat kendala silakan hubungi kami di DM Instagram @telkomsel atau chat di tsel.id/chatva. Semoga membantu. :) -Edo",2025-04-09 06:19:39,8.6.2
76b84e2f-ab35-45d3-a8d1-ae1cf3fd2f00,Yudi Harsono,https://play-lh.googleusercontent.com/a-/ALV-UjXZhQTocC8tpy8yeuR2J1zI1NyEualyIb8X6oN_vfXPwUzDhsqQ,semakin kurang mutu... lelet,1,0,8.6.2,2025-04-08 15:40:08,"Hai Kak Yudi, Mohon maaf untuk ketidaknyamanannya, silakan coba restart handphone kakak. Apabila masih terdapat kendala silakan hubungi kami di DM Instagram @telkomsel atau chat di tsel.id/chatva. Semoga membantu. :) -Edo",2025-04-09 06:21:04,8.6.2
ced71d98-3263-4ed5-932e-37477d67b428,Study Acount,https://play-lh.googleusercontent.com/a/ACg8ocK3xrxK77ZXw8A8nEVKEkFS7TdmNigMyYOy18raZ5rpsyl0RQ=mo,paket data ga konsisten. berubah mulu. jadi ga nyaman pake telkomsel.,1,0,,2025-04-08 15:31:26,,,
8b54b92f-8b90-4f61-a2ed-92ad27ae34a7,SKY SHIDO_345,https://play-lh.googleusercontent.com/a-/ALV-UjX4W1jUAPksQ0EwiOYuGdMbjERD0FhP1f82ZRNjPXZY-2RFWWnt,tolong di perbaiki lagi ya masak pas masuk ke my telkom sinyal jadi lag apa maksudnya ini,1,0,8.7.0,2025-04-08 15:24:49,,,8.7.0
2e8b369d-66b2-4a17-a0b3-727a092ad910,Angek bestie,https://play-lh.googleusercontent.com/a/ACg8ocKuJZJAiq0SJ2Ckwjkcm_O7cJQ3j_cXuKMsQqBBGOlOMewSww=mo,Telkomsel. sekarang suka lemot. bingung sya kualitasnya dh 40%,1,0,,2025-04-08 15:19:47,"Hai Kak Angek, Mohon maaf untuk ketidaknyamanannya, silakan coba restart handphone kakak. Apabila masih terdapat kendala silakan hubungi kami di DM Instagram @telkomsel atau chat di tsel.id/chatva. Semoga membantu. :) -Edo",2025-04-09 06:21:41,
df10a72a-0ae3-456c-9f6f-7210b3733a8d,Virgil Gilmore,https://play-lh.googleusercontent.com/a/ACg8ocIU_blkEbAm3lpFUAOr93KR3YWwrPYmiv6_U_E5zAKcsKsIsw=mo,aplikasi ini bukan mempercepat dan memudahkan transaksi tapi untuk melatih kesabaran untuk pengguna telkomsel.,1,0,,2025-04-08 15:17:37,"Hai Kak Virgil, Mohon maaf untuk ketidaknyamanannya ya, silakan coba cara berikut ya Kak:
1. Clear cache aplikasi
2. Force close aplikasi
lalu coba login kembali, apabila masih mengalami kendala, silakan hubungi kami melalui DM Instagram @Telkomsel atau chat di tsel.id/chatva. Semoga membantu. :) -Edo",2025-04-09 06:22:15,
81559a1d-7f74-44fc-94c9-b7dec49da843,Elgi Efriyan,https://play-lh.googleusercontent.com/a/ACg8ocIElbUAj4GjrNaB6jdzLDYQ8zbU3DSfPh0XCqyskK3D2phMvA=mo,My Telkomsel memudahkan kita untuk membeli kuota internet dan dll..,5,1,8.6.2,2025-04-08 15:13:59,,,8.6.2
472d57d0-01fc-467a-883e-3a291de705cb,Akbar Bayu Chanel,https://play-lh.googleusercontent.com/a-/ALV-UjV120rY_SNs264EHLluOfZRXZfCmsyvLui89XoQwfgB4OS8yq1s,nyoro Ra kenek di gawe ws prei Telkomsel,1,0,8.6.2,2025-04-08 15:10:03,,,8.6.2
5be2f821-c3a0-424e-b0c9-01cadde85fdc,Anton Hermawan,https://play-lh.googleusercontent.com/a-/ALV-UjWnGRjmyUPa4Zjg5Qhsq9qefoz8uhjhhhC4CTIs-Cpfh9JnOsgA,Membantu,5,1,8.6.2,2025-04-08 15:06:03,,,8.6.2
7fa026f7-f750-4de4-ba97-3dd11b22a4cf,Rekso Giri,https://play-lh.googleusercontent.com/a-/ALV-UjUhYEx1IFLpq8OIfHmWR_WDpkHpR8DILLxavviVED3NNI9oIOCw,lemot banget buka nih aplikasi,2,0,8.7.0,2025-04-08 14:59:40,"Hai Kak Rekso, Mohon maaf untuk ketidaknyamanannya ya, silakan coba cara berikut ya Kak:
1. Clear cache aplikasi
2. Force close aplikasi
lalu coba login kembali, apabila masih mengalami kendala, silakan hubungi kami melalui DM Instagram @Telkomsel atau chat di tsel.id/chatva. Semoga membantu. :) -Edo",2025-04-09 07:02:02,8.7.0
b235c87b-b71b-41b8-a429-a96a8aa18beb,djambrong saketi mbah bedjo (djambrong),https://play-lh.googleusercontent.com/a-/ALV-UjW4BVQC62YzaBghk1CjsnuDirNYFUqstqP_Kv5phYZU1LMNMSwG,Sering nge lag,2,0,8.7.0,2025-04-08 14:59:30,"Hai Kak Djambrong, Mohon maaf untuk ketidaknyamanannya ya, silakan coba cara berikut ya Kak:
1. Clear cache aplikasi
2. Force close aplikasi
lalu coba login kembali, apabila masih mengalami kendala, silakan hubungi kami melalui DM Instagram @Telkomsel atau chat di tsel.id/chatva. Semoga membantu. :) -Edo",2025-04-09 07:02:51,8.7.0
46a9bdd3-238d-44bb-9d56-873f6727be98,Scars Dakucan,https://play-lh.googleusercontent.com/a-/ALV-UjXPJasA40LhJdI7ArW73f_nFTyTn6gZemKnopUPbny67o9ohIQ,Lemot!!!!!! dan sering menutup sendiri saat dibutuhkan,1,0,8.6.2,2025-04-08 14:59:26,"Hai Kak Scars, Mohon maaf untuk ketidaknyamanannya ya, silakan coba cara berikut ya Kak:
1. Clear cache aplikasi
2. Force close aplikasi
lalu coba login kembali, apabila masih mengalami kendala, silakan hubungi kami melalui DM Instagram @Telkomsel atau chat di tsel.id/chatva. Semoga membantu. :) -Edo",2025-04-09 06:23:38,8.6.2
3d6f01ff-a951-4a87-8c9d-2fd944e585ab,this Hello_hello_beng,https://play-lh.googleusercontent.com/a/ACg8ocLSyLRBgZ3jQCcbjzMqJeMDs9d02B2e_uLmQcXkINivQdTM1w=mo,mahal jelek pula jaringannya. sumpah mending pakai wifi.,1,0,8.6.2,2025-04-08 14:56:12,"Hai Kak, silakan akses aplikasi MyTelkomsel untuk mendapatkan lebih banyak pilihan dan penawaran paket datanya ya, untuk kendala jaringan silakan coba restart handphone kakak. Apabila masih terdapat kendala silakan hubungi kami di DM Instagram @telkomsel atau chat di tsel.id/chatva. Semoga membantu. :) -Edo",2025-04-09 06:33:03,8.6.2
64c15eb3-6241-43d1-80a6-fb68bcf7e501,Ronggo Warsito,https://play-lh.googleusercontent.com/a-/ALV-UjXja7gx37_J8nAS3d-Ai_aTvDdTDmkPnOvuOmyuxT4qYmwo0pTe,Aplikasi Ancurrrr...,1,0,8.7.0,2025-04-08 14:55:59,"Hai Kak Ronggo, Mohon maaf untuk ketidaknyamanannya ya, silakan coba cara berikut ya Kak:
1. Clear cache aplikasi
2. Force close aplikasi
lalu coba login kembali, apabila masih mengalami kendala, silakan hubungi kami melalui DM Instagram @Telkomsel atau chat di tsel.id/chatva. Semoga membantu. :) -Edo",2025-04-09 06:33:45,8.7.0
f9322260-98a2-449b-a804-65975550ff2e,Firman Deff,https://play-lh.googleusercontent.com/a-/ALV-UjWgN4nniUe41kZNYOaji0eyYtNeA6TW1EPEOYWZKXOcZGQ3djDG,"Signal telkomsel makin lelet signal tambah lelet,lemot parah makin parah",1,0,,2025-04-08 14:54:26,"Hai Kak Firman, Mohon maaf untuk ketidaknyamanannya, silakan coba restart handphone kakak. Apabila masih terdapat kendala silakan hubungi kami di DM Instagram @telkomsel atau chat di tsel.id/chatva. Semoga membantu. :) -Edo",2024-10-22 12:34:41,
1f51e4a4-91ad-481d-9e37-2473d2001a51,Edy Romadhon,https://play-lh.googleusercontent.com/a-/ALV-UjX7Jj--hxvB2fPrHSLk9YdoIeHHp8rzzxGX0QPotYdqQTCnexQ,Udah mahal sinyal kayak taik,3,0,,2025-04-08 14:53:01,"Hai Kak Edy. Maaf bikin gak nyaman. Mengenai tarif paket, silakan akses aplikasi MyTelkomsel untuk mendapatkan lebih banyak pilihan dan penawaran paket datanya ya Kak, untuk kendala sinyal lemah silakan coba restart handphone Kakak. Jika masih terdapat kendala silakan hubungi kami di DM Instagram @telkomsel atau chat di tsel.id/chatva. -Sekar",2024-10-17 04:30:58,
5474e1f1-eb83-426d-9729-291595882061,-Mobu-,https://play-lh.googleusercontent.com/a-/ALV-UjWKrRIXLmtuLAlLxA4wv65KEHAdR6wL2NnZKKwP-a_c-YGHTH32,"BUKAN MASALAH KUOTA, JARINGAN NGELAGG OYY",1,0,,2025-04-08 14:47:55,"Maaf ya, Kak Lahh. Untuk keluhan penggunaan kuota, yuk hubungi mimin agar bisa dibantu lebih lanjut melalui akun Instagram @Telkomsel atau email cs@telkomsel.com. Mimin tunggu ya, have a nice day Kak :) -Sekar",2024-01-31 22:32:56,
ab44e828-0b9b-4f27-9122-843f9c9da5dc,Irwan,https://play-lh.googleusercontent.com/a/ACg8ocIObSpI1bIKNQZnhrtj9EDU1BJ_6wVYeW3clwSTMtMUvcj9WA=mo,"Dulu lancar jaya, sekarang berat bgt ini aplikasi. 👎👎",1,0,,2025-04-08 14:47:05,"Hai Kak Irwan, Mohon maaf untuk ketidaknyamanannya ya, silakan coba cara berikut ya Kak:
1. Clear cache aplikasi
2. Force close aplikasi
lalu coba login kembali, apabila masih mengalami kendala, silakan hubungi kami melalui DM Instagram @Telkomsel atau chat di tsel.id/chatva. Semoga membantu. :) -Edo",2025-04-09 06:34:17,
e138ef83-0fce-4360-9b0d-c1d686030350,Dwi Kurnia,https://play-lh.googleusercontent.com/a/ACg8ocIgV1LAOvQ7Vf7xd-hgMHoyG03TsKXq1CF2D2h5EpzxFxv6Yw=mo,"ga jelas keluar dr akun tp di donload ga bisa2 login,kocak",1,0,8.6.2,2025-04-08 14:46:23,"Hai Kak Dwi, Mohon maaf untuk ketidaknyamanannya ya, silakan coba cara berikut ya Kak:
1. Clear cache aplikasi
2. Force close aplikasi
lalu coba login kembali, apabila masih mengalami kendala, silakan hubungi kami melalui DM Instagram @Telkomsel atau chat di tsel.id/chatva. Semoga membantu. :) -Edo",2025-04-09 06:34:57,8.6.2
95933121-7711-48f9-99b8-fdf5a609ec18,Ninik Kurniati,https://play-lh.googleusercontent.com/a/ACg8ocK_xg5Owz-qx6oudEwrKPhgkRJ0wwf2RhdX3fUAyla8DNmPLA=mo,terlalu lemot loding mSuk nya,1,0,8.6.2,2025-04-08 14:45:44,"Hai Kak Ninik, Mohon maaf untuk ketidaknyamanannya ya, silakan coba cara berikut ya Kak:
1. Clear cache aplikasi
2. Force close aplikasi
lalu coba login kembali, apabila masih mengalami kendala, silakan hubungi kami melalui DM Instagram @Telkomsel atau chat di tsel.id/chatva. Semoga membantu. :) -Edo",2025-04-09 06:35:23,8.6.2
a58deed7-0895-463f-9512-4ca2148077ed,Restu Chandra,https://play-lh.googleusercontent.com/a-/ALV-UjVGbY_VIA007tsL8K8lquByFfJBW323oZzpjb6oof3hKQwIOkw,aplikasi sangat berat dan lemot,1,0,7.0.1,2025-04-08 14:45:24,"Hai Kak Restu, Mohon maaf untuk ketidaknyamanannya ya, silakan coba cara berikut ya Kak:
1. Clear cache aplikasi
2. Force close aplikasi
lalu coba login kembali, apabila masih mengalami kendala, silakan hubungi kami melalui DM Instagram @Telkomsel atau chat di tsel.id/chatva. Semoga membantu. :) -Edo",2025-04-09 06:39:08,7.0.1
22219d75-9534-41cc-8a2e-1e786948a722,Fajrul A.J,https://play-lh.googleusercontent.com/a/ACg8ocLAnc9W1XPzU_n1bCaVL24Xltyh4EDkfv6Njd6ux9gKMiDCKQ=mo,"di upgrade aplikasinya malah jadi downgrade. ngelag, akun kereset. berat banget. aplikasi kartu doang berat bet, kirain hp gua yg kentang. ternyata di hp laen juga berat aplikasinya. pada ngapain dah yg bikin aplikasinya di Telkomsel. kerjaaaaa yang bener woooi. KOCAK REPLY JUGA GA NIAT. REPLYAN BOT. pelanggan lu banyak. pelayanannya minus",1,4,8.7.0,2025-04-08 14:45:08,"Hai Kak Fajrul, Mohon maaf untuk ketidaknyamanannya ya, silakan coba cara berikut ya Kak:
1. Clear cache aplikasi
2. Force close aplikasi
lalu coba login kembali, apabila masih mengalami kendala, silakan hubungi kami melalui DM Instagram @Telkomsel atau chat di tsel.id/chatva. Semoga membantu. :) -Edo",2025-04-09 06:39:45,8.7.0
ecca9160-0c1e-41ef-accd-e5f19e250099,Gibran Rizky Zuh.Al-falah,https://play-lh.googleusercontent.com/a-/ALV-UjXpRQgMc_f90unPtk8p9AHxiEJ3SJgQgML8KLxYLDs_FpEZeEA,"tolong kerjasamanya...! masa iya lantaran pket dta murah,koneksi 5g tapi apa..gimick alias zonk... aplikasi ini juga sring ng bug,lag gajelas..sisa 6giga aja udah nge lag prah... owala",2,0,8.7.0,2025-04-08 14:43:19,"Hai, Kak Rizky. Maaf ya. Perihal tarif layanan Telkomsel dan keluhan sinyal lemah, agar dapat mimin bantu solusi yang tepat. Yuk hubungi mimin melalui Instagram @Telkomsel, Twitter @Telkomsel atau email cs@telkomsel.com. Mimin tunggu, makasih :) -Sekar",2023-06-27 06:47:56,8.7.0
99391ba4-a5b9-4dac-87eb-b0828048a869,Kas tono,https://play-lh.googleusercontent.com/a-/ALV-UjWDVD-obU_B-KcnTX6vkDISd9Wsc21tuAJmZ9wYk66O3MNSgnY,sangat susah buka mytelkomsel...,3,0,8.7.0,2025-04-08 14:41:50,"Hai Kak Kastono, Mohon maaf untuk ketidaknyamanannya ya, silakan coba cara berikut ya Kak:
1. Clear cache aplikasi
2. Force close aplikasi
lalu coba login kembali, apabila masih mengalami kendala, silakan hubungi kami melalui DM Instagram @Telkomsel atau chat di tsel.id/chatva. Semoga membantu. :) -Edo",2025-04-09 07:19:34,8.7.0
bf158183-fbf3-4b67-adb2-56d5975a9e4b,Harry Eispi,https://play-lh.googleusercontent.com/a-/ALV-UjUGrsuTCIOHgRXjaQisIbxIZY7zIIQyLm5vBc8j-LVIMZysBBI,aplikasi sampah...!!! jaringan lancar tapi buat buka app ini gak bisa..,1,0,8.6.2,2025-04-08 14:41:24,"Hai Kak Harry, Mohon maaf untuk ketidaknyamanannya ya, silakan coba cara berikut ya Kak:
1. Clear cache aplikasi
2. Force close aplikasi
lalu coba login kembali, apabila masih mengalami kendala, silakan hubungi kami melalui DM Instagram @Telkomsel atau chat di tsel.id/chatva. Semoga membantu. :) -Edo",2025-04-09 06:40:57,8.6.2
66fc9b59-c1a0-4a01-baca-6f6b028dbf09,Gigi niam,https://play-lh.googleusercontent.com/a-/ALV-UjVbkpImP4gJvj_0dUIH0UxZPD6PKFkgvLOgShBdyY71r6Q3YXk,apk payah mau cek sisa kuota aja gak bisa,1,0,8.6.2,2025-04-08 14:40:19,"Hai Kak Gigi, Mohon maaf untuk ketidaknyamanannya ya, silakan coba cara berikut ya Kak:
1. Clear cache aplikasi
2. Force close aplikasi
lalu coba login kembali, apabila masih mengalami kendala, silakan hubungi kami melalui DM Instagram @Telkomsel atau chat di tsel.id/chatva. Semoga membantu. :) -Edo",2025-04-09 06:41:28,8.6.2
bdcc5bf7-d5cd-4abf-8b20-de9b72e99a89,Heriyansyah,https://play-lh.googleusercontent.com/a-/ALV-UjWgF8vHSnSxla1zvB3J4otS5Qm5dQ2_5i3fVaB2C2mFPoZ_w0OB,"sekarang makin ribet aja bayar nya.. menu pembayaran dengan kartu atm harus disi terus datanya... padahal sudah centang data tersimpan... jadi setiap mau bayar Telkomsel halo isi data terus aplikasi pihak ketiga finpay bermasalah tidak bisa auto martis data tersimpan. ujung2nya harus pake Tokopedia bayar nya lebih praktis kartu pembayaran tersimpan. dan my Telkomsel tidak punya pembayaran lewat QRIS, seperti myXL... ini BUMN tambah parah aja",2,0,8.6.2,2025-04-08 14:36:13,,,8.6.2
d9fa16e4-56e7-4c17-beb5-71674682f3cb,Muhammad ALkhan,https://play-lh.googleusercontent.com/a-/ALV-UjVTdwJbqupt-xe1pr0-XTleU-gtVI5qkgcmUxKPbbbGbm9rGB0,"kecewa, download my Telkomsel, lalu aktif, besok di nonaktifkan, lalu uninstall, lalu download kembali, lalu aktif, besok di nonaktifkan, lalu uninstall, lalu download kembali, dan seterusnya. jadi saya sangat kecewa. apakah pelayanan Telkomsel buruk atau pelayanan hp redmi a3 saya buruk. sedangkan my Telkomsel di hp Samsung tidak ada masalah. bagaimana solusinya.",1,0,,2025-04-08 14:35:25,,,
fc1759bd-09cf-4903-8216-4bae97b83a31,Komeng yakan,https://play-lh.googleusercontent.com/a/ACg8ocIWsqeHV_D2OkBOLLQF7XPFeJPjyqo-u9JzG7phT1b2tXwm4w=mo,maaf saya kurangin bintangnya soalnya sekarang2 ini telkomsel sinyalnya buruk bgt nga kaya dulu sori harus saya kurangin bintang smpe ada perbaikan,1,0,8.6.2,2025-04-08 14:33:58,"Hai Kak Komeng, Mohon maaf untuk ketidaknyamanannya, silakan coba restart handphone kakak. Apabila masih terdapat kendala silakan hubungi kami di DM Instagram @telkomsel atau chat di tsel.id/chatva. Semoga membantu. :) -Edo",2025-04-09 06:43:00,8.6.2
1ecf044d-6088-4a30-b079-a86e8908ed9d,Muh. Dilva Barqi Syam,https://play-lh.googleusercontent.com/a-/ALV-UjWUOrPz3HbfriKNz6IOZ8xrQ4lgkbfwSP94JPcaI-kUR4Dku5rE,telkomsel sekarang kagak jelas mau beli paket aja sistem gangguan terus,1,0,6.12.2,2025-04-08 14:33:12,"Hai Kak Dilva, Mohon maaf untuk ketidaknyamanannya ya, silakan coba cara berikut ya Kak:
1. Clear cache aplikasi
2. Force close aplikasi
lalu coba login kembali, apabila masih mengalami kendala, silakan hubungi kami melalui DM Instagram @Telkomsel atau chat di tsel.id/chatva. Semoga membantu. :) -Edo",2025-04-08 14:54:37,6.12.2
50285888-1e60-4959-b766-0ea4dc201b14,nur alpiah,https://play-lh.googleusercontent.com/a/ACg8ocJAi04XOeQSYemqyDIXkU9cY6c4QEK71hR-6nCjdrvBplZv1w=mo,kok gk bisa di download,1,0,,2025-04-08 14:31:31,,,
c2e9e33b-102f-4a2f-8c6f-f469db8714c2,Uchiha Limbad,https://play-lh.googleusercontent.com/a-/ALV-UjU4Z2CqxI5PeBX0KvevByUDvZcjZDRSHy9VJrN7qsU6P7e_i0KW,"ni aplikasi gak niat banget , fitur banyak tapi ga guna mana berat banget, game AAA aja kalah beratnya ui juga ga niat bikin , ikon"" ga niat makin hari makin berat",1,0,8.6.2,2025-04-08 14:30:52,"Hai Kak Uchiha, Mohon maaf untuk ketidaknyamanannya ya, silakan coba cara berikut ya Kak:
1. Clear cache aplikasi
2. Force close aplikasi
lalu coba login kembali, apabila masih mengalami kendala, silakan hubungi kami melalui DM Instagram @Telkomsel atau chat di tsel.id/chatva. Semoga membantu. :) -Edo",2025-04-08 14:55:58,8.6.2
d1e79cb1-cf46-4272-8126-e824c0c5bd5b,Helena Putri,https://play-lh.googleusercontent.com/a/ACg8ocKZILA_RoxaHyUTbvgPe5FZBNF2Ur5sl8C5mSEDZxHKGbu9tQ=mo,"Beli pulsa sampe dua kali tapi gamasuk masuk. Nomor udah bener,gaada beli paket darurat tapi kenapa masih tetep gamasuk ya?",1,0,8.6.2,2025-04-08 14:21:36,"Hai Kak Helena, Mohon maaf untuk ketidaknyamanannya, karena kami memerlukan informasi lebih lanjut untuk membantu kakak, silakan hubungi kami di DM Instagram @telkomsel atau chat di tsel.id/chatva. Semoga membantu. :) -Edo",2025-04-09 06:44:00,8.6.2
0b7559fe-71bb-4f97-9284-061dec7289ff,Nunu Nurochid,https://play-lh.googleusercontent.com/a/ACg8ocIkBneqE4ssbyf_g1FcocJDcUzZ3ewEyd9WvKMyyd7ekjD0xA=mo,bug lemot padahal jaringan bagus,1,0,,2025-04-08 14:15:59,"Hai Kak Nunu, Mohon maaf untuk ketidaknyamanannya ya, silakan coba cara berikut ya Kak:
1. Clear cache aplikasi
2. Force close aplikasi
lalu coba login kembali, apabila masih mengalami kendala, silakan hubungi kami melalui DM Instagram @Telkomsel atau chat di tsel.id/chatva. Semoga membantu. :) -Edo",2025-04-08 14:58:43,
5d9ebe99-aa52-42c5-aaa6-94b2006a6bc7,Febriyansyah Elrumi,https://play-lh.googleusercontent.com/a/ACg8ocLSTTvK-BNxk2sadpORNo2t7dKB4xCBGncICNDM5rS1iG6GrA=mo,ngeleg ngeleg gini hadeuhmau cek kuota juga susah,1,0,,2025-04-08 14:13:53,"Hai Kak Febriyansyah, Mohon maaf untuk ketidaknyamanannya ya, silakan coba cara berikut ya Kak:
1. Clear cache aplikasi
2. Force close aplikasi
lalu coba login kembali, apabila masih mengalami kendala, silakan hubungi kami melalui DM Instagram @Telkomsel atau chat di tsel.id/chatva. Semoga membantu. :) -Edo",2025-04-08 15:02:38,
d267b29b-1318-490b-b1b3-554391101dcd,Lingga Roman,https://play-lh.googleusercontent.com/a-/ALV-UjW0QvJClFpBDVplcMq50W9lwqrDESkRbNV1zLMHmt2QRTtQ25Lq,semoga dapet mobil,5,0,,2025-04-08 14:08:50,"Hai Kak Lingga, terima kasih tetap setia menggunakan layanan Telkomsel. Apresiasi dari Kakak sangat berarti bagi kami dalam meningkatkan layanan dan performa MyTelkomsel. Have a great day :) -Edo",2025-04-08 14:43:48,
fe09c3ea-1240-4fbd-93b3-68aae6fd4c63,WHYDI SP,https://play-lh.googleusercontent.com/a/ACg8ocJWSyfT2UXLtimO5nKXu9BrWz4JJS34NfDcO5pfmIwDSuLnLg=mo,"sangat tidak memuaskan,baru buka apk selama 2 menit sudah menghabiskan kuota 1 gb pdhal cuma liat"" promo doang NAJIS",1,0,8.6.2,2025-04-08 14:07:15,"Hai Kak, Mohon maaf untuk ketidaknyamanannya ya, silakan coba cara berikut ya Kak:
1. Clear cache aplikasi
2. Force close aplikasi
lalu coba login kembali, apabila masih mengalami kendala, silakan hubungi kami melalui DM Instagram @Telkomsel atau chat di tsel.id/chatva. Semoga membantu. :) -Edo",2025-04-08 15:03:46,8.6.2
a5b7aaae-7274-4448-b634-572e0a8e896c,Wahyudy Muchtar,https://play-lh.googleusercontent.com/a-/ALV-UjWhIDy6GUTDXqbC2ONbhXyn4W5FZgEQebE7Q1Crop7fCNl408Q,"untuk masuk ke aplikasi sangat berat,,, padahal sudah pake wifi...",1,0,8.6.2,2025-04-08 13:56:12,"Hai Kak Wahyudy, Mohon maaf untuk ketidaknyamanannya ya, silakan coba cara berikut ya Kak:
1. Clear cache aplikasi
2. Force close aplikasi
lalu coba login kembali, apabila masih mengalami kendala, silakan hubungi kami melalui DM Instagram @Telkomsel atau chat di tsel.id/chatva. Semoga membantu. :) -Edo",2025-04-08 15:05:59,8.6.2
4002247d-c9a3-4e12-bc53-2a92b2f0e6a5,Tatang Setiawan,https://play-lh.googleusercontent.com/a/ACg8ocImFU9fvlfhB_smOEAUVjbODlPquQ4fHIznGRa0Aal_Ae7Ttw=mo,aplikasinya payah di bukanya.,3,0,,2025-04-08 13:56:11,"Hai Kak Tatang, Mohon maaf untuk ketidaknyamanannya ya, silakan coba cara berikut ya Kak:
1. Clear cache aplikasi
2. Force close aplikasi
lalu coba login kembali, apabila masih mengalami kendala, silakan hubungi kami melalui DM Instagram @Telkomsel atau chat di tsel.id/chatva. Semoga membantu. :) -Edo",2025-04-09 07:23:29,
0e6b6881-8d5f-4ad1-92e6-acf7b992054c,Gibran Putra maulana,https://play-lh.googleusercontent.com/a/ACg8ocJw82lxj74cfCJNdoi3beGKbK87U4ra5NaXI-8_34heeKET4A=mo,bug parrahhh 👎🏻👎🏻,5,0,8.6.2,2025-04-08 13:52:11,,,8.6.2
b5f5061f-9c8b-405d-8f36-63c3ed338f50,MuStAnG 27,https://play-lh.googleusercontent.com/a-/ALV-UjXv9Xu1el304V6sVN2pkK6VG_06JJXcz3eF1SVLZt8n_TTgTsqW,aplikasi gak jelas. saking lemotnya beli paket tetep pake dial *363# manual. karena lemot bangetttt,1,0,8.6.2,2025-04-08 13:51:13,"Hai Kak, Mohon maaf untuk ketidaknyamanannya ya, silakan coba cara berikut ya Kak:
1. Clear cache aplikasi
2. Force close aplikasi
lalu coba login kembali, apabila masih mengalami kendala, silakan hubungi kami melalui DM Instagram @Telkomsel atau chat di tsel.id/chatva. Semoga membantu. :) -Edo",2025-04-08 15:06:47,8.6.2
043c1960-4d20-40e7-8c2a-ba4059639fc6,fadri firmansyah,https://play-lh.googleusercontent.com/a-/ALV-UjUMsMMyK3CXWVHlJoGdx6ftabGAQjmVRKwTRJnzmiDgrfkhPi5aFA,Meski sinyal bagus tetep aja kwalitas buat main game jelek suka nge lag sinyal ilang sendiri... saya mohon maaf kalo kasih bintang 1 karna saya udah kecewa sama Telkomsel yang sekarang dah mana paketan nya mahal jangan pernah make Telkomsel kartu ini hanya untuk orang bisnis buat main game online buruk sekali,1,0,8.4.2,2025-04-08 13:51:04,"Hai, Kak Fadri. Maaf ya bikin Kakak ga nyaman. Untuk keluhan akses internet, agar Mimin bisa bantu Kakak lebih optimal, tolong hubungi Mimin melalui fitur bantuan di aplikasi MyTelkomsel, DM Twitter @telkomsel, atau email ke cs@telkomsel.co.id. Mimin tunggu ya Kak, makasii :) -Arno",2021-01-08 10:57:47,8.4.2
9797bfc6-7476-4bfe-b47a-bfc75f9f099f,Topeng,https://play-lh.googleusercontent.com/a/ACg8ocLDxJRqhofcY1B5bRVaPr81pM80LBX_eoDWef09Fgaqc0MY6Q=mo,"sudah 2 hari signal/jaringan leg,,,,untung ada 1m3 jaringan kuat",1,0,8.6.2,2025-04-08 13:40:53,"Hai Kak, Mohon maaf untuk ketidaknyamanannya, silakan coba restart handphone kakak. Apabila masih terdapat kendala silakan hubungi kami di DM Instagram @telkomsel atau chat di tsel.id/chatva. Semoga membantu. :) -Edo",2025-04-08 13:57:48,8.6.2
b998001c-c485-412c-9fa5-d09eb7cb5018,DAFFA Syahbana,https://play-lh.googleusercontent.com/a/ACg8ocIRqQeh4qTQZU72OR6DoMDHQw_CpgTd0dEv60D_UQgNSN93lw=mo,"tolong perbaiki sinyal nya saja,itu saja terimakasih",3,0,8.6.2,2025-04-08 13:40:24,"Hai Kak Daffa, Mohon maaf untuk ketidaknyamanannya, silakan coba restart handphone kakak. Apabila masih terdapat kendala silakan hubungi kami di DM Instagram @telkomsel atau chat di tsel.id/chatva. Semoga membantu. :) -Edo",2025-04-09 07:22:46,8.6.2
fe77d043-dc0f-4c1b-a00f-d697f2ad9f2c,J E,https://play-lh.googleusercontent.com/a-/ALV-UjWw8ufb88EoV-1YeTj_WDY_WFtjuLo7h2A9M-Q7hPD123pcvVz3,"Dengan kualitas penyedotan uang konsumen yg Jos tapi kualitas sinyal yg tidak layak. Ini sama dengan penipuan, kartu HALO harusnya di nolkan Rupiah dgn kualitas separah ini di pedalaman.",1,0,8.6.2,2025-04-08 13:36:13,,,8.6.2
1a3e73c8-d528-4d52-9095-523407995f31,Rio Zenero,https://play-lh.googleusercontent.com/a-/ALV-UjXilsU_yl_ioUx9ndeZJT_Y68AQldkpX_4Q_-THeXq50bZnBFmV,gimna si lelet bagat,3,0,8.6.2,2025-04-08 13:34:51,,,8.6.2
faac7b86-7b0e-4d00-ae14-a0a2d432aac1,Brian,https://play-lh.googleusercontent.com/a/ACg8ocIgaQvSkl8Shi7ckmubp-aiYzONQTHB5Y_ILqxSpt-QZ9sD_w=mo,"Aplikasi gila update, sinyal jelek, harga mahal",1,0,,2025-04-08 13:31:50,"Hai Kak Brian, Mohon maaf untuk ketidaknyamanannya ya, silakan coba cara berikut ya Kak:
1. Clear cache aplikasi
2. Force close aplikasi
lalu coba login kembali, untuk kendala sinyal silakan coba restart handphone kakak. Apabila masih berkendala silakan hubungi kami di DM Instagram @telkomsel atau chat di tsel.id/chatva. Semoga membantu. :) -Edo",2025-04-08 13:59:34,
249a64be-4297-4863-b8f5-3fc2bb35136c,Leviathan,https://play-lh.googleusercontent.com/a/ACg8ocKvH_nFBw3PrjubT5PKtqf4C7fGWzD9lTFDl1D6ShAuvdiqng=mo,"cek kuota aja lama bgt, aplikasi busuk",1,0,8.7.0,2025-04-08 13:29:29,"Hai Kak Leviathan, Mohon maaf untuk ketidaknyamanannya ya, silakan coba cara berikut ya Kak:
1. Clear cache aplikasi
2. Force close aplikasi
lalu coba login kembali, apabila masih mengalami kendala, silakan hubungi kami melalui DM Instagram @Telkomsel atau chat di tsel.id/chatva. Semoga membantu. :) -Edo",2025-04-08 14:01:41,8.7.0
9cdba108-92c8-432f-9102-673b7a65bedc,Azhar Farel,https://play-lh.googleusercontent.com/a-/ALV-UjVZM-v8PcRIHzXA0ZNa-4SJsgTF4JEgE3nNtXCumO5C1hFE5XE,"jangan beli jaringannya jelek, udah beli mahal-mahal mending xl",1,0,8.2.0,2025-04-08 13:27:56,"Hai Kak Azhar, silakan akses aplikasi MyTelkomsel untuk mendapatkan lebih banyak pilihan dan penawaran paket datanya ya, untuk kendala jaringan silakan coba restart handphone kakak. Apabila masih terdapat kendala silakan hubungi kami di DM Instagram @telkomsel atau chat di tsel.id/chatva. Semoga membantu. :) -Edo",2025-04-08 14:02:35,8.2.0
3fbc0e22-9863-4f30-be9c-9fa68cfe8605,Rosa Lina,https://play-lh.googleusercontent.com/a/ACg8ocIEfHxIPiDvIF3ppcfkkdzOPqqku4VDdK6Rquh_0KVJ_DwQSg=mo,belum ku coba,5,0,8.6.2,2025-04-08 13:27:51,,,8.6.2
bbea6b8d-22e7-4f10-a28f-e005032792ef,Erdi Darmadi,https://play-lh.googleusercontent.com/a-/ALV-UjU55I8xMlmaxN9RquUugcldnqXyD7uABMlGJ4qmsz2rLS92OR6y,"sampah banget aplikasinya om, provider lain bagus bagus semua aplikasinya ini doang kek gini,",1,0,8.6.2,2025-04-08 13:27:49,"Hai Kak Erdi, Mohon maaf untuk ketidaknyamanannya ya, silakan coba cara berikut ya Kak:
1. Clear cache aplikasi
2. Force close aplikasi
lalu coba login kembali, apabila masih mengalami kendala, silakan hubungi kami melalui DM Instagram @Telkomsel atau chat di tsel.id/chatva. Semoga membantu. :) -Edo",2025-04-08 14:03:16,8.6.2
adaae24a-21e0-4cc5-99ea-69927a5a3403,Bilal Ramadhani,https://play-lh.googleusercontent.com/a-/ALV-UjUBTbEXJpPmEKIU6XVeVJU2z0LHNF2DcOgdNFsoilRbqUcD_w,ngeleg ngeleg apk nya,4,0,8.6.2,2025-04-08 13:26:37,,,8.6.2
ef3774fa-7de3-4420-8428-1e23f6314854,andre imam,https://play-lh.googleusercontent.com/a-/ALV-UjVGaX-_-mX5A39Sy85VhtU-MZstelIdpk--AnRvMgzzQ29yGEXF,"TOLONG PERBAIKI JARINGANNNNYA. NGELAG BGT. BUAT BUKA YUTUB BUKA FB. MAEN GAME PATAH"" KUOTA AJH MALAH JARINGAN GA PERNAH DI PERBAIKI",1,0,8.6.2,2025-04-08 13:26:35,"Hai Kak Andre, silakan akses aplikasi MyTelkomsel untuk mendapatkan lebih banyak pilihan dan penawaran paket datanya ya, untuk kendala jaringan silakan coba restart handphone kakak. Apabila masih terdapat kendala silakan hubungi kami di DM Instagram @telkomsel atau chat di tsel.id/chatva. Semoga membantu. :) -Edo",2025-04-08 14:04:17,8.6.2
7701bcd1-b1f8-449b-8455-97111b15aa39,* Yandette,https://play-lh.googleusercontent.com/a/ACg8ocIt-cF9ix-ehkPVkwoF1kIsbdrBa0-F9IzhaP1fdSXJenwi1Q=mo,"lemot parah skrang jumping trus sinyal pdahal dah bertahun"" pake ini kecewa parah otw ganti kartu",1,0,7.1.0,2025-04-08 13:24:37,"Hai Kak Yandette, Mohon maaf untuk ketidaknyamanannya, silakan coba restart handphone kakak. Apabila masih terdapat kendala silakan hubungi kami di DM Instagram @telkomsel atau chat di tsel.id/chatva. Semoga membantu. :) -Edo",2025-04-08 14:05:43,7.1.0
504edcda-35b2-49fa-a9c8-a56714e95b70,Entin Suarsih,https://play-lh.googleusercontent.com/a/ACg8ocJIojaEe1m11aovNUXJ5z-PJ1Eac_pDx4NekZ4EapzwbUj-TA=mo,my Telkomsel nya sering error,3,0,8.6.2,2025-04-08 13:20:27,,,8.6.2
9eee739a-9c23-47c8-9178-5df2b269207c,Iyon Anara,https://play-lh.googleusercontent.com/a/ACg8ocL9cCg1tEAEFBNZfY2Izp9qu3WuicJk-nVyaVYtpmRE_Hzvig=mo,Telkomsel mantap,5,0,8.6.2,2025-04-08 13:19:22,,,8.6.2
de6294fc-174d-4f43-909a-72d6a1c78073,Pria Sampurna,https://play-lh.googleusercontent.com/a-/ALV-UjX4XTzrLDchieoEiD058eE7GZmd6e3y1HiO-VxOXzBtjVB698P-,ngebug mulu anjai,1,0,8.6.2,2025-04-08 13:17:27,"Hai Kak Erdi, Mohon maaf untuk ketidaknyamanannya ya, silakan coba cara berikut ya Kak:
1. Clear cache aplikasi
2. Force close aplikasi
lalu coba login kembali, apabila masih mengalami kendala, silakan hubungi kami melalui DM Instagram @Telkomsel atau chat di tsel.id/chatva. Semoga membantu. :) -Edo",2025-04-08 14:04:54,8.6.2
68790e7d-41c7-4a0f-813c-806713174566,Daffa Ali Fakhruddin,https://play-lh.googleusercontent.com/a-/ALV-UjVqN6Vso3ero7wZMAGKeaAINdTBqn00mGguopu88TDTl39CQiGf,"jelek, 3mbps cuman taktik marketing doang bjirr",1,0,,2025-04-08 13:16:05,,,
0f3992ef-8d76-4935-8740-8ba96a76c4e6,Endi Senen,https://play-lh.googleusercontent.com/a/ACg8ocKhjl34a4jKEZvavm07unq48PwfmOzNJyNcEDSYv8fOwCyRwg=mo,kwalitas jaringannya Telkomsel tolong di perkuat karna harga pulsa biasa maupun kuota disini kemahalan dan paket pinjamannya kalau kita tidak butu tolong jangan sekali2 di munculkan bikin mengganggu aja terimakasih🙏🏻🙏🏻,1,0,8.6.2,2025-04-08 13:06:20,,,8.6.2
5884e5d9-1cc5-4a4a-8087-35c8155f1f51,trio ade,https://play-lh.googleusercontent.com/a/ACg8ocIzcPSLX1gkRN6NL8Wx3sheymjxOROZigXuxUH5CDpt22HOcQ=mo,setelah diupdate malah makin lemot aplikasinya..👎👎👎👎👎👎👎,1,0,8.6.2,2025-04-08 13:05:03,"Hai Kak Ade, Mohon maaf untuk ketidaknyamanannya ya, silakan coba cara berikut ya Kak:
1. Clear cache aplikasi
2. Force close aplikasi
lalu coba login kembali, apabila masih mengalami kendala, silakan hubungi kami melalui DM Instagram @Telkomsel atau chat di tsel.id/chatva. Semoga membantu. :) -Edo",2025-04-08 14:06:44,8.6.2
0391f417-3583-4486-b466-52b722afa008,Adinda Nastiti,https://play-lh.googleusercontent.com/a-/ALV-UjXNuoxLJUXtGB9niLwJcw5I_s8lZ-UdRk24JeIdBlRUghIzj-dT,"aplikasinya makin lama makin jelek, lemot",1,12,7.0.1,2025-04-08 13:04:51,"Mohon maaf, Kak Adinda. Mengenai keluhan sinyal dan aplikasi MyTelkomsel, silakan konfirmasi ke Twitter @Telkomsel, atau bisa melalui Telegram @Telkomsel_official_bot , Facebook Messenger 'Telkomsel', LINE @Telkomsel, atau WhatsApp Telkomsel Virtual Asisten. Makasih :) –Zidane",2022-03-02 13:05:54,7.0.1
a609c3ca-91f3-40c2-86c1-ad0955fdc737,afri tambayong,https://play-lh.googleusercontent.com/a/ACg8ocJfbHvmRoWgEqXOHkM9U_Wk-PQDJKyZdcd-wEWxuQClLZxKqn8=mo,aplikasi tipu saya udah beli paket pulsa udah kepotong tapi paketnya ngk masuk2,1,0,8.6.2,2025-04-08 13:00:18,"Hai Kak Afri, Mohon maaf untuk ketidaknyamanannya, karena kami memerlukan informasi lebih lanjut untuk membantu kakak, silakan hubungi kami di DM Instagram @telkomsel atau chat di tsel.id/chatva. Semoga membantu. :) -Edo",2025-04-08 13:07:02,8.6.2
893bc11a-7e14-4c80-a023-96ca6b46618d,Jamil Huda,https://play-lh.googleusercontent.com/a/ACg8ocJg0omaP_aGZTqy3sC46XXgmPFVTlOpXQiRnm-lBif7LX-9Ag=mo,"jaringan full tp lemoooott, makin ke sini gk makin bagus malah makin parah. buka aplikasi ini jg gk bisa klo gk di pancing pake wifi. klo gini terus pindah ke kartu lain aja.",1,0,8.6.2,2025-04-08 12:57:20,"Hai Kak Jamil, Mohon maaf untuk ketidaknyamanannya ya, silakan coba cara berikut ya Kak:
1. Clear cache aplikasi
2. Force close aplikasi
lalu coba login kembali, apabila masih mengalami kendala, silakan hubungi kami melalui DM Instagram @Telkomsel atau chat di tsel.id/chatva. Semoga membantu. :) -Edo",2025-04-08 13:08:06,8.6.2
908e1d28-7a62-4d8c-8647-f44dbd9c35fe,07_Arkananta Latief Setiawan,https://play-lh.googleusercontent.com/a-/ALV-UjXeHm0Jar2Pdh9Hn7MClgDz7lPv9hcCaQwmX5eY2LRWjVxWbtgc,"sinyal malam sulit, harga makin elit",1,0,8.7.0,2025-04-08 12:56:57,"Hai Kak Arkananta, silakan akses aplikasi MyTelkomsel untuk mendapatkan lebih banyak pilihan dan penawaran paket datanya ya, untuk kendala sinyal silakan coba restart handphone kakak. Apabila masih terdapat kendala silakan hubungi kami di DM Instagram @telkomsel atau chat di tsel.id/chatva. Semoga membantu. :) -Edo",2025-04-08 13:09:29,8.7.0
fcdaabe3-eb59-487d-95d5-15c394fa0292,S. BAYU AZHARI,https://play-lh.googleusercontent.com/a-/ALV-UjXc5CsT9p1fCqLdC1eMM4Ate7mwaVpqnlKK4NPR8uvO067k71w,lu jangan korupsi. gue liat di iklan kata nya anti ngeleg kata siapa coba ngeleg banget kaya gini je nga ngeleg tolong di cek lagi tower nya lalu di cirbon tu ngeleg banget tolong di enakin lagi jaringanya jan korupsi lu,1,0,,2025-04-08 12:43:44,"Hai Kak Bayu, Mohon maaf untuk ketidaknyamanannya, silakan coba restart handphone kakak. Apabila masih terdapat kendala silakan hubungi kami di DM Instagram @telkomsel atau chat di tsel.id/chatva. Semoga membantu. :) -Edo",2025-04-08 13:10:24,
58f95436-d83c-4b6b-9253-1dc65eb5e681,ErA_HAEVERION. 226,https://play-lh.googleusercontent.com/a-/ALV-UjXL6S31Ju6z9KbXLtkFobb5VpkEH6e16r-C1WeQKvUb6bfXqFmm,"musim liburan koneksi malah down . serasa make 3G , sangat luar biasa.......masalah apk gk diperbaiki aja udah bikin enek ketambahan ini . wahhh......parah si",2,4,8.6.2,2025-04-08 12:39:19,"Hai Kak Era, Mohon maaf untuk ketidaknyamanannya ya, silakan coba cara berikut ya Kak:
1. Clear cache aplikasi
2. Force close aplikasi
lalu coba login kembali, apabila masih mengalami kendala, silakan hubungi kami melalui DM Instagram @Telkomsel atau chat di tsel.id/chatva. Semoga membantu. :) -Edo",2025-04-08 13:33:06,8.6.2
3c6cb812-259a-487c-9cca-ce4bb422e1e7,GAME PLAY,https://play-lh.googleusercontent.com/a-/ALV-UjUzlv7WzB2lelDxnRl291uJ0oGEKcgrXHoN7aFIB6AhdjX_TASY,"Ternyata bukan saya saja yang merasakan buka aplikasinya lag bgt, mau cek sisa kouta jadi ribet, harusnya lebih praktis, tolong segera di tangani dong, brand udh punya nama kaya brand ecek""",1,0,8.6.2,2025-04-08 12:38:40,,,8.6.2
ca4794d6-2777-443f-ad09-dcd5527a017b,Abdul Haris,https://play-lh.googleusercontent.com/a/ACg8ocIRGbA1Lx3ttTV5lySHqcf6WW8uxXs-HQXXeRgU7ANS38PCDw=mo,aplikasi smpah lemotttt... sinyal tambah lama tambah lemot,1,0,8.7.0,2025-04-08 12:36:49,"Hai Kak Haris, Mohon maaf untuk ketidaknyamanannya ya, silakan coba cara berikut ya Kak:
1. Clear cache aplikasi
2. Force close aplikasi
lalu coba login kembali, untuk kendala sinyal silakan coba restart handphone kakak. Apabila masih berkendala silakan hubungi kami di DM Instagram @telkomsel atau chat di tsel.id/chatva. Semoga membantu. :) -Edo",2025-04-08 13:13:18,8.7.0
eee592e2-6935-44a6-a213-9952c84984b3,Muh Dan,https://play-lh.googleusercontent.com/a/ACg8ocLBhlk-Tef47HtxuIGXKeRFaOfAPXQdA2VTYmziDM-6B8vOqg=mo,"Bagus, terus kembangkan.",4,0,,2025-04-08 12:32:22,"Hai Kak Dan, terima kasih. Tetap pakai aplikasi MyTelkomsel ya 😊 -Sekar",2025-04-09 06:32:54,
c1476c0f-4b02-4a55-b329-57f697de17c0,Muhamad Safiul Rifki,https://play-lh.googleusercontent.com/a-/ALV-UjWepcMbSpyH9lX1AMTgks6SecEaQ_Nh-3GRKFtp6NV0DM7nJCRY,kalo udah di dalem aplikasi ngeleg banget woi delainya lama ini gw kasih bintang 4 soalnya paketnya lagi murah murah,4,0,8.6.2,2025-04-08 12:30:32,,,8.6.2
a41c9405-97bd-4a5a-88aa-1b402d706f55,Andas Andas,https://play-lh.googleusercontent.com/a-/ALV-UjUJoLT5NfHMbNZ0nPelQHbgXT8PbYRodtwXIKiZ3b-KNTu12vA,apelkasi ini ngk bisa masuk sekali masuk keluar sendiri,1,0,,2025-04-08 12:26:12,"Hai Kak Andas, Mohon maaf untuk ketidaknyamanannya ya, silakan coba cara berikut ya Kak:
1. Clear cache aplikasi
2. Force close aplikasi
lalu coba login kembali, apabila masih mengalami kendala, silakan hubungi kami melalui DM Instagram @Telkomsel atau chat di tsel.id/chatva. Semoga membantu. :) -Edo",2025-04-08 13:28:00,
75fa6d31-2d7f-4537-999d-d9fd282eecd5,Muhammad Suharyana,https://play-lh.googleusercontent.com/a/ACg8ocJnUmL69qP0YyRxLdLuo0Mjs6gjeJbXil9e8dtvXDWX_yF0Xw=mo,apk nya error tidak bisa cek Kouta. tidak berfungsi,2,0,8.6.2,2025-04-08 12:26:04,"Hai Kak Suharyana, Mohon maaf untuk ketidaknyamanannya ya, silakan coba cara berikut ya Kak:
1. Clear cache aplikasi
2. Force close aplikasi
lalu coba login kembali, apabila masih mengalami kendala, silakan hubungi kami melalui DM Instagram @Telkomsel atau chat di tsel.id/chatva. Semoga membantu. :) -Edo",2025-04-08 13:31:54,8.6.2
8dbf38b2-18f5-4c3e-863a-5dbfc397e78d,Iky Kiki,https://play-lh.googleusercontent.com/a-/ALV-UjXR-iXKKMDNOGSYg-ug_BGt4w9yo550RwevZMUAipsu6aSbNuRn,"aplikasi Lemot, provider elite, pelayanan sulit 👎👎👎👎",1,0,8.6.2,2025-04-08 12:25:20,"Hai Kak Kiki, Mohon maaf untuk ketidaknyamanannya ya, silakan coba cara berikut ya Kak:
1. Clear cache aplikasi
2. Force close aplikasi
lalu coba login kembali, apabila masih mengalami kendala, silakan hubungi kami melalui DM Instagram @Telkomsel atau chat di tsel.id/chatva. Semoga membantu. :) -Edo",2025-04-08 13:28:50,8.6.2
313a3472-2723-4ee1-be3e-348ed21b208c,OP GAMING,https://play-lh.googleusercontent.com/a-/ALV-UjWg9QvoErUO3iDQM1VaFqBNpKcp1jZPFnD_qvXiChov4VHD9qs,"setiap mau beli kuota internet ngelag terus pas buka aplikasi dan memilih pilihan kuota nya, karu banyak yang pakai tapi ngelag katanya sinyal nomor 1 di Indonesia",1,0,8.6.2,2025-04-08 12:24:38,"Hai Kak, Mohon maaf untuk ketidaknyamanannya ya, silakan coba cara berikut ya Kak:
1. Clear cache aplikasi
2. Force close aplikasi
lalu coba login kembali, apabila masih mengalami kendala, silakan hubungi kami melalui DM Instagram @Telkomsel atau chat di tsel.id/chatva. Semoga membantu. :) -Edo",2025-04-08 13:30:12,8.6.2
13c10822-d25a-4c39-9aaf-7c9d86931a29,Kg Aweks,https://play-lh.googleusercontent.com/a-/ALV-UjW4wWToZXwZLuywqSikhLP692K8_rdeyBZAuziPhwMF4GdwiQzAtQ,Sinyal ny skr jelek bgt. quota ny juga mahal.,3,0,8.6.2,2025-04-08 12:16:27,"Maaf ya, Kak. Untuk kendala sinyal. Agar dapat mimin bantu Kakak lebih lanjut, silakan konfirmasi ke akun Twitter @telkomsel, Telegram @Telkomsel _official_bot, Facebook Messenger 'Telkomsel', LINE @Telkomsel, atau WhatsApp Telkomsel VIrtual Asisten. Mimin tunggu ya Kak. Makasih :) -Bagus",2021-04-22 11:51:35,8.6.2
2f2bcb88-da3c-4f1d-84eb-92d5cf902ebf,Saefy Shulhan,https://play-lh.googleusercontent.com/a-/ALV-UjX0fJQRE8-P4adJMQrudbkiB0JYTUDpOcsUSfAi3aXIr2eeR0w,"Waw Telkomsel ,paket 8,5 GB ane nggak bisa dipake, restart handphone udah 10 kali",3,0,8.6.2,2025-04-08 12:14:46,"Hai Kak Saefy, Mohon maaf untuk ketidaknyamanannya, silakan coba restart handphone kakak. Apabila masih terdapat kendala silakan hubungi kami di DM Instagram @telkomsel atau chat di tsel.id/chatva. Semoga membantu. :) -Edo",2025-04-07 06:42:19,8.6.2
cca5fb06-4b9b-4319-8765-b28ae649a0ef,Risman amak,https://play-lh.googleusercontent.com/a-/ALV-UjXmSHBH3UoXR2SQ2TytT5MWAE95T8WxqGVx5mFoD5hrgy6Fj0o4,aplikasi sangat loading butuh banyak data! di perbaiki lah update terus masa makin loading apalagi ini apk telkomsel .mobile legend aja lebih cepat terbuka daripada ini!,1,0,8.7.0,2025-04-08 12:13:47,"Hai Kak Risman, Mohon maaf untuk ketidaknyamanannya ya, silakan coba cara berikut ya Kak:
1. Clear cache aplikasi
2. Force close aplikasi
lalu coba login kembali, apabila masih mengalami kendala, silakan hubungi kami melalui DM Instagram @Telkomsel atau chat di tsel.id/chatva. Semoga membantu. :) -Edo",2025-04-08 12:41:13,8.7.0
6c6b1c16-57de-4a82-bd5e-5b40d9f266c0,egi mv,https://play-lh.googleusercontent.com/a/ACg8ocLXTohDOAAH78wBG_bqiI-7Pp2Fg2BrCt-89lXFtqByDNpzvg=mo,aplikasi nya lemot,1,0,8.6.2,2025-04-08 12:13:20,"Hai Kak Egi, Mohon maaf untuk ketidaknyamanannya ya, silakan coba cara berikut ya Kak:
1. Clear cache aplikasi
2. Force close aplikasi
lalu coba login kembali, apabila masih mengalami kendala, silakan hubungi kami melalui DM Instagram @Telkomsel atau chat di tsel.id/chatva. Semoga membantu. :) -Edo",2025-04-08 12:42:44,8.6.2
ddfc838b-53df-4aef-853c-211bac01cf86,Henry Surya Rasidi,https://play-lh.googleusercontent.com/a-/ALV-UjU9MvKX4i1qKhNOofP_23v4WeK3bkU63L5BoEeAI7vzhYCPq1g,makin kesinih kualitas sinyalnya jelek mahalnya doang tolong segere di perbaiki karena menghambat kita untuk mengunakan ponsel setiap harinya,1,0,8.7.0,2025-04-08 12:11:48,"Hai Kak Henry, silakan akses aplikasi MyTelkomsel untuk mendapatkan lebih banyak pilihan dan penawaran paket datanya ya, untuk kendala sinyal silakan coba restart handphone kakak. Apabila masih terdapat kendala silakan hubungi kami di DM Instagram @telkomsel atau chat di tsel.id/chatva. Semoga membantu. :) -Edo",2025-04-08 12:43:25,8.7.0
291a396b-179b-4e94-965a-b1f174a03a10,Cimol ketzeh,https://play-lh.googleusercontent.com/a-/ALV-UjUvk96IbLjifkjuFHgOilX5WdJmN-BL0KuCYWFM5j8PS56f4lPT,"INI APK MYTELKOMSEL KENAPA YA, MASA GA BISA DISENTUH. GA BISA DI APA APAIN. SAYA HP SAYA YG RUSAK. TER NYATA APK NYA RUSAK. TOLONG JAWAB, INI APK KENAPA YA. SUDAH BERKALI KALI SAYA DOWNLOAD ULANG TETEP GA BISA DI COLEK COLEK",1,0,,2025-04-08 12:08:03,"Hai Kak, Mohon maaf untuk ketidaknyamanannya ya, silakan coba cara berikut ya Kak:
1. Clear cache aplikasi
2. Force close aplikasi
lalu coba login kembali, apabila masih mengalami kendala, silakan hubungi kami melalui DM Instagram @Telkomsel atau chat di tsel.id/chatva. Semoga membantu. :) -Edo",2025-04-08 12:44:55,
60610600-2c13-4466-a979-a80e541463f2,Ferdy Hyansyah,https://play-lh.googleusercontent.com/a-/ALV-UjWcE3HdlDyzkAiR-3In93-ceghSE_-NbNUnZPw3tkm3UTK5tQ8s,app bapuk,1,0,8.7.0,2025-04-08 12:07:09,"Hai Kak Ferdy, Mohon maaf untuk ketidaknyamanannya ya, silakan coba cara berikut ya Kak:
1. Clear cache aplikasi
2. Force close aplikasi
lalu coba login kembali, apabila masih mengalami kendala, silakan hubungi kami melalui DM Instagram @Telkomsel atau chat di tsel.id/chatva. Semoga membantu. :) -Edo",2025-04-08 12:45:31,8.7.0
48b54983-b028-49cf-80b4-c0bd43b8dc79,Dadang Iswanto10,https://play-lh.googleusercontent.com/a/ACg8ocLxtMrKrmFhh55EQKZy2Mdcpgv5bKOTI5SlErkh3WYLB9AI7yM=mo,sangat buruk tidak seperti telkomsel yg dulu internet lelet mahal semua bayar,2,0,8.7.0,2025-04-08 12:06:31,"Hai Kak Dadang, silakan akses aplikasi MyTelkomsel untuk mendapatkan lebih banyak pilihan dan penawaran paket datanya ya, untuk kendala jaringan silakan coba restart handphone kakak. Apabila masih terdapat kendala silakan hubungi kami di DM Instagram @telkomsel atau chat di tsel.id/chatva. Semoga membantu. :) -Edo",2025-04-08 13:38:58,8.7.0
c2ec9c2e-0946-45ed-b5c7-5436f6ec3ad6,Bima Irawan,https://play-lh.googleusercontent.com/a/ACg8ocKSV1xGBkOgQhyfpSeWWm9ZuwbgPnBMzomjvHjkd3MWfxBE-g=mo,KARTU AJA YANG MAHAL JARINGAN NGELEG PARAH!!!,1,0,,2025-04-08 12:05:24,"Hai Kak Bima, silakan akses aplikasi MyTelkomsel untuk mendapatkan lebih banyak pilihan dan penawaran paket datanya ya, untuk kendala jaringan silakan coba restart handphone kakak. Apabila masih terdapat kendala silakan hubungi kami di DM Instagram @telkomsel atau chat di tsel.id/chatva. Semoga membantu. :) -Edo",2025-04-08 12:46:48,
636550d9-f29c-4f38-bc47-c32e6db810b1,Nanang Ariyanto (Nanang),https://play-lh.googleusercontent.com/a-/ALV-UjXWdYAmvB5uxBByHM08iyXDWzVVoTpnwGzsgDB0aQu0iIm_A_V_,"Erorr, bukan hanya erorr aplikasi nya tapi kecepatan jaringan e lemot parah,ini sudah 3 mingguan terjadi bukan hanya aku dan kota ku tapi kota laen juga begitu, mengapa? jika begini terus aku juga ga bakalan make provider Telkomsel.",1,0,8.6.2,2025-04-08 12:02:29,"Hai Kak Nanang. Mohon maaf untuk ketidaknyamanannya ya, silakan coba cara berikut ya Kak:
1. Clear cache aplikasi
2. Force close aplikasi
lalu coba login kembali, apabila masih mengalami kendala, silakan hubungi kami melalui DM Instagram @Telkomsel atau hubungi kami di tsel.id/chatva. Semoga membantu. :) -Alma",2025-03-14 04:53:15,8.6.2
66dcc87c-b76c-4d0e-a71a-4933ccbf8e26,Magempo Galau,https://play-lh.googleusercontent.com/a-/ALV-UjX4piDn_xVcIl09ahvZHYD168vunuf2joP0yQMU_Tw5rUC7tkE,"aplikasi gak guna, data internet masih banyak tapi gak bisa buka aplikasi..",1,0,,2025-04-08 12:01:53,"Mohon maaf ya, Kak Magempo. Perihal kendala sinyal lemah, agar bisa dibantu lebih lanjut. Yuk hubungi mimin melalui Instagram @Telkomsel atau email cs@telkomsel.com. Makasih :) -Sekar",2024-05-07 05:03:08,
d9fd6b15-fd01-41c3-b738-221c26b5992e,Gurit Raditya,https://play-lh.googleusercontent.com/a-/ALV-UjVusV2ibgvUR8idN-ojpEdQW9xaABGzOfJSvV-0a2-DZINvdFc,kenapa beli paket darurat sendiri padahal aku GK beli.. ? ada apa ini kok begini..!!!?,2,0,8.6.2,2025-04-08 12:01:21,"Hai Kak Gurit, Mohon maaf untuk ketidaknyamanannya, karena kami memerlukan informasi lebih lanjut untuk membantu kakak, silakan hubungi kami di DM Instagram @telkomsel atau chat di tsel.id/chatva. Semoga membantu. :) -Edo",2025-04-08 13:40:44,8.6.2
5a28df16-7e61-44a8-8270-a8f4546c5021,Andre Purwanto,https://play-lh.googleusercontent.com/a-/ALV-UjXY-JB2Oc6Vk0ncBGO1IbjSaYTuTvptS2Hp4Kht17PYRsfJh8xz,"APLIKASI LEMOT, KEBANYAKAN GIMMICK, TIDAK ON THE POINT APLIKASINYA. CEK KARTU PAKAI INTERNET TELKOMSEL PUN SANGAT LEMOT. SERING UPDATE TAPI GA ADA GUNANYA!!!!",1,0,8.6.2,2025-04-08 12:00:50,"Hai Kak Andre, Mohon maaf untuk ketidaknyamanannya ya, silakan coba cara berikut ya Kak:
1. Clear cache aplikasi
2. Force close aplikasi
lalu coba login kembali, untuk kendala jaringan silakan coba restart handphone kakak. Apabila masih berkendala silakan hubungi kami di DM Instagram @telkomsel atau chat di tsel.id/chatva. Semoga membantu. :) -Edo",2025-04-08 12:59:45,8.6.2
eec605d1-5ed1-4659-9ee4-3e51f10b26d0,Pitercin,https://play-lh.googleusercontent.com/a/ACg8ocI7Fd4kj26Rkn3_ud6bdbhTcbnEJhlS-aiP66QeCs0KEtG0cw=mo,pinyal makin bejad aja,3,0,8.6.2,2025-04-08 11:59:48,,,8.6.2
b070c041-e023-4400-bebe-477aa75fa688,Ali Arofiq,https://play-lh.googleusercontent.com/a/ACg8ocJpBZ4vRmdox_IgBL8IhCfgh76j5AiODlhD14XF5XoTIILL5g=mo,Telkomsel makin parah!!!,1,0,8.6.2,2025-04-08 11:58:48,"Hai Kak Ali, Mohon maaf untuk ketidaknyamanannya, karena kami memerlukan informasi lebih lanjut untuk membantu kakak, silakan hubungi kami di DM Instagram @telkomsel atau chat di tsel.id/chatva. Semoga membantu. :) -Edo",2025-04-08 13:04:30,8.6.2
284e1753-d459-4c9e-aebf-160ffd128579,Aditya Suma,https://play-lh.googleusercontent.com/a/ACg8ocLsfVu8VSQzmBE_5g4VnGUw7OPCODsp4fLzaaOI-5HXUlnGeg=mo,bagus,5,0,,2025-04-08 11:54:18,"Hai Kak Aditya, terima kasih tetap setia menggunakan layanan Telkomsel. Apresiasi dari Kakak sangat berarti bagi kami dalam meningkatkan layanan dan performa MyTelkomsel. Have a great day :) -Edo",2025-04-08 14:09:17,
681bd7ea-a854-41ea-96b3-866496315dd0,Yudi Ydi,https://play-lh.googleusercontent.com/a/ACg8ocIW1j2xXFkICFWJEQF0sK5IltGiT133Kbm3O2OT3cdFYM0V2w=mo,"terlalu berat,tidak seperti dahulu yang lancar sekali.",2,0,8.6.2,2025-04-08 11:53:15,"Hai Kak Yudi, Mohon maaf untuk ketidaknyamanannya ya, silakan coba cara berikut ya Kak:
1. Clear cache aplikasi
2. Force close aplikasi
lalu coba login kembali, apabila masih mengalami kendala, silakan hubungi kami melalui DM Instagram @Telkomsel atau chat di tsel.id/chatva. Semoga membantu. :) -Edo",2025-04-08 13:39:18,8.6.2
0eea76bb-44b7-4308-aee0-147ca63edcc0,James Tabun,https://play-lh.googleusercontent.com/a-/ALV-UjXA1_f4jD2XwS7fn04eiERrQR_a6ga6gOMzCa-bR5HiJk_rR0Lh,good,5,0,5.3.0,2025-04-08 11:52:16,"Hai Kak James, terima kasih tetap setia menggunakan layanan Telkomsel. Apresiasi dari Kakak sangat berarti bagi kami dalam meningkatkan layanan dan performa MyTelkomsel. Have a great day :) -Edo",2025-04-08 14:10:03,5.3.0
976729f9-6dc3-46d6-a56e-176c7fccad91,auwalia sigit kartika ramadhany,https://play-lh.googleusercontent.com/a-/ALV-UjXcrQT1al4g8GFRdQZpq3CgQ90XeknpPGlQs8Tw40RB9mTn-vrQ,"ini gimana ya, saya baru beli pulsa dan udah masuk, sempet cek apk nya dan iya sudah masuk, tapi tiba-tiba keluar dan pas di cek pulsa malah ga masuk dan ada tulisan ""mohon cek internet"" padahal jaringan lancar jaya, tolong di benerin ya",1,0,8.6.2,2025-04-08 11:51:48,,,8.6.2
370c2b9d-5725-41ea-83d2-4ecb77b2d9e0,Haikal Irham,https://play-lh.googleusercontent.com/a-/ALV-UjUNxJ5gHH5dWkfwxmUUTAg3MlcdtnJR5C1Bb9LUtkN54z7yG02p,ok,5,0,,2025-04-08 11:47:50,"Hai Kak Haikal, terima kasih tetap setia menggunakan layanan Telkomsel. Apresiasi dari Kakak sangat berarti bagi kami dalam meningkatkan layanan dan performa MyTelkomsel. Have a great day :) -Edo",2025-04-08 14:21:13,
b548f828-5488-47d4-9d4b-dd0b69c1c439,Rezeki anisa,https://play-lh.googleusercontent.com/a/ACg8ocLhoSiX6Pnpg37vkAAtLXPdr6kbKl_jel-nMZaT22OQQvRTGg=mo,"aplikasi sangat keren,untuk login aja gk bisa udah di uninstal trus di download lagi masih gak bisa login,mantap deh aplikasinyaa",1,0,,2025-04-08 11:44:45,"Hai Kak Rezeki, Mohon maaf untuk ketidaknyamanannya ya, silakan coba cara berikut ya Kak:
1. Clear cache aplikasi
2. Force close aplikasi
lalu coba login kembali, apabila masih mengalami kendala, silakan hubungi kami melalui DM Instagram @Telkomsel atau chat di tsel.id/chatva. Semoga membantu. :) -Edo",2025-04-08 12:23:25,
879fefe0-bb80-4134-b6ea-646ef0c23faa,Miki Yeah,https://play-lh.googleusercontent.com/a/ACg8ocLx9WKOPhb6O_wPZGgh58FG1JFtf0suU4Ox51JJn0dhfo47Uw=mo,lemot abis,1,0,,2025-04-08 11:36:40,"Hai Kak Miki, Mohon maaf untuk ketidaknyamanannya ya, silakan coba cara berikut ya Kak:
1. Clear cache aplikasi
2. Force close aplikasi
lalu coba login kembali, apabila masih mengalami kendala, silakan hubungi kami melalui DM Instagram @Telkomsel atau chat di tsel.id/chatva. Semoga membantu. :) -Edo",2025-04-08 12:26:00,
e4a3ea99-17c9-46f8-a008-dc571d0edd13,Bg Joentak,https://play-lh.googleusercontent.com/a/ACg8ocJ73Xvb044g_E9elypjOpxQVnByOlf1PHiLiKwrrRcMg4aW=mo,bagus,2,0,,2025-04-08 11:35:58,"Hai Kak Joentak, terima kasih tetap setia menggunakan layanan Telkomsel. Apresiasi dari Kakak sangat berarti bagi kami dalam meningkatkan layanan dan performa MyTelkomsel. Have a great day :) -Edo",2025-04-08 15:08:19,
7f213d7b-9f55-4626-a49e-cd35f7cf8b67,ARYA EPEP,https://play-lh.googleusercontent.com/a-/ALV-UjXSzV2q2VsxxnRTCFwz3G3MaceD80Mn38FyKBCxMzu0BndtNmg,"sinyal nya jelek bgt ,ngelag terus padahal kuota masih banyak",3,0,,2025-04-08 11:35:00,,,
08d72f1a-790a-4992-a0c3-1fba79ff3f4d,Utomo,https://play-lh.googleusercontent.com/a-/ALV-UjXYsOxUJcImP5g-2en0C5crISVwLSDYTJfoEum1pHDWz-Hewk-E,"Aplikasi berat bgt, busuk",1,0,8.6.2,2025-04-08 11:33:54,"Hai Kak Utomo, Mohon maaf untuk ketidaknyamanannya ya, apabila aplikasi MyTelkomsel terlalu berat di handphone kakak, silakan coba unduh MyTelkomsel Basic. Aplikasi ini sudah tersedia di PlayStore. Apabila masih mengalami kendala, silakan hubungi kami melalui DM Instagram @Telkomsel atau chat di tsel.id/chatva. Semoga membantu. :) -Edo",2025-04-08 12:25:27,8.6.2
cc84ce46-d63f-49e2-8513-f411bc826a3e,rudi,https://play-lh.googleusercontent.com/a-/ALV-UjWH3Fb_6V7oyxYq_iyGv8LnwH1gkh7rl48_TItDVX1OgYFdDunj,"apk busuk loading nya lama bgt, padahal AnTuTu 1,2JT lo. heran masih aja ada orang yg nasih bintang diatas 2",1,0,8.7.0,2025-04-08 11:31:04,"Hai Kak Rudi, Mohon maaf untuk ketidaknyamanannya ya, silakan coba cara berikut ya Kak:
1. Clear cache aplikasi
2. Force close aplikasi
lalu coba login kembali, apabila masih mengalami kendala, silakan hubungi kami melalui DM Instagram @Telkomsel atau chat di tsel.id/chatva. Semoga membantu. :) -Edo",2025-04-08 11:44:21,8.7.0
1f21b67b-5186-4820-8112-3f89c45b01b8,Mus Bir,https://play-lh.googleusercontent.com/a-/ALV-UjUbnOZ5w3dXmQPIDLuY0iYGjPfN4alSYy-sRbdGfuQc4-G-SV-6,lambat sangat,2,0,8.7.0,2025-04-08 11:27:50,"Hai Kak Bir, Mohon maaf untuk ketidaknyamanannya ya, silakan coba cara berikut ya Kak:
1. Clear cache aplikasi
2. Force close aplikasi
lalu coba login kembali, apabila masih mengalami kendala, silakan hubungi kami melalui DM Instagram @Telkomsel atau chat di tsel.id/chatva. Semoga membantu. :) -Edo",2025-04-08 13:40:29,8.7.0
f4076d52-9bfe-4f77-9d8d-29dfc2b7b745,Xybil π,https://play-lh.googleusercontent.com/a/ACg8ocLyXARAJ7EYDNB-TXHCFk0HIWlJW4kAsl6zwd6YfDGzNBMxpQ=mo,"setiap isi pulsa, pulsa nya selalu ketarik padahal nggak ada berlangganan apa² yg memakai pulsa, data juga nggak nyala udah aktifin fitur jaga pulsa juga. pas di cek riwayat juga ga ada riyawat pulsa",1,0,8.7.0,2025-04-08 11:24:56,"Hai Kak Xybil, Mohon maaf untuk ketidaknyamanannya, karena kami memerlukan informasi lebih lanjut untuk membantu kakak, silakan hubungi kami di DM Instagram @telkomsel atau chat di tsel.id/chatva. Semoga membantu. :) -Edo",2025-04-08 11:34:19,8.7.0
bae5201e-c55d-4d9a-8715-03281dee5fa6,Sukirno ngalam,https://play-lh.googleusercontent.com/a/ACg8ocJZVeOwKGu3WOUWx0ojeZ8jClVQAgQw7wTSTtjm6myYdvKsSw=mo,semakin di depan,5,0,,2025-04-08 11:22:26,"Hai Kak Sukirno, terima kasih tetap setia menggunakan layanan Telkomsel. Apresiasi dari Kakak sangat berarti bagi kami dalam meningkatkan layanan dan performa MyTelkomsel. Have a great day :) -Edo",2025-04-08 14:21:57,
f22d4e6b-a53a-4956-98d8-79f9a7f0476a,Ahmad Zaki,https://play-lh.googleusercontent.com/a-/ALV-UjW54JMTDC999P-K_6qGVQQmqA5lM3UIQ7zITRDVAa50Lsz4O3s,"kak kok ngebug ya tulisan GB an nya, kan saya beli kartu Telkomsel 40gb, setelah 2minggu trs kan sisa 3gb, tapi di apk Telkomsel nya masih 35,5 GB an ,itu ga ngurang ngurang kuotanya kaka",2,0,8.7.0,2025-04-08 11:20:28,,,8.7.0
02fbd581-2951-48f6-a772-a99d6429c2e2,Dede Dara,https://play-lh.googleusercontent.com/a-/ALV-UjUDf1PgEW-9cgYjOWEboZO-N6rBRZEnS3Tn0ABoueV0_vBOTJXM,Aplikasi semakin berat,4,0,8.6.2,2025-04-08 11:20:12,"Hai, Kak Dede Dara. Mohon maaf untuk ketidaknyamanannya ya, apabila aplikasi MyTelkomsel terlalu berat di handphone Kakak, silakan coba unduh MyTelkomsel Basic. Aplikasi ini sudah tersedia di PlayStore. Apabila masih mengalami kendala, silakan hubungi kami melalui DM Instagram @Telkomsel atau chat di tsel.id/chatva. Semoga membantu. :) -Alma",2024-11-14 01:17:54,8.6.2
b6006e93-cd35-42f6-91f2-2d2f21bca914,Ainun Najih,https://play-lh.googleusercontent.com/a-/ALV-UjWht9ohX6EzVkqYYc-Px2w-A6BXi_LLo-S86SAQBJ-ZMVV-Rcw,agen my telkomselny kurang lemot mbalas komlplainan nya,1,0,8.6.2,2025-04-08 11:18:43,"Hai Kak Ainun, Mohon maaf untuk ketidaknyamanannya, untuk kendalanya silakan hubungi kami di DM Instagram @telkomsel atau chat di tsel.id/chatva. Semoga membantu. :) -Edo",2025-04-08 11:45:27,8.6.2
13d36763-83a0-4059-a7aa-1cc62e4997e1,Rizki Ahmad,https://play-lh.googleusercontent.com/a-/ALV-UjX2GqPcuT8hM1ZpCTMQTNyL6fxunDwsdVJnmxieeVGb_zy1nXs,APLIKASI TOLOL,1,0,7.0.1,2025-04-08 11:18:09,"Hai Kak Rizki, Mohon maaf untuk ketidaknyamanannya ya, silakan coba cara berikut ya Kak:
1. Clear cache aplikasi
2. Force close aplikasi
lalu coba login kembali, apabila masih mengalami kendala, silakan hubungi kami melalui DM Instagram @Telkomsel atau chat di tsel.id/chatva. Semoga membantu. :) -Edo",2025-04-08 11:46:30,7.0.1
557da9cf-44e9-46d0-9521-38386c8b9a47,Tutus Cloud,https://play-lh.googleusercontent.com/a/ACg8ocIZZFZsBtq9flNyvlY9fcUJbf4mRn1JGqYvpCa0747VXm6uIw=mo,Best,5,0,,2025-04-08 11:17:02,"Hai Kak Tutus, terima kasih tetap setia menggunakan layanan Telkomsel. Apresiasi dari Kakak sangat berarti bagi kami dalam meningkatkan layanan dan performa MyTelkomsel. Have a great day :) -Edo",2025-04-08 14:22:55,
014ec5ac-7b5c-4e1e-9d41-a4efea142bc7,Lyly Henriana,https://play-lh.googleusercontent.com/a-/ALV-UjUcO2bDEwHYrzV1zQHVzb0UObZbuAzhh_DRqiuVOxQSFsJv_3o,ko saya udah 5 bulan ini ga bisa masuk terus yaaa selalu terjadi kesalahan terus gimana ini,1,0,8.6.2,2025-04-08 11:14:51,"Hai Kak Lyly, Mohon maaf untuk ketidaknyamanannya ya, silakan coba cara berikut ya Kak:
1. Clear cache aplikasi
2. Force close aplikasi
lalu coba login kembali, apabila masih mengalami kendala, silakan hubungi kami melalui DM Instagram @Telkomsel atau chat di tsel.id/chatva. Semoga membantu. :) -Edo",2025-04-08 11:47:26,8.6.2
7416cf57-bf26-4fb5-8d4b-d9b51db92761,udhin sayang ijha sayang ijha,https://play-lh.googleusercontent.com/a/ACg8ocIWwUfjqIrmBLOa5qLcroVVcjVOeEhFQVy8cD2kbwrj1aXJHQ=mo,mqntap,5,0,8.6.2,2025-04-08 11:13:31,"Hai Kak Udhin, terima kasih tetap setia menggunakan layanan Telkomsel. Apresiasi dari Kakak sangat berarti bagi kami dalam meningkatkan layanan dan performa MyTelkomsel. Have a great day :) -Edo",2025-04-08 14:23:30,8.6.2
3e2134c6-9758-4c5b-8418-30f37dd116ea,mohamad abdurrahim,https://play-lh.googleusercontent.com/a-/ALV-UjU2n2_4bkWjG1izOFVhAVsGnkmxOf5nD5hAYHNXBWg33yzFn_0,Beli paket pakai link tapi data g masuk masuk tapi saldo kepotong kecewa saya,2,0,,2025-04-08 11:08:33,,,
9f4a8595-7029-4944-a8a4-95786edc11da,Hanif,https://play-lh.googleusercontent.com/a/ACg8ocLgyiHvid4lHxtGnhupaSQ72b0CJewTpadANbPYZ5nnMLnHKA=mo,aplikasi ini sangat bermanfa'at dan sangat penting,5,0,8.7.0,2025-04-08 11:06:09,"Hai Kak Hanif, terima kasih tetap setia menggunakan layanan Telkomsel. Apresiasi dari Kakak sangat berarti bagi kami dalam meningkatkan layanan dan performa MyTelkomsel. Have a great day :) -Edo",2025-04-08 14:24:08,8.7.0
dcb2b67c-185b-4889-b725-94389de36ad9,Vaisal Jovanka,https://play-lh.googleusercontent.com/a-/ALV-UjVaO8h3Nj5QuPe_sRNMs85EK7lfUwO5k-GU0t9dtd_8pPnJLG0,"ini kenapa dah telkomsel sekarang , lemot banget , udah datanya mahal mahal haduuh jaringan nya lemot banget di buat game kurang bagus sih, sorry bintang 1 aja",1,0,8.7.0,2025-04-08 11:06:07,"Hai Kak Vaisal, silakan akses aplikasi MyTelkomsel untuk mendapatkan lebih banyak pilihan dan penawaran paket datanya ya, untuk kendala jaringan silakan coba restart handphone kakak. Apabila masih terdapat kendala silakan hubungi kami di DM Instagram @telkomsel atau chat di tsel.id/chatva. Semoga membantu. :) -Edo",2025-04-08 11:48:15,8.7.0
8c3640e0-78db-4c90-b9e7-2329ed98b88d,Oktaryan Adetia Bayu Krisna,https://play-lh.googleusercontent.com/a-/ALV-UjWu5CYPLsmIPSqWKk4YM2x8MrXpzFaCe4t9CXB2Oqm4WGkbtQ3G,"Aplikasi lemot, ngga jelas",1,0,5.2.0,2025-04-08 11:04:32,"Hai Kak Oktaryan, Mohon maaf untuk ketidaknyamanannya ya, silakan coba cara berikut ya Kak:
1. Clear cache aplikasi
2. Force close aplikasi
lalu coba login kembali, apabila masih mengalami kendala, silakan hubungi kami melalui DM Instagram @Telkomsel atau chat di tsel.id/chatva. Semoga membantu. :) -Edo",2025-04-08 11:49:04,5.2.0
4d197f6d-54fe-441d-9311-5ae64d202727,Tachibana Kanade,https://play-lh.googleusercontent.com/a-/ALV-UjWKOG9k0z7Bi6nHify_JEZRsh_83VCiFOkOOeaXd_6Xdx52yfI,"semenjak Indihome gabung, ni apk jdi error mulu nyambungin akunnya. udah unin update. masih aja sama, jdi burik bed",1,0,6.10.0-9,2025-04-08 11:03:43,"Hai Kak Tachibana, Mohon maaf untuk ketidaknyamanannya ya, silakan coba cara berikut ya Kak:
1. Clear cache aplikasi
2. Force close aplikasi
lalu coba login kembali, apabila masih mengalami kendala, silakan hubungi kami melalui DM Instagram @Telkomsel atau chat di tsel.id/chatva. Semoga membantu. :) -Edo",2025-04-08 11:49:44,6.10.0-9
dac3b629-9612-49c5-9761-f52e3854e647,Konawe id,https://play-lh.googleusercontent.com/a-/ALV-UjVQSG1TvB-806fKOZMpWwpFqhg3qT2yOKl2lfufS1ZUGckDnbQ,Cuma my Telkomsel dikit² update sudah seperti apk game moba jir😂😂😂,2,0,8.6.2,2025-04-08 11:02:01,,,8.6.2
ef28d707-4c81-4d88-a466-d5ee33a8943b,Muhammadhafizd hafizd,https://play-lh.googleusercontent.com/a/ACg8ocI3B9_8NBX2chNu_XdIRNPvY8XM6vJXYUhJY_WxZFpC8nkHCQ=mo,"jadi g yakin ganti kartu ke telkomsel ,jaringan emg stabil tapi di 100+ ms chat wa aja lama,padahal di kota walaupun jauh dari pusat kota",3,0,,2025-04-08 11:01:57,,,
c8b30b4c-af25-466d-8bae-572e31728475,Zahra Fissilmy Kaffah,https://play-lh.googleusercontent.com/a-/ALV-UjU18TbrMPDhki9leERnmPA9sm5mjqrbZR9e9ngK8UKnsFSqVpuj,"Aplikasinya nge lag bgt gak bisa di pencet apa apa padahal udh pakai wifi, dikira aku doang yg gak bisa buka apk nya ternyata yg lain juga keluhannya sama, mending gausah bikin apk deh percuma",1,0,8.6.2,2025-04-08 10:56:23,"Hai Kak Zahra, Mohon maaf untuk ketidaknyamanannya ya, silakan coba cara berikut ya Kak:
1. Clear cache aplikasi
2. Force close aplikasi
lalu coba login kembali, apabila masih mengalami kendala, silakan hubungi kami melalui DM Instagram @Telkomsel atau chat di tsel.id/chatva. Semoga membantu. :) -Edo",2025-04-08 11:50:36,8.6.2
69e2d46c-a7ba-463f-9e34-b8157b372708,Asep Andi,https://play-lh.googleusercontent.com/a-/ALV-UjWZwIOsdmUPxsEWzY3hf10HEtbIXjaEmb96Xjgi1gdKWMomkLXy,maaf saya kasih bintang 1 sekarang telkomsel banyak loading,1,0,,2025-04-08 10:54:11,"Hai Kak Asep, Mohon maaf untuk ketidaknyamanannya ya, silakan coba cara berikut ya Kak:
1. Clear cache aplikasi
2. Force close aplikasi
lalu coba login kembali, apabila masih mengalami kendala, silakan hubungi kami melalui DM Instagram @Telkomsel atau chat di tsel.id/chatva. Semoga membantu. :) -Edo",2025-04-08 12:16:35,
38961ebc-a16d-496f-87eb-5e3df12775cb,Broken Dreams,https://play-lh.googleusercontent.com/a-/ALV-UjVFg3VJ0QMhPcJw4Mm1Mio6oaGjNW_wqwmBSWFmFAmH-pWTUak,sering eror dan lag parah...masih lebih baik Bima Tri dan Indosat saya coba ganti ke Telkomsel kira bagus ga tau nya sama aja malah lebih parah,1,0,8.6.2,2025-04-08 10:49:33,"Hai Kak, Mohon maaf untuk ketidaknyamanannya, silakan coba restart handphone kakak. Apabila masih terdapat kendala silakan hubungi kami di DM Instagram @telkomsel atau chat di tsel.id/chatva. Semoga membantu. :) -Edo",2025-04-08 12:18:11,8.6.2
d45be0fd-e09a-4d75-a850-56cf4182c6ea,Gaming Malang,https://play-lh.googleusercontent.com/a-/ALV-UjV4uS9wZZ5uC1_EQKHCpwTLWO1N0jC63lLXfxypPooViA4ESbYf,udah update terus TPI masih banyak ngebug nya,1,0,7.3.0,2025-04-08 10:45:22,"Hai Kak, Mohon maaf untuk ketidaknyamanannya ya, silakan coba cara berikut ya Kak:
1. Clear cache aplikasi
2. Force close aplikasi
lalu coba login kembali, apabila masih mengalami kendala, silakan hubungi kami melalui DM Instagram @Telkomsel atau chat di tsel.id/chatva. Semoga membantu. :) -Edo",2025-04-08 11:37:33,7.3.0
a8a49b46-b111-4bfb-84ba-de6fa8b33147,kak bambang,https://play-lh.googleusercontent.com/a-/ALV-UjUrnj2KZp7ZbHEMBFvlH0VM9q9M9KoalpR4wakEXGArepGOOqk,ok,5,0,,2025-04-08 10:43:02,"Hai Kak Bambang, terima kasih tetap setia menggunakan layanan Telkomsel. Apresiasi dari Kakak sangat berarti bagi kami dalam meningkatkan layanan dan performa MyTelkomsel. Have a great day :) -Edo",2025-04-08 14:36:29,
77aa9521-8485-43a5-b3ba-a8d53bef0181,Sudirman Jamil,https://play-lh.googleusercontent.com/a-/ALV-UjWYcrvXimbDjwu-c6Mg4PR59Tj5iPFn7oU0lIpJZHw27OaGZp4,"Permasalahan Aplikasi my telkomsel ... harus di uninstall dl terus install lagi baru lancar,",1,0,8.7.0,2025-04-08 10:38:59,"Hai Kak Sudirman, Mohon maaf untuk ketidaknyamanannya ya, silakan coba cara berikut ya Kak:
1. Clear cache aplikasi
2. Force close aplikasi
lalu coba login kembali, apabila masih mengalami kendala, silakan hubungi kami melalui DM Instagram @Telkomsel atau chat di tsel.id/chatva. Semoga membantu. :) -Edo",2025-04-08 11:39:57,8.7.0
d10a0778-0801-4cca-96fa-746bfda4e877,Eka Hendra,https://play-lh.googleusercontent.com/a-/ALV-UjWvBi3hTOg2B5ROFrARxbb8I-bT6V593kawiz0lgPMCdGj6Dgm5,"ini kenapa my Telkomsel sekarang gabisa di buka?, loading mulu di dalam app nya ga selesai"" , kirain gw doang yg kek gitu ternyata banyak juga pengguna yg lain juga pada kek gitu, udh coba hapus cache dan install ulang tetep sama aja, pihak Telkomsel tolong segera di perbaiki dong kendala nya ini, mau cek kuota dan beli kuota jadi gabisa",1,0,8.6.2,2025-04-08 10:35:08,"Hai Kak Eka, Mohon maaf untuk ketidaknyamanannya ya, silakan coba cara berikut ya Kak:
1. Clear cache aplikasi
2. Force close aplikasi
lalu coba login kembali, apabila masih mengalami kendala, silakan hubungi kami melalui DM Instagram @Telkomsel atau chat di tsel.id/chatva. Semoga membantu. :) -Edo",2025-04-08 11:40:49,8.6.2
c9b03b91-dad6-4f65-8933-ea2a321a4a7d,Amanda Felicia,https://play-lh.googleusercontent.com/a/ACg8ocJCkjelASCTnPHlV5_zYVDJBY-iQxbZGh2y4ieItq-5REaswQ=mo,"dah bagus ada paket harian 3rubu/3,hari kenapa di naikin, bukannya makin murah malah tambah mahal",1,0,8.6.2,2025-04-08 10:32:27,"Hai Kak Amanda, silakan akses aplikasi MyTelkomsel untuk mendapatkan lebih banyak pilihan dan penawaran paket datanya ya Kak. Semoga membantu. :) -Edo",2025-04-08 11:41:21,8.6.2
b390a258-b42c-4f5c-8171-8b4bd03076e8,BloodZy,https://play-lh.googleusercontent.com/a-/ALV-UjW6CknB7Rnn4-8a6Gnf6aGJR46jR1wMmE_c0GnefylV70EZAVSK,tolong ini Telkom kenapa GK bisa terhubung ke dana padahal udh verifikasi,1,0,8.7.0,2025-04-08 10:28:42,"Hai Kak, Mohon maaf untuk ketidaknyamanannya ya, silakan coba cara berikut ya Kak:
1. Clear cache aplikasi
2. Force close aplikasi
lalu coba login kembali, apabila masih mengalami kendala, silakan hubungi kami melalui DM Instagram @Telkomsel atau chat di tsel.id/chatva. Semoga membantu. :) -Edo",2025-04-08 11:42:39,8.7.0
bb596138-8f4b-473d-896b-8028efa8442c,Mank Er Chanel,https://play-lh.googleusercontent.com/a-/ALV-UjW7mB-Qwib8YyFZ5WXUOaJEf_0AF-RWKc2ooyfcOwdMm5XdNDid,oke min sudah bisa tapi sebelum masuk aplikasi harus hapus data dan chache terlebih dulu,3,0,8.6.2,2025-04-08 10:28:13,"Hai Kak, Mohon maaf untuk ketidaknyamanannya ya, silakan coba cara berikut ya Kak:
1. Clear cache aplikasi
2. Force close aplikasi
lalu coba login kembali, apabila masih mengalami kendala, silakan hubungi kami melalui DM Instagram @Telkomsel atau chat di tsel.id/chatva. Semoga membantu. :) -Edo",2025-02-12 14:02:46,8.6.2
5c597dea-ddb4-4cdf-b990-9d9aac4f7bc4,Yahyaayyasy Yahyaayyasy,https://play-lh.googleusercontent.com/a/ACg8ocLP9POMyiyByP8O85wIVMMWk56FJz2JcuC_f1kneIpGjbwjMJc=mo,"udah lumayan, sekarang lagi banyak promo gila gilaan",5,0,,2025-04-08 10:25:31,"Hai Kak. Mohon maaf untuk ketidaknyamanannya ya, silakan coba cara berikut ya Kak:
1. Clear cache aplikasi
2. Force close aplikasi
lalu coba login kembali, apabila masih mengalami kendala, silakan hubungi kami melalui DM Instagram @Telkomsel atau hubungi kami di tsel.id/chatva. Semoga membantu. :) -Alma",2025-01-01 23:24:44,
31eb0e03-5979-4719-8a2f-4aa04f036be3,Thermal,https://play-lh.googleusercontent.com/a/ACg8ocIx1Sbsev7CsYbcHm0fQR9rIQarIwvl0MszMDCVsnSgkOTtzg=mo,"balikin lah Unlim nya 500GB, masa namanya Unlimited ada batasnya sih trus tb tb banget jauh jatuhnya dari 500GB ke 15GB. Tolong lah! gw mau donwload data besar jadi ga bisa nihh",1,0,,2025-04-08 10:24:05,,,
02611a78-16ea-4aff-a9d7-b975e23de664,Tgk. IqBal,https://play-lh.googleusercontent.com/a-/ALV-UjWcYOaMaSsez6b1fTPDFhTyvdF1WGQbVjHlz4N8k6uziBr5IQc,makin ribet dan makin lemot setelah beberapa kali pengupdetan mohon di perbaiki,1,0,7.2.0,2025-04-08 10:22:54,"Hai Kak Iqbal, Mohon maaf untuk ketidaknyamanannya ya, silakan coba cara berikut ya Kak:
1. Clear cache aplikasi
2. Force close aplikasi
lalu coba login kembali, apabila masih mengalami kendala, silakan hubungi kami melalui DM Instagram @Telkomsel atau chat di tsel.id/chatva. Semoga membantu. :) -Edo",2025-04-08 11:43:29,7.2.0
bea9f8bd-2e39-4924-b0c9-d70a8f58de69,Dani Saputra,https://play-lh.googleusercontent.com/a/ACg8ocIV-zuj93YtPvlmdbMHLdhxPFw3iYVLXUtjiwgjHYmWPTMROA=mo,saya merasa kecewa jaringan ful 4g tapi internet sering tidak bisa digunakan... sedangkan harga paket Telkomsel paling mahal diantara profeder lain... lama kelamaan pasti pada pindah ke profEder lain pelayanan ama harga paket nya tidak seimbang,1,0,,2025-04-08 10:19:33,"Hai Kak Dani, silakan akses aplikasi MyTelkomsel untuk mendapatkan lebih banyak pilihan dan penawaran paket datanya ya, untuk kendala jaringan silakan coba restart handphone kakak. Apabila masih terdapat kendala silakan hubungi kami di DM Instagram @telkomsel atau chat di tsel.id/chatva. Semoga membantu. :) -Edo",2025-04-08 12:21:25,
0e5a7769-1d03-47a7-8385-f69e9773ad33,Yanes Latulola,https://play-lh.googleusercontent.com/a-/ALV-UjX_mI7rTxVfH9dQyeUEibU2wVIisg6tLW0DeN0i0dVQE3dfhvRx,Parah jaringannya dan lebih parahnya sering update My Telkomsel beli lalot mohon pihak Telkomsel nya di perhatikan,2,0,6.13.0,2025-04-08 10:14:05,,,6.13.0
fbc2103b-8e38-4947-aa9d-62d54140b5e3,Nofi Anda,https://play-lh.googleusercontent.com/a-/ALV-UjWmVdBN0DhZBAMVR8qAz_2RbgUsihEFFqVHMJFLNzs8tKjUmDuO,aplikasi Telkomsel yg membantu dan banyak bonus nya,5,0,8.6.2,2025-04-08 10:13:44,"Hai Kak Nofi, terima kasih tetap setia menggunakan layanan Telkomsel. Apresiasi dari Kakak sangat berarti bagi kami dalam meningkatkan layanan dan performa MyTelkomsel. Have a great day :) -Edo",2025-04-08 14:37:06,8.6.2
063ee3d0-62bd-4989-815a-232b62507439,Kikin Aja,https://play-lh.googleusercontent.com/a/ACg8ocIgT1uE9boNpk6pqBM3AGfXLQDXtpBHxF5VRcAgcfYxciqBRQ=mo,super siput,1,1,8.6.2,2025-04-08 10:11:17,"Hai Kak Kikin, Mohon maaf untuk ketidaknyamanannya, silakan coba restart handphone kakak. Apabila masih terdapat kendala silakan hubungi kami di DM Instagram @telkomsel atau chat di tsel.id/chatva. Semoga membantu. :) -Edo",2025-04-08 11:51:22,8.6.2
82bffcb6-8dd2-45e6-a788-15846aaac23e,Khulaefii sykes,https://play-lh.googleusercontent.com/a/ACg8ocIhAX7a52njYkOKtnQv48YXTeiypHdNJJ4waFe7b4TKU1Ra3w=mo,ini kenapa sih aplikasi susah banget di akses BAPUK BANGET!!!,1,0,8.7.0,2025-04-08 10:11:17,Hai Kak Khulaefii. Mohon maaf untuk ketidaknyamanannya. Untuk kendalanya Kakak bisa langsung menghubungi kami di DM Instagram @Telkomsel atau hubungi kami di tsel.id/chatva. Semoga membantu. 😊 -Sekar,2025-04-01 23:01:50,8.7.0
1c267fc3-f708-4e1f-ae16-d43155b2cfa0,Said Akbar,https://play-lh.googleusercontent.com/a/ACg8ocL9zFGiCswpigg2uC-158hoR0uduqHWicUz-cs51jrShSoXpg=mo,"jaringan bagus tapi waktu buka apk Telkomsel lemot lelet, mau beli kuota lama 😑",1,0,8.6.2,2025-04-08 10:07:30,"Hai Kak Said, Mohon maaf untuk ketidaknyamanannya ya, silakan coba cara berikut ya Kak:
1. Clear cache aplikasi
2. Force close aplikasi
lalu coba login kembali, apabila masih mengalami kendala, silakan hubungi kami melalui DM Instagram @Telkomsel atau chat di tsel.id/chatva. Semoga membantu. :) -Edo",2025-04-08 11:52:08,8.6.2
a4f2e651-eb88-4a17-8002-e8aa544edf5d,Samsul adhe Putra,https://play-lh.googleusercontent.com/a-/ALV-UjWY-bdU8lkStgdQikv_WIIk2PyD71EBgFjl_OX6FDLGgLbKiO3Oeg,"mohon maaf ya, dulu saya pakai telkomsel lancar jaya dmn pun, taiskrng sulit bgt rasa'a untuk lancar, dan kececewa bgt sama aplikasi'a setiap kali ngecek nilai kuota'a gak ber ubah2 tau2 abis aja .. kocak kocak",1,0,8.6.2,2025-04-08 10:06:19,"Hai Kak Samsul, Mohon maaf untuk ketidaknyamanannya ya, silakan coba cara berikut ya Kak:
1. Clear cache aplikasi
2. Force close aplikasi
lalu coba login kembali, apabila masih mengalami kendala, silakan hubungi kami melalui DM Instagram @Telkomsel atau chat di tsel.id/chatva. Semoga membantu. :) -Edo",2025-04-08 11:53:59,8.6.2
75dd4184-f4f2-4078-8623-90fe3ecdb366,Dina Utami,https://play-lh.googleusercontent.com/a/ACg8ocJNL3ro4ShO6YqAVpl-C5TluR1kjdSCFf8-phbBCbntrtp1fw=mo,BURUK. SEMUA PERMASALAHAN KITA HARUS TETAP DATANG KE GRAPARI TELKOMSEL TERDEKAT. GAK ADA GUNANYA APLIKASI INI !! GAK USAH DOWNLOAD. GAK PENTING !!!,1,0,8.6.2,2025-04-08 10:00:27,"Hai Kak Dina, Mohon maaf untuk ketidaknyamanannya ya, silakan coba cara berikut ya Kak:
1. Clear cache aplikasi
2. Force close aplikasi
lalu coba login kembali, apabila masih mengalami kendala, silakan hubungi kami melalui DM Instagram @Telkomsel atau chat di tsel.id/chatva. Semoga membantu. :) -Edo",2025-04-08 10:32:49,8.6.2
2a7bcdc2-73d9-4deb-b92b-be22567a1006,Alam Baik,https://play-lh.googleusercontent.com/a/ACg8ocKq3KWxOfPMDSBOVa4WAGjSqC8cdccGeiW_R7POr7N-WFh3yg=mo,Kurang stabil untuk digunakan di rute KRL Jakarta Kota- Bogor,3,0,8.6.2,2025-04-08 10:00:22,"Hai Kak, Mohon maaf untuk ketidaknyamanannya, silakan coba restart handphone kakak. Apabila masih terdapat kendala silakan hubungi kami di DM Instagram @telkomsel atau chat di tsel.id/chatva. Semoga membantu. :) -Edo",2025-04-09 07:25:25,8.6.2
481f0815-d4ac-452c-9ab1-876aeaadc4a5,Rasdin Marawa,https://play-lh.googleusercontent.com/a-/ALV-UjXVrLJ3dfER0-TUOjz06OdcCJBRo1k1w5zk5Sx3MxqALsIs_-7h,"Gagal kasih hadiah paket internet sebanyak 2 kali, tapi oulsa juga terpotong sebanyak 3 kali. miris",1,0,8.6.2,2025-04-08 09:55:44,"Maafin ya, Kak Rasdin. Untuk kendala penggunaan kuota. Supaya Mimin bisa bantu Kakak lebih optimal, tolong hubungi Mimin melalui fitur bantuan di aplikasi MyTelkomsel, atau kirim email ke cs@telkomsel.co.id. Mimin tunggu ya Kak, stay safe! -Noela",2020-09-29 04:47:49,8.6.2
e48324bf-b4c9-480b-ab58-d45916b57a86,Muhammad Komarudin,https://play-lh.googleusercontent.com/a/ACg8ocJEWNned4duAuc3HjND7nWLoHeH0edxZKHOZZDR5TGy8JXApw=mo,mau login aja dipersulit. kesalahan gak ada habisnya,1,0,8.6.2,2025-04-08 09:53:18,"Hai Kak Komarudin, Mohon maaf untuk ketidaknyamanannya ya, silakan coba cara berikut ya Kak:
1. Clear cache aplikasi
2. Force close aplikasi
lalu coba login kembali, apabila masih mengalami kendala, silakan hubungi kami melalui DM Instagram @Telkomsel atau chat di tsel.id/chatva. Semoga membantu. :) -Edo",2025-04-08 10:34:29,8.6.2
bdbae920-61d7-459b-88d9-6fc7c978fe5a,yuliyanto gmm,https://play-lh.googleusercontent.com/a-/ALV-UjWfwdvbCRuKlNYfW02PJ4FP95aued2Cz5LZiV3X2BvQVnWnhQBWsw,"setelah lebaran, lemot aplikasinya, atau masih mudikkah sinyalnya??!!",2,0,8.6.2,2025-04-08 09:52:06,"Hai Kak Yulianto, Mohon maaf untuk ketidaknyamanannya ya, silakan coba cara berikut ya Kak:
1. Clear cache aplikasi
2. Force close aplikasi
lalu coba login kembali, untuk kendala sinyal silakan coba restart handphone kakak. Apabila masih berkendala silakan hubungi kami di DM Instagram @telkomsel atau chat di tsel.id/chatva. Semoga membantu. :) -Edo",2025-04-08 13:43:58,8.6.2
19956022-f920-4e00-b137-67b0bab47c34,Candra Kens,https://play-lh.googleusercontent.com/a-/ALV-UjU6pgerK40yjm9pUVnLLgyglDaGKX1T9h5vJar-tRyCdvfujGMR6Q,"dulu bagus layanannya.... sekarang ampun dah... sudah mahal semua ribet lagi prosesnya... klo ada perlu harus k GRaPARI lg... padahal waktu promonya mereka main telfon aja... bener"" menyesal angkat tlpn dari CS TELKOMSEL..",1,0,8.6.2,2025-04-08 09:48:51,,,8.6.2
6a5f3295-87ef-45a5-b1bf-dcbc0bf54448,Asep Iklas Hidayat,https://play-lh.googleusercontent.com/a-/ALV-UjV-6rxREXkoZFd4-xbWmX-Wx66TZmsPyOmmxY_Ndw-3rPCWeqxB,"ini kenapa jadi buffering mulu kalo mau cek kuota? ini kemaren katanya kuota abis sisa 278 mb, dah beli paket baru masih segitu aja, ini gimana si? iya udah beres masalah nya pake cara hapus data, tapi tetep beresin main issues nya biar ga perlu repot hapus data tersu, jadi bintang gw tetep kasih 1 selam main issues nya ada",1,5,8.7.0,2025-04-08 09:47:03,"Hai Kak Asep, Mohon maaf untuk ketidaknyamanannya ya, silakan coba cara berikut ya Kak:
1. Clear cache aplikasi
2. Force close aplikasi
lalu coba login kembali, apabila masih mengalami kendala, silakan hubungi kami melalui DM Instagram @Telkomsel atau chat di tsel.id/chatva. Semoga membantu. :) -Edo",2025-04-08 09:37:15,8.7.0
a78214d8-20a8-490e-b610-3adaf2a09cfe,BJG,https://play-lh.googleusercontent.com/a-/ALV-UjX8dJ8ODYHqnCcTNmOKIH5WcTmvvroplKUoJyVGlEWOghfm3do4,"paling malas beli paket aplikasi my telkomsel. jaringan sebagus apapun, kalo buka aplikasi my telkomsel pasti loadingnya lamaaaa banget. mancing emosi",1,0,5.9.0,2025-04-08 09:46:36,"Hai Kak, Mohon maaf untuk ketidaknyamanannya ya, silakan coba cara berikut ya Kak:
1. Clear cache aplikasi
2. Force close aplikasi
lalu coba login kembali, apabila masih mengalami kendala, silakan hubungi kami melalui DM Instagram @Telkomsel atau chat di tsel.id/chatva. Semoga membantu. :) -Edo",2025-04-08 10:35:18,5.9.0
0bfd2d66-09f4-4121-828d-5769805c0641,maman Sumantri058,https://play-lh.googleusercontent.com/a/ACg8ocI6T-WlhVkQt3SP3R3-6vKuJFp7-VS_VhDdltiCYYorolrp-A=mo,Beli kuota 75rb internet 24jam tapi Baru ini gak bisa di pake anehh lama²,2,0,8.7.0,2025-04-08 09:45:23,,,8.7.0
55b4538d-084d-4a97-96aa-743d30a6f157,Alfan Putrarizky,https://play-lh.googleusercontent.com/a/ACg8ocJBA6br1rE8nvxOsQFmsrIQZKQKGQ8B0MSfHPomUWYWJR-3sA=mo,"kalau ada bintang 0 saya kasih bintang 0, beli paket internet nya super mahal tapi jaringannya buruk seburuk buruknya,harga tidak sesuai dengan kualitas 👎👎👎👎👎👎👎👎👎👎👎👎👎👎👎👎👎👎👎👎👎",1,0,8.7.0,2025-04-08 09:37:23,"Hai Kak Alfan, silakan akses aplikasi MyTelkomsel untuk mendapatkan lebih banyak pilihan dan penawaran paket datanya ya, untuk kendala jaringan silakan coba restart handphone kakak. Apabila masih terdapat kendala silakan hubungi kami di DM Instagram @telkomsel atau chat di tsel.id/chatva. Semoga membantu. :) -Edo",2025-04-08 10:36:47,8.7.0
3772ed1d-5701-4e3f-9727-fdd9fc3ad653,Asep,https://play-lh.googleusercontent.com/a/ACg8ocKiZYovQZ6oWfYOan1mhiTgvlCzRVa6Ab1Fsl3xAQHqCuZwvg=mo,aga lemot,4,0,8.3.0,2025-04-08 09:32:51,,,8.3.0
aaabbdfb-9905-474c-bdbc-873e9f9a0001,Khairul Adn,https://play-lh.googleusercontent.com/a/ACg8ocLM7s4y4sEG2_Q-UeuJP_C_U0qhvpqOu81A-ZBxNfkr0lEITQ=mo,app cacat,1,0,8.7.0,2025-04-08 09:32:03,"Hai Kak Khairul, Mohon maaf untuk ketidaknyamanannya ya, silakan coba cara berikut ya Kak:
1. Clear cache aplikasi
2. Force close aplikasi
lalu coba login kembali, apabila masih mengalami kendala, silakan hubungi kami melalui DM Instagram @Telkomsel atau chat di tsel.id/chatva. Semoga membantu. :) -Edo",2025-04-08 10:35:44,8.7.0
c38f0855-7ba0-40ad-9d3b-24fed36386ef,Galih Ujanari,https://play-lh.googleusercontent.com/a/ACg8ocLx3eNHVgFQ-6LkkYg6uDptr6CeDtcV3nEqklbHFyMXfVat-GA=mo,sering gangguan tidak bisa cek kuota pulsa dll,1,0,8.6.2,2025-04-08 09:30:45,"Hai Kak Galih, Mohon maaf untuk ketidaknyamanannya ya, silakan coba cara berikut ya Kak:
1. Clear cache aplikasi
2. Force close aplikasi
lalu coba login kembali, apabila masih mengalami kendala, silakan hubungi kami melalui DM Instagram @Telkomsel atau chat di tsel.id/chatva. Semoga membantu. :) -Edo",2025-04-08 10:37:42,8.6.2
12873ac9-4c31-4990-b70e-382f64355b20,Ratih Nadhira cake,https://play-lh.googleusercontent.com/a-/ALV-UjV0zrU4NGAebyaEQxrhPgxioxAUVnVdzgHdY6TfOkNN1kCTmgnu,Anda memberikan internet yg buruk karena ketika saya memasuki game blockman go itu selalu tidak mau masuk ke dalamnya tolong berikan internet tidak lag dan susah lagi saya sudah geram,1,0,8.6.2,2025-04-08 09:30:25,"Hai Kak Ratih, Mohon maaf untuk ketidaknyamanannya, silakan coba restart handphone kakak. Apabila masih terdapat kendala silakan hubungi kami di DM Instagram @telkomsel atau chat di tsel.id/chatva. Semoga membantu. :) -Edo",2025-04-08 10:38:41,8.6.2
0ebaa45d-bc19-4fea-973e-82968f638c0d,Ari Nur Hamdani,https://play-lh.googleusercontent.com/a/ACg8ocLhVN8i1vIBx1dtib8lc5AXhMDLobrOaHIAQQ3HTtDwj2y34g=mo,ga jelas banyak masalah sistem,1,0,8.7.0,2025-04-08 09:27:34,"Hai Kak Ari, Mohon maaf untuk ketidaknyamanannya ya, silakan coba cara berikut ya Kak:
1. Clear cache aplikasi
2. Force close aplikasi
lalu coba login kembali, apabila masih mengalami kendala, silakan hubungi kami melalui DM Instagram @Telkomsel atau chat di tsel.id/chatva. Semoga membantu. :) -Edo",2025-04-08 10:44:49,8.7.0
2c17f67e-e780-4a2c-afd8-83faae7b0c91,Fahmi Rizki,https://play-lh.googleusercontent.com/a/ACg8ocJcYGpI653_QJJMIPv554DBG1qbLFKJ7ZxulJY8tY8N7sa0SQ=mo,gak bisa lancar main ml gg,1,0,,2025-04-08 09:27:31,"Hai Kak Fahmi, Mohon maaf untuk ketidaknyamanannya, silakan coba restart handphone kakak. Apabila masih terdapat kendala silakan hubungi kami di DM Instagram @telkomsel atau chat di tsel.id/chatva. Semoga membantu. :) -Edo",2025-04-08 11:53:17,
a52af42e-047a-4bd2-8000-2068f4188af5,Edi Sutomo,https://play-lh.googleusercontent.com/a-/ALV-UjXO1pczuxJRC-c8ANJ6lSgCHigxBiDG_HHCb28clgbxzpSXDN8h,"Aplikasi ini sudah ga enak di pakai bikin kesal, mau isi kuota aja bikin kesel. lama lama saya pakai provider lain asli. kecewa sekali",1,0,8.6.2,2025-04-08 09:23:29,"Hai Kak Edi, Mohon maaf untuk ketidaknyamanannya ya, silakan coba cara berikut ya Kak:
1. Clear cache aplikasi
2. Force close aplikasi
lalu coba login kembali, apabila masih mengalami kendala, silakan hubungi kami melalui DM Instagram @Telkomsel atau chat di tsel.id/chatva. Semoga membantu. :) -Edo",2025-04-08 13:01:06,8.6.2
2e6441a8-cff1-4d57-9d7e-e5358c90694c,Haekal Syabani,https://play-lh.googleusercontent.com/a-/ALV-UjWEH9haLcpgUu9fGNdrYwJOsCIXz6R4QCZYO_zMwEWkJbCklf-P,"saya selalu gagal untuk login dengan alasan kendala atau kesalahan, belum lagi saya sudah membeli masa aktif tetap saja nomor saya hangus",1,0,8.6.2,2025-04-08 09:21:25,"Hai Kak Haekal, Mohon maaf untuk ketidaknyamanannya ya, silakan coba cara berikut ya Kak:
1. Clear cache aplikasi
2. Force close aplikasi
lalu coba login kembali, apabila masih mengalami kendala, silakan hubungi kami melalui DM Instagram @Telkomsel atau chat di tsel.id/chatva. Semoga membantu. :) -Edo",2025-04-08 12:38:41,8.6.2
2e694c5f-2d02-4bc5-9c5f-da7b5510189d,Faizal alfiansyah,https://play-lh.googleusercontent.com/a-/ALV-UjW-S-0ZTOvEfi_kZDb-z0oqPO8HJtNOcY7lJ8jhyFb-CgZil0Y,"Semoga bisa di tingkatkan jaringannya min,karna gw kecewa sama telkomsel,gw beli paket mahal tapi ngak sesuai dengan jaringannya, katanya unlimited sehari, tapi kok cuman 15 GB? biasanya 500 GB, paket aja di koruosi hadeh, termasuk penipuan ini",2,1,8.7.0,2025-04-08 09:15:39,"Hai, Kak Faizal. Mohon maaf ya, terkait keluhan tarif paket layanan dan kualitas jaringan. Yuk segera hubungi Mimin melalui fitur bantuan di aplikasi MyTelkomsel, Facebook Messenger 'Telkomsel', DM Twitter @Telkomsel atau kirim email ke cs@telkomsel.com untuk dibantu lebih lanjut. Makasih :) -Edo",2023-06-13 11:27:52,8.7.0
72687d1a-73b2-49e1-bf5a-0e2eeb2f0e5a,Gunung Mahameru,https://play-lh.googleusercontent.com/a-/ALV-UjVCsCUFCbDal55diOeIUOCJWP0AN3gYBIBbGLK2lzWLvuHHx_M9pA,vital perannya tp buat login aja susahnya minta ampun. bad rating app. Tim it Segede Telkomsel ga bisa apa bikin app yg fungsional dan ga bertele tele loginnya.,1,0,8.6.2,2025-04-08 09:13:49,"Hai Kak, Mohon maaf untuk ketidaknyamanannya ya, silakan coba cara berikut ya Kak:
1. Clear cache aplikasi
2. Force close aplikasi
lalu coba login kembali, apabila masih mengalami kendala, silakan hubungi kami melalui DM Instagram @Telkomsel atau chat di tsel.id/chatva. Semoga membantu. :) -Edo",2025-04-08 09:33:30,8.6.2
d290949c-468f-4da1-9f54-7686bbc29e8d,ARI ZAYUSMAN,https://play-lh.googleusercontent.com/a-/ALV-UjXNdTOnRqSQyWYdpREJMJSZt5Xj_YCesrt8JtQfVLZ0GeNcWvs,"aplikasi skrg kok ngelag banget ya utk liat kuota paket, ngk jln² cuyy",2,0,7.0.1,2025-04-08 09:02:44,"Hai Kak Ari, Mohon maaf untuk ketidaknyamanannya ya, silakan coba cara berikut ya Kak:
1. Clear cache aplikasi
2. Force close aplikasi
lalu coba login kembali, apabila masih mengalami kendala, silakan hubungi kami melalui DM Instagram @Telkomsel atau chat di tsel.id/chatva. Semoga membantu. :) -Edo",2025-04-08 09:38:21,7.0.1
6d476b27-3491-4efb-ad8b-80003a390cf7,Akhmad Gunawan_mfr,https://play-lh.googleusercontent.com/a-/ALV-UjVfXXQU3kKKw-o6-amNzRGrj0bNNMd0ZH00tSL23E-xbNRh8tFU,Aplikasi terlalu berat,1,5,8.6.2,2025-04-08 09:02:27,"Hai Kak Akhmad, Mohon maaf untuk ketidaknyamanannya ya, apabila aplikasi MyTelkomsel terlalu berat di handphone kakak, silakan coba unduh MyTelkomsel Basic. Aplikasi ini sudah tersedia di PlayStore. Apabila masih mengalami kendala, silakan hubungi kami melalui DM Instagram @Telkomsel atau chat di tsel.id/chatva. Semoga membantu. :) -Edo",2025-04-08 09:34:14,8.6.2
ad13291c-6771-4bd8-89e0-e04c8fe1e724,FAz channel,https://play-lh.googleusercontent.com/a-/ALV-UjUeL46kWqLAzqkIGioSnYrR_zNm4Dar4fx-onYpH4q1JZLG3eoe,layanan jaringan sangat buruk padahal usia nya sudah jauh lebih maju tapi sekali down jelek pakek bagt tsel kocak linglung,2,0,8.7.0,2025-04-08 09:01:18,"Hai Kak Faz, Mohon maaf untuk ketidaknyamanannya, silakan coba restart handphone kakak. Apabila masih terdapat kendala silakan hubungi kami di DM Instagram @telkomsel atau chat di tsel.id/chatva. Semoga membantu. :) -Edo",2025-04-08 09:39:11,8.7.0
636dc6ad-39eb-4f88-88f2-ed4d6c9f1734,HERVIS ERWIN JAYA WARUWU,https://play-lh.googleusercontent.com/a-/ALV-UjX26baAXJ03ucSwhQ8WWUv7oxIAJEzu_Hi3FeSCgwY4NzIP8zA,jaringan Telkomsel lag nya minta ampun,1,0,,2025-04-08 09:01:13,"Hai Kak Hervis, Mohon maaf untuk ketidaknyamanannya, silakan coba restart handphone kakak. Apabila masih terdapat kendala silakan hubungi kami di DM Instagram @telkomsel atau chat di tsel.id/chatva. Semoga membantu. :) -Edo",2025-04-08 08:35:14,
322561a1-f639-46e1-ab1e-6418d3dccc76,Safry Biantong,https://play-lh.googleusercontent.com/a-/ALV-UjXoUG5OjMBUPcMHm_TR_5OjCnKc6Qw56XR3avXenRAQgBIYpLPZ,ini aplikasi MyTelkomsel yg semakin tidak baik2 saja.. 🤑,1,0,8.6.2,2025-04-08 08:52:20,"Hai Kak Safry, Mohon maaf untuk ketidaknyamanannya ya, silakan coba cara berikut ya Kak:
1. Clear cache aplikasi
2. Force close aplikasi
lalu coba login kembali, apabila masih mengalami kendala, silakan hubungi kami melalui DM Instagram @Telkomsel atau chat di tsel.id/chatva. Semoga membantu. :) -Edo",2025-04-08 09:35:46,8.6.2
62c03530-8b2e-4e2f-b058-a7276066f9f2,dhini,https://play-lh.googleusercontent.com/a/ACg8ocKxO2k1oQIpuOlQQC_XRl0ws8dD1VL5OjpG1dvhUUvy6AfbfQ=mo,keren luar biasa,5,0,8.6.2,2025-04-08 08:46:53,"Hai Kak Dhini, terima kasih tetap setia menggunakan layanan Telkomsel. Apresiasi dari Kakak sangat berarti bagi kami dalam meningkatkan layanan dan performa MyTelkomsel. Have a great day :) -Edo",2025-04-08 09:55:37,8.6.2
7e74faa5-1544-4a25-877a-38eb4d240652,Dzunurain Zun,https://play-lh.googleusercontent.com/a/ACg8ocJod_mQ_CeFFOfy0WA0ltCK1vz0zhVgMwmuGGv-VKpQa6ai8w=mo,dapet gratis kouta 25gb masa besok nya langsung abis kgajelas banget telkomsel mana lagi maen game kirein gua hp gua yg ngebleng tau tau nya telkomsel pelit bol kuning,1,0,8.6.2,2025-04-08 08:46:27,,,8.6.2
7697bc6e-7029-4192-a255-85473506c313,Nicholas Tambunan,https://play-lh.googleusercontent.com/a/ACg8ocIKaAFUowKc-KvGRpf9VAQz8PoeysI7CQW3EOz9j3sk1A2rbg=mo,#Luarbiasa nya my telkomsel stabil ga pernah crash atau error,5,0,8.6.2,2025-04-08 08:36:43,,,8.6.2
75ab2f26-cec7-4a5b-b66a-cde1829abcd3,Idlan Putra Raziq,https://play-lh.googleusercontent.com/a/ACg8ocL9Sx2iTuUseLWK5Qvf9T16rd2zhIVIyyQ5WlceUYQpKqIBdQ=mo,"Telkomsel makin kesini makin ga jelas,padahal sinyal saya kenceng tapi apk ny Telkomsel nya ngelag terus,mohon diperbaiki dong",1,0,,2025-04-08 08:35:55,"Hai Kak Idlan, Mohon maaf untuk ketidaknyamanannya ya, silakan coba cara berikut ya Kak:
1. Clear cache aplikasi
2. Force close aplikasi
lalu coba login kembali, apabila masih mengalami kendala, silakan hubungi kami melalui DM Instagram @Telkomsel atau chat di tsel.id/chatva. Semoga membantu. :) -Edo",2025-04-08 09:36:35,
2e320b69-4014-4a16-a14f-4c6a4f19d64d,Kferrashelfian98,https://play-lh.googleusercontent.com/a-/ALV-UjViq8_9XpbxDWa1APKwPSKIjwX-WrQv-HqrGDX6Wd_1cNNhBOY,aplikasi lemot parah tiap mau paketin data Gusti loadingnya lama bener. pdhl udh update sinyal bagus gk tau deh,3,0,8.7.0,2025-04-08 08:09:29,"Hai Kak Kferrashelfian, Mohon maaf untuk ketidaknyamanannya ya, silakan coba cara berikut ya Kak:
1. Clear cache aplikasi
2. Force close aplikasi
lalu coba login kembali, apabila masih mengalami kendala, silakan hubungi kami melalui DM Instagram @Telkomsel atau chat di tsel.id/chatva. Semoga membantu. :) -Edo",2025-04-08 09:40:09,8.7.0
d88ceec9-4560-4adc-8ab5-d6ad1f2c2a66,Imoel Khan,https://play-lh.googleusercontent.com/a/ACg8ocKZ58ufrRODHyA8HbvehG-Dr5TzSjNAQWRSnMdsVkr-CFV73Q=mo,#Luarbiasa paket internet Telkomsel bisa dibeli dalam beberapa klik aja di Mytelkomsel,5,0,,2025-04-08 08:02:44,,,
d3e17079-8662-41a6-bf4b-d1695379cd80,Ari Ramadhan Saja,https://play-lh.googleusercontent.com/a/ACg8ocIUjt_D6DwpHSeutIN9JRcGTjQyyx7JL0_rL-G32S5CNqxMSA=mo,banyak bug. apalagi di menu indihome,1,5,8.6.2,2025-04-08 08:01:45,"Maaf ya, Kak Ari. Jika ada pertanyaan atau keluhan terkait dengan produk Telkomsel, silakan hubungi salah satu channel layanan kami, bisa melalui Twitter @Telkomsel, Facebook Messenger 'Telkomsel', LINE @Telkomsel, atau WhatsApp Telkomsel Virtual Asisten. Makasih :) –Lina",2022-01-01 11:44:21,8.6.2
c10b8108-ff66-45c3-b58f-59474ca83223,Sidd Maulana,https://play-lh.googleusercontent.com/a-/ALV-UjVXqE-UNrDZy29yphCBE8Xf3U1wwphEtpW8CeWtHCRf6XNVxis,kenapa my telkomsel saya forceclose ? saya tidak bisa masuk ke aplikasi my telkomsel ?,1,0,8.6.2,2025-04-08 07:52:02,"Hai Kak Sidd, Mohon maaf untuk ketidaknyamanannya ya, silakan coba cara berikut ya Kak:
1. Clear cache aplikasi
2. Force close aplikasi
lalu coba login kembali, apabila masih mengalami kendala, silakan hubungi kami melalui DM Instagram @Telkomsel atau chat di tsel.id/chatva. Semoga membantu. :) -Edo",2025-04-08 08:37:32,8.6.2
7c87edf7-e4ff-4565-8541-5fc6c991e075,Adrizal Rizal,https://play-lh.googleusercontent.com/a-/ALV-UjXyIpJZyepB2t6PcDhJ3EjOgdEFUNI2-IkwynykY4e66SbKkB06,ok,5,0,8.6.2,2025-04-08 07:52:00,"Hai Kak Adrizal, terima kasih tetap setia menggunakan layanan Telkomsel. Apresiasi dari Kakak sangat berarti bagi kami dalam meningkatkan layanan dan performa MyTelkomsel. Have a great day :) -Edo",2025-04-08 09:56:04,8.6.2
48dc7d94-15c5-4d58-826a-a386d5bdc943,Encuk Ria,https://play-lh.googleusercontent.com/a/ACg8ocLDWAjzZQUvaGudpy87vyCXqBaBjE7t4Zb_blPTz_8H42-h4Q=mo,lemot padahal kalo buka aplikasi lain lancar. jaringan di bekasi udh 4g tapi serasa pake 2g,1,0,8.6.2,2025-04-08 07:49:23,"Hai Kak Encuk, Mohon maaf untuk ketidaknyamanannya ya, silakan coba cara berikut ya Kak:
1. Clear cache aplikasi
2. Force close aplikasi
lalu coba login kembali, apabila masih mengalami kendala, silakan hubungi kami melalui DM Instagram @Telkomsel atau chat di tsel.id/chatva. Semoga membantu. :) -Edo",2025-04-08 08:38:20,8.6.2
14c803bc-f4bd-44c5-a88c-34ee0b8bc59a,anonime 01,https://play-lh.googleusercontent.com/a-/ALV-UjVyplt6XzUu3dsycmdlMffJPYWq7Xg8VeA9p971bwKqXFyfLgJ5,"kenapa daerah kab.tangerang jaringan telkomsel bapuk banget sih akhir"" bulan 3sampai skrng ?? klo gini aja auto pindah haluan",1,0,8.7.0,2025-04-08 07:49:21,"Hai Kak Anonime, Mohon maaf untuk ketidaknyamanannya, silakan coba restart handphone kakak. Apabila masih terdapat kendala silakan hubungi kami di DM Instagram @telkomsel atau chat di tsel.id/chatva. Semoga membantu. :) -Edo",2025-04-08 09:12:49,8.7.0
2bfb253e-485c-47a0-a5b2-2d6521c030be,nizam alhukama,https://play-lh.googleusercontent.com/a/ACg8ocJduF0nx6M6NKfwp9laXosP62BkHhloMGgad_o7ukMEKBunSZI=mo,"gila ngelag my Telkomsel gak selesai selesai, susah banget mau isi paket",1,0,8.7.0,2025-04-08 07:48:29,"Hai Kak Nizam, Mohon maaf untuk ketidaknyamanannya ya, silakan coba cara berikut ya Kak:
1. Clear cache aplikasi
2. Force close aplikasi
lalu coba login kembali, apabila masih mengalami kendala, silakan hubungi kami melalui DM Instagram @Telkomsel atau chat di tsel.id/chatva. Semoga membantu. :) -Edo",2025-04-08 08:01:34,8.7.0
77801878-b2cf-45ad-94c7-4360e92d8c65,Trio Sihon Luter,https://play-lh.googleusercontent.com/a-/ALV-UjVfOCpJXm7UhEd22yi-NNZRYuds2XntIcJAisWGppWQZdRuj3Gg,wget nya jelek g sinkron,1,0,8.6.2,2025-04-08 07:40:43,"Hai Kak Trio, Mohon maaf untuk ketidaknyamanannya ya, silakan coba cara berikut ya Kak:
1. Clear cache aplikasi
2. Force close aplikasi
lalu coba login kembali, apabila masih mengalami kendala, silakan hubungi kami melalui DM Instagram @Telkomsel atau chat di tsel.id/chatva. Semoga membantu. :) -Edo",2025-04-08 08:02:09,8.6.2
33f2a560-9c87-4e26-ac7a-06432fe07051,heru listianto,https://play-lh.googleusercontent.com/a-/ALV-UjXXwzD2VvCWeZ57hOmBIHKCZgcSu5GWdW2l7HcVjmXLWli08J33,"aplikasinya berat dan ribet, bikin emosi makenya. apa lagi pemakai kartu halo mau download billing nya muter2 ga jelas dan kebanyakan gagalnya. please deh reverensi aplikasi sejenis banyak contoh lah mereka.",1,0,8.6.2,2025-04-08 07:37:29,"Hai Kak Heru, Mohon maaf untuk ketidaknyamanannya ya, silakan coba cara berikut ya Kak:
1. Clear cache aplikasi
2. Force close aplikasi
lalu coba login kembali, apabila masih mengalami kendala, silakan hubungi kami melalui DM Instagram @Telkomsel atau chat di tsel.id/chatva. Semoga membantu. :) -Edo",2025-04-08 08:02:54,8.6.2
a139f9d0-ff2e-4d33-880b-6574f0d40a03,burhan aja,https://play-lh.googleusercontent.com/a/ACg8ocJfxla1dpnbPWDqfWWFunyaMufK9JJfVm05wuw34Iqq1DoJAA=mo,"memberikan akses paket sepuasnya dgn harga 10.000 dlm 1 hari, ehh taunya ada batasan kuota jga,,, ingat bohong dosa lohh",2,0,,2025-04-08 07:27:34,,,
dd9c3d7a-d1c8-4655-b6f5-c5c2191a25be,Wanto Wantoo,https://play-lh.googleusercontent.com/a/ACg8ocJ4L5CNLfsbacyqtUxmqhxdv4pAqpGQNY1_GFnhspwL8QKbYA=mo,lemot..,2,0,8.6.2,2025-04-08 07:21:23,"Hai Kak Wanto, Mohon maaf untuk ketidaknyamanannya, silakan coba restart handphone kakak. Apabila masih terdapat kendala silakan hubungi kami di DM Instagram @telkomsel atau chat di tsel.id/chatva. Semoga membantu. :) -Edo",2025-04-08 09:20:26,8.6.2
478e758a-929b-4b9c-b0bb-db05f3077b41,Hari Muryanto,https://play-lh.googleusercontent.com/a/ACg8ocJbrZzJELNDe23jovGErhKLwvAyidErH5j0dTf9WJ2q3BpNPw=mo,ok,5,0,8.6.2,2025-04-08 07:20:04,"Hai Kak Hari, terima kasih tetap setia menggunakan layanan Telkomsel. Apresiasi dari Kakak sangat berarti bagi kami dalam meningkatkan layanan dan performa MyTelkomsel. Have a great day :) -Edo",2025-04-08 09:56:31,8.6.2
7fc4730c-723c-4e0e-91b6-5d707c333430,HARYADI ADI,https://play-lh.googleusercontent.com/a/ACg8ocIQGfpYaO33PxyF9m6cTeMYWH8ukOBLf3rGAeptxeC8BHpMbQ=mo,"udh 3 kali daftar indihome slot selalu penuh, padahal udh lebih dari 1 tahun..",1,0,,2025-04-08 07:17:07,,,
41eb5d9c-c25c-4f6f-88bd-8a5f50470e36,Benyamin,https://play-lh.googleusercontent.com/a/ACg8ocKXD-FBYSSPxkn_rI9LtGFAEiD43aamc2czh4YW4F4pZUCzCw=mo,oo ku,4,0,8.6.2,2025-04-08 07:16:17,"Hai Kak Benyamin, terima kasih. Tetap pakai aplikasi MyTelkomsel ya 😊 -Sekar",2025-04-09 06:32:11,8.6.2
90505c10-7407-4c6e-ab15-a46faa5b6baa,Citra Ayumi,https://play-lh.googleusercontent.com/a-/ALV-UjWCylDjHZkylNikUoeVfsX9KyQKDkqVcH_LAL0-RKXSrcQY3oI,"Sudah dua minggu jaringan Telkomsel di wilayah saya sangat buruk. Saya sudah melaporkan keluhan, namun hingga kini tidak ada tindak lanjut sama sekali. Parahnya lagi, kecepatan jaringan jauh di bawah operator lain. Ini sangat mengecewakan, apalagi Telkomsel dikenal sebagai operator terbesar di Indonesia. Seharusnya kualitas jaringannya mencerminkan reputasinya, bukan justru membuat pelanggan kecewa seperti ini.",4,1,8.6.2,2025-04-08 07:08:42,"Hai Kak Citra. Mohon maaf untuk ketidaknyamanannya, silakan coba restart handphone Kakak. Apabila masih terdapat kendala silakan hubungi kami di DM Instagram @telkomsel atau chat di tsel.id/chatva. Semoga membantu. :) -Sekar",2025-04-05 10:52:05,8.6.2
10ef75e2-925a-436e-9e08-060fe0876426,Ihsan Senyeh,https://play-lh.googleusercontent.com/a-/ALV-UjVYiePni140geOj9oEJsZloBjljFww3dxuIBD-Cx3oL82EqKQc,mantap,5,0,8.6.2,2025-04-08 07:07:17,"Hai Kak Ihsan, terima kasih tetap setia menggunakan layanan Telkomsel. Apresiasi dari Kakak sangat berarti bagi kami dalam meningkatkan layanan dan performa MyTelkomsel. Have a great day :) -Edo",2025-04-08 09:58:39,8.6.2
dc036c94-1331-44a6-90fa-03600ce0e4b1,Dudy Chaniago,https://play-lh.googleusercontent.com/a-/ALV-UjVRAIYzyXj4ldjNfQxhDyishvrIu07b6cciHbbgADjfQm9ZgGw,"aplikasinya sangat membantu, mempermudah pengguna telkomsel",5,0,8.6.2,2025-04-08 07:05:06,"Hai Kak Dudy, terima kasih tetap setia menggunakan layanan Telkomsel. Apresiasi dari Kakak sangat berarti bagi kami dalam meningkatkan layanan dan performa MyTelkomsel. Have a great day :) -Edo",2025-04-08 10:17:08,8.6.2
a3a70bc0-2310-41d2-8b03-27f5549c9b4f,Imarotud Diana,https://play-lh.googleusercontent.com/a-/ALV-UjU8PbhYwGsaab-VU3HCWP88Ou6uEyLiaPAyc50iw16nmERQVMQa,aplikasine berat ya.. mau cek kuota lama banget loadinge,3,0,8.6.2,2025-04-08 07:04:53,"Hai Kak Imarotud, Mohon maaf untuk ketidaknyamanannya ya, silakan coba cara berikut ya Kak:
1. Clear cache aplikasi
2. Force close aplikasi
lalu coba login kembali, apabila masih mengalami kendala, silakan hubungi kami melalui DM Instagram @Telkomsel atau chat di tsel.id/chatva. Semoga membantu. :) -Edo",2025-04-08 09:40:52,8.6.2
c93cebd9-29c7-4904-94e5-dc0dba437e04,Utieh Afnil,https://play-lh.googleusercontent.com/a-/ALV-UjU4ixuSMGjyLlaAEdcwcnBgyGuD9IEOdDFTn1Hh5_eBHXtfqSc,"aplikasinya mantap, sangat membantu",5,0,8.6.2,2025-04-08 07:03:16,"Hai Kak Utieh, terima kasih tetap setia menggunakan layanan Telkomsel. Apresiasi dari Kakak sangat berarti bagi kami dalam meningkatkan layanan dan performa MyTelkomsel. Have a great day :) -Edo",2025-04-08 10:17:48,8.6.2
83efd3e2-530b-4a28-9388-cc93f129c785,Ahmad Fahtir,https://play-lh.googleusercontent.com/a-/ALV-UjWOo-7tQJASTcBnB7tKXogVsEhXW8clvv1qC3MPKcEnbsTPhyU,paling jawaban nya hai kak mohon maaf.. dri thn 2010 ampek 2025 mohon maaf trus... ga ada perbaikan. bintang 1 aja lah,1,0,8.6.2,2025-04-08 07:01:49,"Hai Kak Ahmad, Mohon maaf untuk ketidaknyamanannya, karena kami memerlukan informasi lebih lanjut untuk membantu kakak, silakan hubungi kami di DM Instagram @telkomsel atau chat di tsel.id/chatva. Semoga membantu. :) -Edo",2025-04-08 07:16:36,8.6.2
9526be78-b116-4639-bce1-1e93d316836b,Nugroho Ari,https://play-lh.googleusercontent.com/a-/ALV-UjXCve6_R3nKaFEIVm-voNYDcCiUVvzv0HaGvtcLyYnNYVID6eM,lha kok gak bisa di buka loading Mulu gak update..????,1,0,8.6.2,2025-04-08 07:00:30,"Hai Kak Nugroho, Mohon maaf untuk ketidaknyamanannya ya, silakan coba cara berikut ya Kak:
1. Clear cache aplikasi
2. Force close aplikasi
lalu coba login kembali, apabila masih mengalami kendala, silakan hubungi kami melalui DM Instagram @Telkomsel atau chat di tsel.id/chatva. Semoga membantu. :) -Edo",2025-04-08 07:17:23,8.6.2
3f90f58b-8459-45b6-9a2a-183b5710af1a,Neni Fitriani,https://play-lh.googleusercontent.com/a/ACg8ocL3uZ95l0bIhYBJDzcdzE1kRHEdR_dAdFZjsAZdw7mBEsE0SQ=mo,Pelayanan nya selalu terbaik,5,0,,2025-04-08 06:58:31,"Hai Kak Neni, terima kasih tetap setia menggunakan layanan Telkomsel. Apresiasi dari Kakak sangat berarti bagi kami dalam meningkatkan layanan dan performa MyTelkomsel. Have a great day :) -Edo",2025-04-08 10:18:18,
b818c5c9-6ae9-41a0-a5a6-e5f6757b2dc7,Bob_ Mz,https://play-lh.googleusercontent.com/a-/ALV-UjXxBhQ7-WdAD03GX6eBPNms9rdJ9Drq776xkkbiQZVpT9S5LFg_,lemot banget tiap mau beli paket hadehh padahal pake wifi,1,0,8.6.2,2025-04-08 06:57:43,"Hai Kak Bob, Mohon maaf untuk ketidaknyamanannya ya, silakan coba cara berikut ya Kak:
1. Clear cache aplikasi
2. Force close aplikasi
lalu coba login kembali, apabila masih mengalami kendala, silakan hubungi kami melalui DM Instagram @Telkomsel atau chat di tsel.id/chatva. Semoga membantu. :) -Edo",2025-04-08 07:17:58,8.6.2
b24e295d-c86d-4f6b-9c93-e63659e6a7f9,Merry Hendriani,https://play-lh.googleusercontent.com/a/ACg8ocKu3XmJOCCIvM5UU8JB0bMnUcIax-XXoIjMIN7K3Vg3x-yGHQ=mo,"keren,tapi ga ada kuota unlimited untuk selamanya xixixixi",5,0,8.6.1,2025-04-08 06:52:52,"Hai Kak Merry, terima kasih tetap setia menggunakan layanan Telkomsel. Apresiasi dari Kakak sangat berarti bagi kami dalam meningkatkan layanan dan performa MyTelkomsel. Have a great day :) -Edo",2025-04-08 10:18:47,8.6.1
8a5f8074-85c5-45d7-b7a6-8fafdef667ef,Handoyo dwi raharjo,https://play-lh.googleusercontent.com/a-/ALV-UjVr7xE8zaN-VDnxiiKY6Ov8fXUTFrcXs1hig1SLhWMuaHU4Kaht,Loading aplikasi berat.. kebanyakan promosi,1,0,5.1.1,2025-04-08 06:49:40,"Hai Kak Handoyo, Mohon maaf untuk ketidaknyamanannya ya, silakan coba cara berikut ya Kak:
1. Clear cache aplikasi
2. Force close aplikasi
lalu coba login kembali, apabila masih mengalami kendala, silakan hubungi kami melalui DM Instagram @Telkomsel atau chat di tsel.id/chatva. Semoga membantu. :) -Edo",2025-04-08 07:18:41,5.1.1
c95638cc-07a9-474b-b58b-f90fa3890d13,Vikri Maulana,https://play-lh.googleusercontent.com/a/ACg8ocJBtBxaNxfZbA88URCGN5HF6zY9hJPzfamfd2EMn1L7oz0miw=mo,sinyal busuk,1,0,8.6.2,2025-04-08 06:43:36,"Hai Kak Vikri, Mohon maaf untuk ketidaknyamanannya, silakan coba restart handphone kakak. Apabila masih terdapat kendala silakan hubungi kami di DM Instagram @telkomsel atau chat di tsel.id/chatva. Semoga membantu. :) -Edo",2025-04-08 07:21:17,8.6.2
398b1e6d-830d-4c45-8f4b-6f8f7d90adde,rahmat hidayatullah,https://play-lh.googleusercontent.com/a-/ALV-UjU_8MyTQ6IhOwwO02HiPX5eNT5aTEPahSTmQWjJk83b6v2qgJg,Aplikasi terberat di dunia....,1,0,8.7.0,2025-04-08 06:34:44,"Hai Kak Rahmat, Mohon maaf untuk ketidaknyamanannya ya, apabila aplikasi MyTelkomsel terlalu berat di handphone kakak, silakan coba unduh MyTelkomsel Basic. Aplikasi ini sudah tersedia di PlayStore. Apabila masih mengalami kendala, silakan hubungi kami melalui DM Instagram @Telkomsel atau chat di tsel.id/chatva. Semoga membantu. :) -Edo",2025-04-08 07:22:26,8.7.0
7c509b4c-87e9-4091-bd39-c4d25df6e709,Terjejunior 21,https://play-lh.googleusercontent.com/a/ACg8ocIswz0xqHzOo1FP7FDOdP3K9Cg4laaTetn3U1Gg6cw1a2pUNw=mo,makin hari makin lemot dan berat,1,0,,2025-04-08 06:27:08,"Hai Kak, Mohon maaf untuk ketidaknyamanannya ya, silakan coba cara berikut ya Kak:
1. Clear cache aplikasi
2. Force close aplikasi
lalu coba login kembali, apabila masih mengalami kendala, silakan hubungi kami melalui DM Instagram @Telkomsel atau chat di tsel.id/chatva. Semoga membantu. :) -Edo",2025-04-08 07:24:07,
937eaaa0-26a6-463a-8c50-f04ab01e2159,Rifki Firmansyah,https://play-lh.googleusercontent.com/a/ACg8ocIYhQhKFCHBoZCZ9e8hMPrwb7BOG134OE_nLhMJIfQc16-Rqg=mo,jaringannya full tapi internet nya lemot,2,0,8.6.2,2025-04-08 06:26:43,"Hai Kak Rifki, Mohon maaf untuk ketidaknyamanannya, silakan coba restart handphone kakak. Apabila masih terdapat kendala silakan hubungi kami di DM Instagram @telkomsel atau chat di tsel.id/chatva. Semoga membantu. :) -Edo",2025-04-08 09:19:58,8.6.2
020ea84e-7c8c-4e3a-96f2-af06f5398afa,KMN•ABANG,https://play-lh.googleusercontent.com/a-/ALV-UjUB9sqTwrkbmLKLcCi7Kqi7lF8oBQDjdLXcB1vlbIrArI-AexH1,"padahal batangan jaringannya full semua. tapi tetap gk bisa buka Youtube atau sosmed yg lainnya, jaringannya aja yg full 4G tapi gk bisa digunain. serasa 2G njirrr",2,0,,2025-04-08 06:23:27,"Hai Kak, Mohon maaf untuk ketidaknyamanannya, silakan coba restart handphone kakak. Apabila masih terdapat kendala silakan hubungi kami di DM Instagram @telkomsel atau chat di tsel.id/chatva. Semoga membantu. :) -Edo",2025-04-08 09:19:12,
33cfa817-9052-43d1-a66d-df1582455dcf,Nal Sky,https://play-lh.googleusercontent.com/a-/ALV-UjU2dQAjahwJfMuL-LpFVFQrzO5ECACv6D69H-s_B1yZ3k6UVnY,Jaringan taikk,1,0,8.7.0,2025-04-08 06:23:23,"Hai Kak Nal, Mohon maaf untuk ketidaknyamanannya, silakan coba restart handphone kakak. Apabila masih terdapat kendala silakan hubungi kami di DM Instagram @telkomsel atau chat di tsel.id/chatva. Semoga membantu. :) -Edo",2025-04-08 08:04:04,8.7.0
6251a84e-19a5-43ab-911b-db7c08e22cd7,Junian Gilang,https://play-lh.googleusercontent.com/a-/ALV-UjWErRLQNecuOpFfGN6tLd8qRxVbskvtuP6nncOHezNYNnLAUDed,"aplikasi aneh,cuman buat ngerefresh aplikasinya aja makan pulsa 1,8k sama 23,1 mb",1,0,,2025-04-08 06:22:27,"Hai Kak Junian. Mohon maaf untuk ketidaknyamanannya ya, silakan coba cara berikut ya Kak:
1. Clear cache aplikasi
2. Force close aplikasi
lalu coba login kembali, apabila aplikasi MyTelkomsel masih mengalami kendala gak bisa dibuka, silakan hubungi kami melalui DM Instagram @Telkomsel atau hubungi kami di tsel.id/chatva. Semoga membantu. :) -Ken",2024-12-30 12:45:10,
bca303ff-781c-4ca8-b295-a3a725964d20,ABIL BAIM,https://play-lh.googleusercontent.com/a-/ALV-UjUx48zceW7E4myS2dhaihQQWqWKiiW6w-Z_lmyRRx6V1GnBy_-o,jaringan ke t@i 4G tetep aja jaringan capek benerin jaringan setiap saat,1,0,8.6.2,2025-04-08 06:22:11,"Hai Kak Abil, Mohon maaf untuk ketidaknyamanannya, silakan coba restart handphone kakak. Apabila masih terdapat kendala silakan hubungi kami di DM Instagram @telkomsel atau chat di tsel.id/chatva. Semoga membantu. :) -Edo",2025-04-08 08:07:03,8.6.2
a245475e-2a3a-4071-8b2a-c97934b969f9,Muhammad Dahlan Fauzi,https://play-lh.googleusercontent.com/a-/ALV-UjXhNH-ncqXnJzW9tXvTXxTHKgEVoJsamjw6dDLLLaefzGwChQ2n,sinyal jelek harga mahal ga guna kalo ga kartu ini ga ga buat data urusan saya ga akan saya pake kartu ini . uda mahal sinyal jelek . berbenah la jgn cuman ambil untung gedek tpi sinyal ga d perbaiki,1,0,6.16.1,2025-04-08 06:20:20,"Hai Kak Dahlan, silakan akses aplikasi MyTelkomsel untuk mendapatkan lebih banyak pilihan dan penawaran paket datanya ya, untuk kendala sinyal silakan coba restart handphone kakak. Apabila masih terdapat kendala silakan hubungi kami di DM Instagram @telkomsel atau chat di tsel.id/chatva. Semoga membantu. :) -Edo",2025-04-08 08:07:50,6.16.1
2edef5e8-53eb-4645-b5b1-96c7b66b0262,Fahri Ahrori,https://play-lh.googleusercontent.com/a-/ALV-UjU42nWNHxhz7ghCT3YshZBS9eXT34V-pqx28LvtPK5J5UgLQ9-Q,ini sangat bagus mudah untuk membeli paket atau ngelihat kouta kita,5,0,,2025-04-08 06:20:09,"Hai Kak Fahri, terima kasih tetap setia menggunakan layanan Telkomsel. Apresiasi dari Kakak sangat berarti bagi kami dalam meningkatkan layanan dan performa MyTelkomsel. Have a great day :) -Edo",2025-04-08 10:19:35,
642c24da-5ec3-4926-adba-fe3db1e88114,Adi Susilo,https://play-lh.googleusercontent.com/a-/ALV-UjXB32fu_Ot4dfzqQVrbSJdPRt0lqgaQBFVqkity_ACaGUeMVeu4,#Luarbiasa Paket internet Telkomsel bisa dibeli dalam beberapa klik aja di MyTelkomel,5,0,8.7.0,2025-04-08 06:18:30,,,8.7.0
43f7634b-b786-45a3-93e2-1824b941440c,Bagas Peoy,https://play-lh.googleusercontent.com/a/ACg8ocK354q9CS9E6iOvp8hjXvWqjL6G0urhWqNh9EtXR1zZhMmAmg=mo,"ini gmna ya kartu gw di suruh registrasi ulang,,tp giliran di registrasi ulang ga ada proses kelanjutan nya ga ada konfirmasi selanjurnya",1,0,,2025-04-08 06:12:13,,,
76fd7c74-c6ed-4a21-b480-294a4473f80b,Helida Helida,https://play-lh.googleusercontent.com/a/ACg8ocLc7GPdVCBrUnmWGIvEhjAS3aW_MlsNCoo1odHXZuDoBJEsRQ=mo,#Luàrbiasa paket internet Telkomsel bisa dibeli dalam beberapa klik aja di MyTelkomsel,5,0,8.6.2,2025-04-08 05:58:18,,,8.6.2
d927ebb3-8c60-4355-9a61-8785c5dcedec,Dandi Fahru,https://play-lh.googleusercontent.com/a-/ALV-UjUJlqIcIdVHtgV8VAuvcBHaWZOjK9rvGsFGzr0cKBr3H3kyKYU,ngeleg ngeleg ini ngeleg ngeleg,1,0,8.6.2,2025-04-08 05:58:11,"Hai Kak Dandi, Mohon maaf untuk ketidaknyamanannya ya, silakan coba cara berikut ya Kak:
1. Clear cache aplikasi
2. Force close aplikasi
lalu coba login kembali, apabila masih mengalami kendala, silakan hubungi kami melalui DM Instagram @Telkomsel atau chat di tsel.id/chatva. Semoga membantu. :) -Edo",2025-04-08 08:08:29,8.6.2
45938eca-1d0e-499d-93cf-d24b106e715d,Edi Legowo,https://play-lh.googleusercontent.com/a-/ALV-UjUwesplLa_T-W4rfCrAysO_PbyK-7i4twObHPiBaY8bAWL2Oa_N,jaringan bagus buat beli paket susah good network for buying packages is difficult,1,0,8.7.0,2025-04-08 05:55:16,"Hai Kak Edi, Mohon maaf untuk ketidaknyamanannya ya, silakan coba cara berikut ya Kak:
1. Clear cache aplikasi
2. Force close aplikasi
lalu coba login kembali, apabila masih mengalami kendala, silakan hubungi kami melalui DM Instagram @Telkomsel atau chat di tsel.id/chatva. Semoga membantu. :) -Edo",2025-04-08 07:24:44,8.7.0
48ad69d8-470a-4fea-b20f-d6a8a2e1205f,ono taryono,https://play-lh.googleusercontent.com/a-/ALV-UjVy4KHHZ0wUbAXQQCR_irE_HoB1VH8Qu7y3VY_OCN8fqqQLJ1w,sinyal bagus,5,0,,2025-04-08 05:49:29,,,
0c7144ef-f9fe-4bf2-b4bf-74a5f3584d56,Qool Lee,https://play-lh.googleusercontent.com/a/ACg8ocID588WqNopmkFKFTcbSriNLuiK3mc2-DI5Ep2UZVV4FjHlWQ=mo,lalod nya minta ampun,1,0,5.12.0,2025-04-08 05:49:09,"Hai Kak Lee, Mohon maaf untuk ketidaknyamanannya ya, silakan coba cara berikut ya Kak:
1. Clear cache aplikasi
2. Force close aplikasi
lalu coba login kembali, apabila masih mengalami kendala, silakan hubungi kami melalui DM Instagram @Telkomsel atau chat di tsel.id/chatva. Semoga membantu. :) -Edo",2025-04-08 07:25:27,5.12.0
bf5532f0-0d4b-453e-b61d-e9dc5cb30302,Alfiyan Ahyar,https://play-lh.googleusercontent.com/a-/ALV-UjU5_epM8pG801ePC-Q82mQH57M4V7xReTonvrTdpDRdQSl8N_g,"Aplikasinya dengan cepat menjadi salah satu aplikasi favorit saya, berkat desainnya yang ramping dan fitur-fiturnya yang canggih. Fleksibilitas aplikasi ini memungkinkan saya untuk tetap terorganisasi, mendapatkan informasi, dan terhubung, semuanya dari kenyamanan perangkat seluler saya",5,0,8.6.2,2025-04-08 05:45:50,,,8.6.2
0fff3877-7680-40a4-a6b5-1a7d2542060e,Ardhi Ansyah,https://play-lh.googleusercontent.com/a/ACg8ocLZNQwmQq8ZdSeGeg2dr77peZqmz-zMvhHfDq68aldr-EPL6Lw=mo,"ini kok aplikasinya muter trs sih, padahal sinyal bagus, semenjak update malah susah masuk ke aplikasi",5,0,8.6.2,2025-04-08 05:42:20,,,8.6.2
c6d60f2f-d6fd-47cc-bde8-c46e85b409ea,Slamet Slamet,https://play-lh.googleusercontent.com/a/ACg8ocKUwixCyEYAeXc70mgPD0UC6mIbvuj6piOoFqF-Tmc_kLO5HQ=mo,Telkomsel mantap #paten,5,0,,2025-04-08 05:42:06,"Hai Kak Slamet, terima kasih tetap setia menggunakan layanan Telkomsel. Apresiasi dari Kakak sangat berarti bagi kami dalam meningkatkan layanan dan performa MyTelkomsel. Have a great day :) -Edo",2025-04-08 10:21:37,
566acc90-f2c8-4c52-a9de-92d087e32449,Muhammad Yusuf,https://play-lh.googleusercontent.com/a-/ALV-UjVivNHAWy2_d8SySANml8Pu-a3S_0jeSfeXjOve916O7E8ZcJk,"aplikasi nya berat banget, baru masuk ngerender menu nya lama banget, terus kadang tiba-tiba for close, ngapain sihh menu diaplikasi ini banyak banget di bikin simple aja kan bisa, tohh orang pake aplikasi ini palingan ngecek pulsa/saldo, beli paket internet, langganan video.",1,1,8.6.2,2025-04-08 05:41:13,"Hai Kak Yusuf, Mohon maaf untuk ketidaknyamanannya ya, silakan coba cara berikut ya Kak:
1. Clear cache aplikasi
2. Force close aplikasi
lalu coba login kembali, apabila masih mengalami kendala, silakan hubungi kami melalui DM Instagram @Telkomsel atau chat di tsel.id/chatva. Semoga membantu. :) -Edo",2025-04-08 08:22:11,8.6.2
49e9660f-d8e9-4f27-adb7-26822e2edc03,Risna Nur Hidayat_,https://play-lh.googleusercontent.com/a-/ALV-UjWxbLCRHLfITt8NE7OznqqEgU6-_rkbyyBpada4f0e8A5JHGJx5,Plisss lahhh..benerin nih aplikasi yakali setiap mau beli paket data nunggu sejam dulu..Update doang kenceng giliran apk nya bug slow💤,1,0,8.6.2,2025-04-08 05:39:55,"Hai Kak Risna, Mohon maaf untuk ketidaknyamanannya ya, silakan coba cara berikut ya Kak:
1. Clear cache aplikasi
2. Force close aplikasi
lalu coba login kembali, apabila masih mengalami kendala, silakan hubungi kami melalui DM Instagram @Telkomsel atau chat di tsel.id/chatva. Semoga membantu. :) -Edo",2025-04-08 08:28:20,8.6.2
b11b78f8-be74-4e04-b41e-b5eaddf1827a,fery prayoga,https://play-lh.googleusercontent.com/a-/ALV-UjX7t9StGsZSkczoBVPhmhEiJmcUce8GUoVwYpsOLDmxFCUplhw,"Update trus.... masuk ngelag, uda bayar mahal, tpi gk ada peningkatan",1,0,8.6.2,2025-04-08 05:38:40,"Hai, Kak Fery. Mohon maaf ya jadi ga nyaman karena kendala aplikasi MyTelkomsel terus minta update. Agar mimin bisa bantu Kakak lebih optimal, yuk hubungi mimin melalui akun Twitter @Telkomsel , Instagram @telkomsel , atau email cs@telkomsel.com. Mimin tunggu ya Kak . Makasih :) -Dan",2023-07-06 07:33:49,8.6.2
ddc82ac1-7aea-47b3-9843-1d6cde2235b4,menyott chillik,https://play-lh.googleusercontent.com/a-/ALV-UjVDC0QV2eIn1uBYYD8jooFZRUbDSpHvdmcnu1xza9VYErJK48u0oQ,"mantap sekali,,semuanya mudah",1,0,8.6.2,2025-04-08 05:36:38,"Hai Kak, terima kasih tetap setia menggunakan layanan Telkomsel. Apresiasi dari Kakak sangat berarti bagi kami dalam meningkatkan layanan dan performa MyTelkomsel. Have a great day :) -Edo",2025-04-08 08:33:34,8.6.2
95ae7900-c2fd-4fda-ae1c-6081f4407ac9,Dolly,https://play-lh.googleusercontent.com/a/ACg8ocJp6jXJ-t9eDCKHoMsRpf26tBHNtIgSEtUSt_lM7doP6JGbTQ=mo,wifi Indihome drmh kami tidak bisa terkoneksi dari semlam sampai siang hari ini..tepatnya di talang anding Rabani kab PALI kec talang ubi.dri semalam smpe skrg tidak ada tindak lanjut/perbaikan.. sangat sangat merugikan kami sebagai konsumen.. sungguh buruk sekali pelayan /responnya🤣🤣,1,0,8.7.0,2025-04-08 05:16:42,,,8.7.0
2907e94a-5fb6-4945-9268-532179e110aa,Kipan Gardiawan,https://play-lh.googleusercontent.com/a/ACg8ocK1PV9vN_bP_AXloUAu3UKsOKM9alb91CeM75kIgRqU6ipwPA=mo,sinyal buruk,1,0,,2025-04-08 05:11:58,"Hai Kak Kipan. Mohon maaf untuk ketidaknyamanannya, silakan coba restart handphone Kakak. Apabila masih terdapat kendala silakan hubungi kami di DM Instagram @telkomsel atau hubungi kami di tsel.id/chatva. Semoga membantu. :) -Alma",2025-04-08 05:53:05,
302bc654-f4f3-4275-bd65-5d563b1554c7,Deangfebria Wulandari,https://play-lh.googleusercontent.com/a/ACg8ocJy1FZuLsm359tV1vGYGLfIJKVTjtKoykmx1h3UY9sQ-laoAQ=mo,telkomsel emang #mantul,5,0,8.6.2,2025-04-08 05:02:26,,,8.6.2
e713aa46-35a6-4805-9a9f-f5cc7aeefd37,Guardian Ulangtahun,https://play-lh.googleusercontent.com/a/ACg8ocJlTL3djozJE5ttdK0_WfUXrtxvDNaeKQ5V_aAdDVlwnClRoA=mo,sinyal lu benerin paket mahal sinyal ampas,1,0,8.6.2,2025-04-08 04:56:17,"Hai Kak. Mohon maaf untuk ketidaknyamanannya, silakan coba restart handphone Kakak. Apabila masih terdapat kendala silakan hubungi kami di DM Instagram @telkomsel atau hubungi kami di tsel.id/chatva. Semoga membantu. :) -Alma",2025-04-08 05:53:57,8.6.2
27f13a6f-705f-4261-842f-8792e0e9cbda,Donkiss Gamers,https://play-lh.googleusercontent.com/a-/ALV-UjUz5B87VQC4MiS47J1npmr3srigT8UNM-2ubPwDfJIEY38_tLMU,"Telkomsel Sinyal nya menguji kesabaran, suka ilang ilang sendiri,buat game ngeleg banget,gini amat pake Telkomsel sekarang, menjengkelkan",1,0,8.6.2,2025-04-08 04:54:56,"Hai, Kak. Maaf banget ya jadi gak nyaman, jika ada keluhan pada produk dan layanan Telkomsel, yuk segera hubungi Mimin melalui fitur bantuan di DM Instagram @Telkomsel atau kirim email ke cs@telkomsel.com untuk dibantu lebih lanjut. Makasih :) -Edo",2024-06-09 13:51:19,8.6.2
9e065546-6836-47f2-b5cd-dd0d8566580a,khomsatun khasanah,https://play-lh.googleusercontent.com/a/ACg8ocJUywSDebYonncP7SPNtQ54cnn206cKh3RaXqrQljbLlz2xCw=mo,"sebenernya bagus cuma punyaku tiba tiba keluar akun sendiri, pas mau masuk lagi malah ga bisa gimana sih",2,0,8.6.2,2025-04-08 04:47:23,"Hai Kak Khomsatun. Mohon maaf untuk ketidaknyamanannya, silakan coba login kembali setelah beberapa saat. Apabila tetap mengalami kesulitan login, silakan hubungi kami melalui DM Instagram @telkomsel atau hubungi kami di tsel.id/chatva.Semoga membantu. -Alma",2025-04-08 04:58:50,8.6.2
a52366e1-7ebd-41f5-8a3e-20b02bbbd180,Iwan S,https://play-lh.googleusercontent.com/a-/ALV-UjVc_0KPtwSq-ZWdsSzs7tte6o-BWP4ogKFeWI1fsa9W1xP9Ykkt,"sangat buruk, kuota saya masih banyak tetapi tidak bisa digunakan. sangat merugikan",1,0,8.6.2,2025-04-08 04:39:34,"Hai Kak Iwan. Mohon maaf untuk ketidaknyamanannya, silakan coba restart handphone Kakak. Apabila masih terdapat kendala silakan hubungi kami di DM Instagram @telkomsel atau hubungi kami di tsel.id/chatva. Semoga membantu. :) -Alma",2025-04-08 05:54:23,8.6.2
8be5869a-3a7c-416f-a81f-7d4437ccf5d9,Iska Putri,https://play-lh.googleusercontent.com/a/ACg8ocJRwTgwGV-Sqcm8VB4OJIpHXuHrkbolf_V90OBzGVMOu7JtIA=mo,telkomsel selalu ada #Mantul,5,0,,2025-04-08 04:34:49,,,
c34551ac-c7de-46dd-b28e-a2acbd14f51b,Danank Total Metal,https://play-lh.googleusercontent.com/a-/ALV-UjXrMzGMareYgUjUk7WGXGDJa4SU3ndGlqCoDarHvZY04qYZ-tQ-,aplikasi lemot😌,2,0,,2025-04-08 04:32:47,"Hai Kak. Mohon maaf untuk ketidaknyamanannya ya, silakan coba cara berikut ya Kak:
1. Clear cache aplikasi
2. Force close aplikasi
lalu coba login kembali, apabila masih mengalami kendala, silakan hubungi kami melalui DM Instagram @Telkomsel atau hubungi kami di tsel.id/chatva. Semoga membantu. :) -Alma",2025-04-08 04:59:56,
275a3677-5b93-480b-859c-2cd92638bf47,Insan Bds,https://play-lh.googleusercontent.com/a/ACg8ocJw2VVCDMbbQOSad6vP06-rMbgNoJcXBzwH8WXZ_R7SadurPQ=mo,"sinyal telkomsel tmbah jlek, apalagi mau buka aplikasinya susah. saya saranin gausah mke telkomsel!",1,0,8.6.2,2025-04-08 04:32:34,"Hai Kak. Mohon maaf untuk ketidaknyamanannya, silakan coba restart handphone Kakak. Apabila masih terdapat kendala silakan hubungi kami di DM Instagram @telkomsel atau hubungi kami di tsel.id/chatva. Semoga membantu. :) -Alma",2025-04-08 05:26:36,8.6.2
968b7492-2b46-45f2-8075-059762c138c1,Rivaldo Eka,https://play-lh.googleusercontent.com/a-/ALV-UjWH8nzSPMP1bS2u5gMvnlf5-TTVEanynuy9EiVzNI0wlFbowrEc,Telkomsel bisa akses kapan pun #Mantul,5,0,8.7.0,2025-04-08 04:29:03,,,8.7.0
86c197d9-b9f5-4740-b95e-eea8015610b0,coffe latte,https://play-lh.googleusercontent.com/a/ACg8ocLGDRwqVtqP1xS5KJHZxuxQqRs1-1qyOwZbpRW9Q-LiFWSWjA=mo,#Mantul nya My Telkomsel bisa diakses kapan saja dimana saja,5,0,,2025-04-08 04:27:40,"Hai Kak, terima kasih tetap setia menggunakan layanan Telkomsel. Apresiasi dari Kakak sangat berarti bagi kami dalam meningkatkan layanan dan performa MyTelkomsel. Have a great day :) -Edo",2025-04-08 14:26:29,
e55c3e69-dc6f-471e-b2a0-a5f682d981de,Ahmat Ali Maksum,https://play-lh.googleusercontent.com/a/ACg8ocI0Do2BP1h1HDNDwCf6ODk2N1NjXHKAFgO-HHBWk5HmhBcz0Q=mo,baik aja,4,0,,2025-04-08 04:27:15,Hai Kak Ahmat Ali. terima kasih tetap setia menggunakan layanan Telkomsel. Apresiasi dari Kakak sangat berarti bagi kami dalam meningkatkan layanan dan performa MyTelkomsel. Have a great day :) -Alma,2025-04-08 05:05:23,
17940473-7bb8-4982-a8c2-43698985f34e,Feby Septiani,https://play-lh.googleusercontent.com/a-/ALV-UjV7eQiqGgQPc4E1m9h7n_f81Y6_3DwgG9ecbOgEzLQdm9w8oOk,telkomsel selalu di depan #Mantul,5,0,,2025-04-08 04:25:57,,,
17811c8a-47aa-4aed-970d-95f5fd764013,dhaffaadityaa,https://play-lh.googleusercontent.com/a-/ALV-UjV-nSNQqgLneVuXMlUNHnbpI5ViBxHaJQ2Y5LENtstx1sSNspkK,aplikasi benchmark berkomuflase aplikasi kouta,1,0,8.6.2,2025-04-08 04:22:40,"Hai Kak Dhaffa, Mohon maaf untuk ketidaknyamanannya ya, silakan coba cara berikut ya Kak:
1. Clear cache aplikasi
2. Force close aplikasi
lalu coba login kembali, apabila masih mengalami kendala, silakan hubungi kami melalui DM Instagram @Telkomsel atau chat di tsel.id/chatva. Semoga membantu. :) -Edo",2025-04-08 08:21:13,8.6.2
496e5eae-a175-4ddc-9239-e3e3879c1713,Acep Ridwan,https://play-lh.googleusercontent.com/a/ACg8ocKGHqjK7wxO7M_3KD-SZXFfTHEttRtj5ylRmrm893IU4wpI5Q=mo,ribet susah dibuka loading terus,1,1,,2025-04-08 04:20:03,"Hai Kak Acep. Mohon maaf untuk ketidaknyamanannya ya, silakan coba cara berikut ya Kak:
1. Clear cache aplikasi
2. Force close aplikasi
lalu coba login kembali, apabila masih mengalami kendala, silakan hubungi kami melalui DM Instagram @Telkomsel atau hubungi kami di tsel.id/chatva. Semoga membantu. :) -Alma",2025-04-08 05:27:13,
1a97ec4a-a5d1-427a-b741-0ad394913982,Ibrahim Firdaus,https://play-lh.googleusercontent.com/a/ACg8ocKaDG7ArxKecFOOa4J5wieHo0N1e014eg123T8fbVaQGe1lPA=mo,sangat bagus,4,0,8.6.2,2025-04-08 04:18:49,Hai Kak Ibrahim. terima kasih tetap setia menggunakan layanan Telkomsel. Apresiasi dari Kakak sangat berarti bagi kami dalam meningkatkan layanan dan performa MyTelkomsel. Have a great day :) -Alma,2025-04-08 05:05:50,8.6.2
77c3abab-ef04-458e-be29-4d65342426e1,mandon tube (mandon),https://play-lh.googleusercontent.com/a/ACg8ocL-YgElgIAVDxlU25ti-EGVy1cpetvPDtOVWoaYutAhxGs134o=mo,gimana sih aplikasi my Telkomsel makin parah aja di pencet pun gak bisa,1,0,8.6.2,2025-04-08 04:16:41,"Hai Kak. Mohon maaf untuk ketidaknyamanannya ya, silakan coba cara berikut ya Kak:
1. Clear cache aplikasi
2. Force close aplikasi
lalu coba login kembali, apabila masih mengalami kendala, silakan hubungi kami melalui DM Instagram @Telkomsel atau hubungi kami di tsel.id/chatva. Semoga membantu. :) -Alma",2025-04-08 05:27:56,8.6.2
2fa854b1-8013-4705-a612-51a9b18c8acd,Hisyam Batam,https://play-lh.googleusercontent.com/a-/ALV-UjWAZcUOipLPwi1o2vwsNkAbbf5hlK-QnEGSWwAetBKX8fIIkeQ,mantap,5,0,,2025-04-08 04:13:57,"Hai Kak Hisyam, terima kasih tetap setia menggunakan layanan Telkomsel. Apresiasi dari Kakak sangat berarti bagi kami dalam meningkatkan layanan dan performa MyTelkomsel. Have a great day :) -Alma",2025-04-08 06:05:36,
785c2923-4d31-4c7a-9c73-a3d0cb5ce2bc,Rudini Gunawan,https://play-lh.googleusercontent.com/a-/ALV-UjV7CPb--im5r-XCSpbejTD9tp6TXVXfEvFZDah3TEcQOxDWkfKg,"Percuma ngeluh disini, perusahaan BUMN nih Bos (kerja tidak kerja tetap sejahtera) di perusahaan lain kalo pelanggan ngeluh harus cepat di tangani khawatir pelangganya pada kabur. applikasi di update bukan makin bener, malah makin rusak, indihome - telkom di jadiin 1 applikasi jadi berat dan gagal masuk terus (muat ulang). lain kali kalo mau launching apapun buat trial and error nya dulu Bos, jangan kaya orang baru kerja kemarin. bodohnya!!!",2,0,8.7.0,2025-04-08 04:00:18,"Hai Kak Rudini, Mohon maaf untuk ketidaknyamanannya ya, silakan coba cara berikut ya Kak:
1. Clear cache aplikasi
2. Force close aplikasi
lalu coba login kembali, apabila masih mengalami kendala, silakan hubungi kami melalui DM Instagram @Telkomsel atau chat di tsel.id/chatva. Semoga membantu. :) -Edo",2025-04-08 09:16:51,8.7.0
7aba5ebd-7f7b-4666-8d65-906c4354f75d,M Nur Rifki Ilahi,https://play-lh.googleusercontent.com/a-/ALV-UjXMPWYqPAS2TQMt5pYgnACpuKun8K8mhjpQSmWrHSRTQ3k2rpw,"marketing nya blga sesuai yang tertera saat pengiklan Kouta paket super serunya dan membuat saya kecewa sebagai pelanggan Telkomsel lebih kurang 10 tahun,untuk kedepannya saya beralih menggunakan kartu prabayar selain Telkomsel.",1,0,8.6.2,2025-04-08 03:56:47,,,8.6.2
d71baf39-b743-40fb-9a5a-d7b594215246,Uceng Kuruseng,https://play-lh.googleusercontent.com/a-/ALV-UjVxaEaIr7s0-kN2Kkz5qqqz8RKwjelXFnBPbEyBVjDp4apu1B09,"emang benar tidak ribet tapi sangat membantu, tks mytelkomsel",5,0,8.7.0,2025-04-08 03:52:31,"Hai Kak, terima kasih tetap setia menggunakan layanan Telkomsel. Apresiasi dari Kakak sangat berarti bagi kami dalam meningkatkan layanan dan performa MyTelkomsel. Have a great day :) -Alma",2025-04-08 06:08:16,8.7.0
bdbafeb7-dae5-4519-927e-cbf3efc44f55,Abdurrozaq Fathoya,https://play-lh.googleusercontent.com/a-/ALV-UjXMKHn2LcAvvFIRKsuhdjoyHtBbjYXBJd_QqczwlrhZq7bUJuQi,"MAHAL KUOTANYA, MASIH NYEDOT PULSA,JARINGAN LAG",1,0,8.6.2,2025-04-08 03:52:18,"Maaf ya, Kak Abdurrozaq. Untuk keluhan jaringan, silakan hubungi salah satu channel layanan kami, bisa melalui e-mail: cs@telkomsel.co.id, Facebook: Telkomsel, Twitter: @Telkomsel, atau LINE: @Telkomsel. Makasih :) -Jeslyn",2020-10-28 02:31:16,8.6.2
f2353ba3-d12e-4c0f-aa78-7543adc2131c,Citra Handayani,https://play-lh.googleusercontent.com/a-/ALV-UjV12pij6wbaZsgq6x8HH7AnLPeruhGEcmwI_jecfG2Pf3zqu0W2,GAK JLS GABISA LOGIN,1,0,,2025-04-08 03:47:06,"Hai Kak Citra. Mohon maaf untuk ketidaknyamanannya ya, silakan coba cara berikut ya Kak:
1. Clear cache aplikasi
2. Force close aplikasi
lalu coba login kembali, apabila masih mengalami kendala, silakan hubungi kami melalui DM Instagram @Telkomsel atau hubungi kami di tsel.id/chatva. Semoga membantu. :) -Alma",2025-04-08 05:32:58,
7de8c5c6-6406-49f9-b60b-99ef3ed7089d,Nanda Prawinata,https://play-lh.googleusercontent.com/a-/ALV-UjUOHcqTKrOC576AHB3xoWlw9RiGyM0D4ozcs64UFYkt84pVys02,"Jaringan terlelet dan termahal seIndonesia,sama aja kayak yang sebelah walaupun pengguna(kartu lama) setidaknya upgrade dikit lh jaringan nya.sungguh kecewa kenapa bintang 5 sebab rating ny tinggi banyak yang baca",5,0,,2025-04-08 03:40:51,,,
dd7b0362-6bf6-468e-bca7-f1e81743c33e,Timi Barito,https://play-lh.googleusercontent.com/a/ACg8ocJRTk4a_Yly9UUAHVJt8rhYLDlQ6H9p_ycyduOE-UQnmDkNNw=mo,"appnya aneh sekalii bermasalah terus ga mau masuk halaman apk nya SDH BRP kali hapus dan download LG tetap aja ga mau"" tetap tulisannya sedang bermasalah aja pdahal jaringan aman"" aja pas di coba hp lain lancar"" tolong di perbaiki LG kualitasnya",1,0,8.6.2,2025-04-08 03:35:49,"Hai Kak Timi, Mohon maaf untuk ketidaknyamanannya ya, silakan coba cara berikut ya Kak:
1. Clear cache aplikasi
2. Force close aplikasi
lalu coba login kembali, apabila masih mengalami kendala, silakan hubungi kami melalui DM Instagram @Telkomsel atau chat di tsel.id/chatva. Semoga membantu. :) -Edo",2025-04-08 08:20:21,8.6.2
7630f4db-1d2c-4ca5-b820-248c7bda05e5,Yasman Lase,https://play-lh.googleusercontent.com/a/ACg8ocJd1-qodlL_ER-Wshc2SeDpJU7rW9GfvT7hlhdsGRHl_nxF0g=mo,"#Canggihnya apk my Telkomsel bikin beli paket cepat, praktis dan murah",5,0,8.6.2,2025-04-08 03:28:32,,,8.6.2
fb1953e6-104c-4183-a580-0f1776ce3032,Pengguna Google,https://play-lh.googleusercontent.com/EGemoI2NTXmTsBVtJqk8jxF9rh8ApRWfsIMQSt2uE4OcpQqbFu7f7NbTK05lx80nuSijCz7sc3a277R67g,Paketan mahal sinyal sering busuk...di komplain komputer yang balas... harusnya klo error minta maaf ke customer kita bayar malah kita yang cari cara supaya error teratasi...konyol... aplikasi maling pulsa...,1,0,8.6.2,2025-04-08 03:23:18,"Hai, Kak. Maaf banget ya jadi gak nyaman, terkait keluhan tarif paket layanan dan kualitas sinyal. Yuk segera hubungi Mimin melalui fitur bantuan di DM Instagram @Telkomsel atau kirim email ke cs@telkomsel.com untuk dibantu lebih lanjut. Mimin tunggu ya kak. Makasih :) -Edo",2023-10-11 11:54:18,8.6.2
9ffd0ee0-4f89-4bf2-bd99-96e10d991bcf,Abang Bintang,https://play-lh.googleusercontent.com/a/ACg8ocKqjrRnj6GHnCWeGxMmNsL2c-_omFQSFthVhf8GfIwWGZblFQ=mo,sangat membantu,5,0,8.7.0,2025-04-08 03:18:25,"Hai Kak, terima kasih tetap setia menggunakan layanan Telkomsel. Apresiasi dari Kakak sangat berarti bagi kami dalam meningkatkan layanan dan performa MyTelkomsel. Have a great day :) -Alma",2025-04-08 06:08:19,8.7.0
ebd2f5ec-b3e3-4486-903c-72bbcf3efd2a,Dandi Riswandi,https://play-lh.googleusercontent.com/a/ACg8ocIGmRVj2ETU9hMMO4leKih8zSeZcRqklU8bhgfAf0-6WjFMaA=mo,"agak lain ini aplikasi. mau ngirim paketan ke orang lain harus minta kode otp ke nomor yg dikirim, orang ngirim kan karna jaraknya jauh. emang",1,0,7.5.0,2025-04-08 03:12:41,,,7.5.0
9dbd6a1f-84ba-4e17-bcf3-f000f0818299,sulaeha 1,https://play-lh.googleusercontent.com/a-/ALV-UjXyZeI2crjS5bxfg-HGrYMRYkbefCosgtNrBKELdt_c3sChYrRu,sangat baik dan memuaskan,5,0,8.7.0,2025-04-08 03:09:24,"Hai Kak Sulaeha, terima kasih tetap setia menggunakan layanan Telkomsel. Apresiasi dari Kakak sangat berarti bagi kami dalam meningkatkan layanan dan performa MyTelkomsel. Have a great day :) -Edo",2025-04-08 14:27:23,8.7.0
03df1b33-935f-4f66-bf4a-d04379845d84,Basit Khamdani,https://play-lh.googleusercontent.com/a-/ALV-UjWA8H8u8SEgjvPAeESo2o2H_LHzKi6PAhWnkb9seOpCyTpsMddh,"Premium sekali aplikasinya, tolong aplikasinya lebih diringankan lagi untuk pengguna hp low entry, terlalu berat, contohnya kurangi animasi-animasi yg kurang berguna cuma memperlambat. trimakasih.",1,0,8.6.2,2025-04-08 03:09:09,,,8.6.2
e713bcba-6994-4ca9-b8fa-d4f69d88f636,Batursari YT,https://play-lh.googleusercontent.com/a-/ALV-UjVs4d57Eyaa6HA9xspevy2CbxU390RIwde4e9tFZgNGtY0EbAnd,"tolong dong aplikasinya lemot parah,gk kaya my im3 atau my xl lancar jaya",1,0,8.6.2,2025-04-08 03:01:52,"Hai Kak. Mohon maaf untuk ketidaknyamanannya ya, silakan coba cara berikut ya Kak:
1. Clear cache aplikasi
2. Force close aplikasi
lalu coba login kembali, apabila masih mengalami kendala, silakan hubungi kami melalui DM Instagram @Telkomsel atau hubungi kami di tsel.id/chatva. Semoga membantu. :) -Alma",2025-04-08 03:34:56,8.6.2
a6546c43-12a3-49ce-8e08-f957113684d5,Denny Heriyanto,https://play-lh.googleusercontent.com/a/ACg8ocJKqXRJ2Ec1VqIdSYu5OeUboyrtsSHFHghUQ2BN1Fw-Sr3eBg=mo,"Maaf saya beri rating 2, Sejauh ini saya lihat blm ada perubahan mengenai lemotnya apk ini, padahal sudah banyak yg komplain.",2,0,8.6.2,2025-04-08 02:55:58,"Hai Kak Denny. Mohon maaf untuk ketidaknyamanannya ya, silakan coba cara berikut ya Kak:
1. Clear cache aplikasi
2. Force close aplikasi
lalu coba login kembali, apabila masih mengalami kendala, silakan hubungi kami melalui DM Instagram @Telkomsel atau hubungi kami di tsel.id/chatva. Semoga membantu. :) -Alma",2025-04-08 05:00:29,8.6.2
be0e3d81-5b43-4d66-bbea-4758169a3220,Aneka Info (Tinoes),https://play-lh.googleusercontent.com/a-/ALV-UjWw0-qR8fSJkJdyHBsRYw5nSHCWFWYwDnMyoJzhJVxvGW0kZ3c,"KENAPA SEKARANG MAU TERHUBUNG KE CUSTOMER SERVICE MALAH HARUS DENGAN ROBOT!! INDIHOME SAYA SUDAH 6HARI SPEED DIBAWAH 10 MBPS INI WOY ,,,SAYA SEHARUSNYA 40MBPS !!",1,0,,2025-04-08 02:51:31,"Hai Kak. Mohon maaf untuk ketidaknyamanannya, untuk kendalanya silakan hubungi kami di DM Instagram @telkomsel atau hubungi kami di tsel.id/chatva. Semoga membantu. :) -Alma",2025-04-08 03:35:28,
d569fa20-14a3-49b4-9457-9d2a40246840,Ivan Simatupang,https://play-lh.googleusercontent.com/a/ACg8ocIjkR89bqhVU83X-KlHHW7mN6kEsqCzcyBbhHOw5E-j7Q9A8w=mo,"aplikasi nya seperti masih Beta, tidak bisa digunakan, hanya loading saja sampai, sudah berbulan-bulan seperti ini. kita sudah masuk era digitalisasi jika aplikasi tidak bisa memudahkan user Telkomsel tidak akan bisa bersaing di masa depan.",1,0,5.7.3,2025-04-08 02:51:30,"Hai Kak Ivan. Mohon maaf untuk ketidaknyamanannya ya, silakan coba cara berikut ya Kak:
1. Clear cache aplikasi
2. Force close aplikasi
lalu coba login kembali, apabila masih mengalami kendala, silakan hubungi kami melalui DM Instagram @Telkomsel atau hubungi kami di tsel.id/chatva. Semoga membantu. :) -Alma",2025-04-08 05:54:55,5.7.3
e1801a9e-b3ca-492e-977a-ba8179061948,Agung Wijaya,https://play-lh.googleusercontent.com/a/ACg8ocL8yKvZ_Zenqx8ihOM6K1FxrqRP0EMYvgdAjo6OTd9o8Ugy8Q=mo,gangguan mulu aplikasi gaguna sampah,1,0,8.6.2,2025-04-08 02:50:09,"Hai Kak Agung. Mohon maaf untuk ketidaknyamanannya ya, silakan coba cara berikut ya Kak:
1. Clear cache aplikasi
2. Force close aplikasi
lalu coba login kembali, apabila masih mengalami kendala, silakan hubungi kami melalui DM Instagram @Telkomsel atau hubungi kami di tsel.id/chatva. Semoga membantu. :) -Alma",2025-04-08 03:35:53,8.6.2
4c7ec6f1-207d-43cb-980c-0a56dd07ce12,Syauqi “Een” Een wijaya,https://play-lh.googleusercontent.com/a-/ALV-UjWOsEP_F8DdqC6gbDeSXAEzk6xESWbs7OFWd3cc07rkX8qtt14,siip,5,0,,2025-04-08 02:45:44,"Hai Kak Syauqi, terima kasih tetap setia menggunakan layanan Telkomsel. Apresiasi dari Kakak sangat berarti bagi kami dalam meningkatkan layanan dan performa MyTelkomsel. Have a great day :) -Edo",2025-04-08 10:22:20,
377c3b9a-f258-4630-8088-68875f886c04,Herlan Maulana (Cokimpay),https://play-lh.googleusercontent.com/a/ACg8ocJ1iuQS3HcsVLEEDmVWGiQzbDKKd9bPVqMgNS7szg7h9V5_JoNr=mo,ko jadi gini ya aplikasi nya gk bisa masuk,1,0,8.6.2,2025-04-08 02:39:04,"Hai Kak Herlan. Mohon maaf untuk ketidaknyamanannya ya, silakan coba cara berikut ya Kak:
1. Clear cache aplikasi
2. Force close aplikasi
lalu coba login kembali, apabila masih mengalami kendala, silakan hubungi kami melalui DM Instagram @Telkomsel atau hubungi kami di tsel.id/chatva. Semoga membantu. :) -Alma",2025-04-08 03:36:35,8.6.2
df11d413-091e-4365-b229-267a32b43de4,Dodi Irfan,https://play-lh.googleusercontent.com/a/ACg8ocJA3U2G1_h1WyZv3ivj3m4afGnPjTd3PhiYw-AzSISTSci3Rg=mo,payah,1,0,,2025-04-08 02:38:32,"Hai Kak Dodi, Mohon maaf untuk ketidaknyamanannya, karena kami memerlukan informasi lebih lanjut untuk membantu kakak, silakan hubungi kami di DM Instagram @telkomsel atau chat di tsel.id/chatva. Semoga membantu. :) -Edo",2025-04-08 09:13:52,
3af7aad2-c7fc-42a6-ac39-e683e726ca03,Singgih Ahmad,https://play-lh.googleusercontent.com/a-/ALV-UjWpl6cLEFwCNNF8s9k5dbDHTqtypr9kC3OSfy0HbB-bHghh2OpR,Apa coba tiap buka aplikasi lemot mulu apalah telkomsel👎,2,0,8.6.2,2025-04-08 02:37:22,"Hai Kak Singgih. Mohon maaf untuk ketidaknyamanannya ya, silakan coba cara berikut ya Kak:
1. Clear cache aplikasi
2. Force close aplikasi
lalu coba login kembali, apabila masih mengalami kendala, silakan hubungi kami melalui DM Instagram @Telkomsel atau hubungi kami di tsel.id/chatva. Semoga membantu. :) -Alma",2025-04-08 03:32:27,8.6.2
ef46717c-c500-4a47-a41d-d188a38cb85c,Ilham Arifff,https://play-lh.googleusercontent.com/a-/ALV-UjV2hRF0m9CjdHD9uWWRIqFwftlQatDePWUTbYL6ToKINNjMIzBb,"aneh kok ada ya aplikasi size nya kecil, pas buka apk nya lag, di tekan beli data malah ga masuk masuk wkwkw",1,0,8.6.2,2025-04-08 02:36:29,"Hai Kak Ilham. Mohon maaf untuk ketidaknyamanannya ya, silakan coba cara berikut ya Kak:
1. Clear cache aplikasi
2. Force close aplikasi
lalu coba login kembali, apabila masih mengalami kendala, silakan hubungi kami melalui DM Instagram @Telkomsel atau hubungi kami di tsel.id/chatva. Semoga membantu. :) -Alma",2025-04-08 05:33:56,8.6.2
c66c2ceb-ac1e-4cfa-ac09-fc758004b200,septiyono adhitya,https://play-lh.googleusercontent.com/a/ACg8ocLX49SJCEtx1bjosOOh-EATOniXw_cJNGepEqAzTHRWtgDFQw=mo,"perusahaan besar, tapi aplikasinya busuk",1,0,8.6.2,2025-04-08 02:34:39,"Hai Kak Septiyono. Mohon maaf untuk ketidaknyamanannya ya, silakan coba cara berikut ya Kak:
1. Clear cache aplikasi
2. Force close aplikasi
lalu coba login kembali, apabila masih mengalami kendala, silakan hubungi kami melalui DM Instagram @Telkomsel atau hubungi kami di tsel.id/chatva. Semoga membantu. :) -Alma",2025-04-08 05:55:18,8.6.2
466018e0-87b3-4b9a-bebe-1e35508ec72c,Ilham Ilham,https://play-lh.googleusercontent.com/a-/ALV-UjV9PtiANbpOsPITWhZANni0ImiKfN1vwuQzDCaoFmWM0YyYLQ,"ini kenapa aplikasi sekarang jadi gak bisa login,,, perasaan dulu nggak deh tapi sekarang kenapa jadi lemot padahal udah direfresh tetep loading mulu ,,, ini gimana mae cek kuota,,, tolong admin perbaiki",4,0,8.7.0,2025-04-08 02:30:51,"Hai Kak Ilham. Mohon maaf untuk ketidaknyamanannya ya, silakan coba cara berikut ya Kak:
1. Clear cache aplikasi
2. Force close aplikasi
lalu coba login kembali, apabila masih mengalami kendala, silakan hubungi kami melalui DM Instagram @Telkomsel atau hubungi kami di tsel.id/chatva. Semoga membantu. :) -Alma",2025-04-08 02:27:02,8.7.0
c08f66c8-bc1a-463e-9dcd-e4d98633c9c8,Mukhamad Khalimin,https://play-lh.googleusercontent.com/a/ACg8ocJIdZiY7E1QUs2RRCWN_7oun6IkgZV8CH490CY6q7UdAvErzA=mo,B aja lah,3,0,8.6.2,2025-04-08 02:13:44,,,8.6.2
45291e58-baba-4ecc-a940-bcd0ef18f2d5,Bastian Denael,https://play-lh.googleusercontent.com/a-/ALV-UjVV0UbGMLnXmVN1W8IR9Mq6R1CW9n_YOODLDs5vdg0Bcu4J9DM,ada promo nya jir🥰,5,0,,2025-04-08 02:09:40,,,
e3f5d62a-7fdb-4cd7-8d55-beb9b26aba92,win abs,https://play-lh.googleusercontent.com/a-/ALV-UjWO4asAG9F3jm9KPMubdLAC3Cq8rIKQG_nINwTuour7nuQ14_96,"gila Telkomsel kayak mafia aja, masak pulsa diisi lebih, begitu tenggang berapapun saldo pulsa hangus... ckckck lama² mirip Pertamina",2,0,,2025-04-08 02:08:55,"Hai Kak. Mohon maaf untuk ketidaknyamanannya, karena kami memerlukan informasi lebih lanjut untuk membantu Kakak, silakan hubungi kami di DM Instagram @telkomsel atau hubungi kami di tsel.id/chatva. Semoga membantu. :) -Alma",2025-04-08 03:59:35,
cfdf2fce-f40e-4fdc-ba03-178d8c70b436,akbar syafarudin,https://play-lh.googleusercontent.com/a/ACg8ocIa0wbPbo9MJ_eKg--X-tZafv4ic9lQh3dcqHYR6GBX30qQsg=mo,ngelagggg,4,0,8.6.2,2025-04-08 02:02:20,"Hai Kak Akbar. Mohon maaf untuk ketidaknyamanannya, silakan coba restart handphone Kakak. Apabila masih terdapat kendala silakan hubungi kami di DM Instagram @telkomsel atau hubungi kami di tsel.id/chatva. Semoga membantu. :) -Alma",2025-04-08 05:06:41,8.6.2
bf488b61-50f7-4523-82a5-a68eb550dc82,Faiz Garda,https://play-lh.googleusercontent.com/a-/ALV-UjUrtQcONvwDkMaIaJ6fRa3tiYFBig61IkRMLIEG5_UME2MYBzzC,pusing bgt,1,0,8.4.2,2025-04-08 01:55:11,"Hai Kak Faiz, Mohon maaf untuk ketidaknyamanannya, karena kami memerlukan informasi lebih lanjut untuk membantu kakak, silakan hubungi kami di DM Instagram @telkomsel atau chat di tsel.id/chatva. Semoga membantu. :) -Edo",2025-04-08 08:18:50,8.4.2
ec37d1cd-8f21-4493-865b-74cf50c4c090,bunda Fajri,https://play-lh.googleusercontent.com/a/ACg8ocIsBXPXox9K5pS1KbI1CDAvJx-TpY9vqMyuoLTfSjdVPVReOA=mo,"saya beli Kouta combo utama+YouTube 10 GB, tapi saya nonton YouTube, malah yg d sedot Kouta utama bukan Kouta YouTube ny, tolong dong kasih yang benar, jadi sayang Kouta YouTube ga k pake(sedot)🥲🥲, perbaiki lagi sistemny",2,0,8.6.2,2025-04-08 01:52:13,"Hai Kak Fajri, Mohon maaf untuk ketidaknyamanannya, karena kami memerlukan informasi lebih lanjut untuk membantu kakak, silakan hubungi kami di DM Instagram @telkomsel atau chat di tsel.id/chatva. Semoga membantu. :) -Edo",2025-04-08 09:16:00,8.6.2
857b06a1-0963-4b3d-bd2f-52025f4bd651,Anderson Brawijaya,https://play-lh.googleusercontent.com/a/ACg8ocKsBBWcZkRpJP-gCbnai0KezRcmbsqKqY3HbOyf37t88NqfaQ=mo,aplikasinya sering motong pulsa tanpa sebab 😭 trs juga kadang ngelagnya minta ampun,2,0,,2025-04-08 01:51:26,"Hai Kak Anderson. Mohon maaf untuk ketidaknyamanannya, karena kami memerlukan informasi lebih lanjut untuk membantu Kakak, silakan hubungi kami di DM Instagram @telkomsel atau hubungi kami di tsel.id/chatva. Semoga membantu. :) -Alma",2025-04-08 04:00:10,
55f6483f-9eac-44c1-8a53-d97b18818f3b,Ilim giroud,https://play-lh.googleusercontent.com/a/ACg8ocJ9h9O69bSq0jA7k5AWwGprupk__cV8y6nCbmT1O2GdyjPlaA=mo,jaringan 4g nya sangat bagus kendala nya gak bisa cek kuota di my telkomsel knpa ya,5,0,8.6.2,2025-04-08 01:50:39,,,8.6.2
5c598c73-b823-41f6-b5b3-116f5f002c08,Eya Cemara,https://play-lh.googleusercontent.com/a/ACg8ocKx6Wn0scaHH-2C_EeaLksf_hn-CVxIcOyrzviVhktg7Zt03A=mo,udah sering terjadi ngisi pulsa ngepas buat di paketin ehh pas pulsa udah masuk tetiba paket yg mau d beli udah berubah harganya kadang masa berlakunya kadang jumlah kuotanya yg berubah 😖 kesel kecewa kalo hal kayak gini berulang2 🥴 please dong Telkomsel lebih di perbaiki lg sistemnya biar pelanggan gak berasa lg di kibulin 🙂,1,0,8.6.2,2025-04-08 01:45:48,,,8.6.2
99007cb3-828d-4d8f-974a-31f72ae4fe55,Rehan Kaka,https://play-lh.googleusercontent.com/a/ACg8ocJvX7ZcF-1Sf79ufcfCvdx2ZKzHFLssuocqzgWVfucBpVVABw=mo,apk lemot padahal sinyal lancar,1,0,,2025-04-08 01:42:10,"Hai Kak Rehan. Mohon maaf untuk ketidaknyamanannya ya, silakan coba cara berikut ya Kak:
1. Clear cache aplikasi
2. Force close aplikasi
lalu coba login kembali, apabila masih mengalami kendala, silakan hubungi kami melalui DM Instagram @Telkomsel atau hubungi kami di tsel.id/chatva. Semoga membantu. :) -Alma",2025-04-08 03:37:19,
75e5ccd9-2e32-4c72-b6bf-6c6277b276c1,kartasura mitrautamadiesel,https://play-lh.googleusercontent.com/a/ACg8ocKZu_oEAZqtZIf-hzxMsWdAum9eAOvtOZscF7m8RHiQQjePUg=mo,gak ada paketan sakti dibawah harga 40 jelek kali,2,0,8.7.0,2025-04-08 01:39:41,"Hai Kak. Mohon maaf untuk ketidaknyamanannya, silahkan akses aplikasi MyTelkomsel untuk mendapatkan lebih banyak pilihan dan penawaran paket datanya ya Kak. Semoga membantu. :) -Alma",2025-04-08 02:28:12,8.7.0
fb3169d3-9843-4ccb-a54f-46f99ce9ed42,Ilham Saputra (Ilham),https://play-lh.googleusercontent.com/a-/ALV-UjUC-a-8YgpmMWR5PcLM3-DdvQI5YFr6QPnzi3nXqMxH2jz3JMro,terima kasih TELKOMSEL,5,0,8.6.2,2025-04-08 01:27:07,"Hai Kak Ilham, terima kasih tetap setia menggunakan layanan Telkomsel. Apresiasi dari Kakak sangat berarti bagi kami dalam meningkatkan layanan dan performa MyTelkomsel. Have a great day :) -Alma",2025-04-08 06:23:11,8.6.2
52c021bc-0251-4cb3-bffb-898fb03cc18c,Rohmad Taro,https://play-lh.googleusercontent.com/a-/ALV-UjUFkmBEnDzTkV_UodCE7_Yvn2a3nqDxpWgWh-VMcfPgsG_uaj4,perbaiki soal jaringannya,3,0,8.6.2,2025-04-08 01:16:50,"Hai Kak Rohmad. Mohon maaf untuk ketidaknyamanannya, silakan coba restart handphone Kakak. Apabila masih terdapat kendala silakan hubungi kami di DM Instagram @telkomsel atau hubungi kami di tsel.id/chatva. Semoga membantu. :) -Alma",2025-04-07 23:59:55,8.6.2
15988d24-087d-45ab-9a2c-0f1406f0fd74,Thame Park,https://play-lh.googleusercontent.com/a/ACg8ocLqLxIhZLXDN4PxljvUWqX8Uh_mmKvVD5F9WU4ly1q2GLRnDw=mo,Pulsa saya terus terpotong. Stelah saya pertanyakan ternyata ada pembayaran sms dari max games. Dia yg kirim sms masa saya yg bayar. Saya minta non aktifkan persyaratan cukup ribet. Saya meresa di rugikan di sini. telkomsel tidak becus menjaga kepercayaan pelanggan.,1,0,,2025-04-08 01:13:37,"Hai Kak. Mohon maaf untuk ketidaknyamanannya, karena kami memerlukan informasi lebih lanjut untuk membantu Kakak, silakan hubungi kami di DM Instagram @telkomsel atau hubungi kami di tsel.id/chatva. Semoga membantu. :) -Alma",2025-04-08 05:37:00,
9dad8e24-044a-4f91-b0f9-f1cc5bbc09ad,Endang Tirani,https://play-lh.googleusercontent.com/a/ACg8ocLezARzXTehNN16tPEK285g-0xQhhcE07Y0268nmzqP4mV5Vg=mo,gajelas banget ini apk udah di update masih aja update lagi gimana sih oon banget 😡 tolong dong nihh my Telkomsel perbarui jangan bikin pelanggan kesel aja,1,0,,2025-04-08 01:02:13,"Hai Kak Endang. Mohon maaf untuk ketidaknyamanannya ya, silakan coba cara berikut ya Kak:
1. Clear cache aplikasi
2. Force close aplikasi
lalu coba login kembali, apabila masih mengalami kendala, silakan hubungi kami melalui DM Instagram @Telkomsel atau hubungi kami di tsel.id/chatva. Semoga membantu. :) -Alma",2025-04-08 05:55:51,
7d63a8f4-cbde-49e9-b18a-026dfccb81a1,Tris Wandi,https://play-lh.googleusercontent.com/a-/ALV-UjWubq34Yr_z8y7aKrZ1vD2Bq9sInDzdIxaPh26c3CNIEElnYf0,"aplikasi buruk, beli kuota ga masuk masuk refund terus sampe 3 kali",1,0,8.7.0,2025-04-08 01:00:54,"Hai Kak Tris, Mohon maaf untuk ketidaknyamanannya ya, silakan coba cara berikut ya Kak:
1. Clear cache aplikasi
2. Force close aplikasi
lalu coba login kembali, apabila masih mengalami kendala, silakan hubungi kami melalui DM Instagram @Telkomsel atau chat di tsel.id/chatva. Semoga membantu. :) -Edo",2025-02-24 08:09:26,8.7.0
f62a2fc9-578b-47f6-9ae4-f37625820e0a,ela Nurhayati,https://play-lh.googleusercontent.com/a-/ALV-UjVAllX0LRPBrhCtVo2oKhDDo7CVgn5a-sbmO_lE-3_Vds8GbUM,saya suka karna jaringan nya bagus,5,0,8.7.0,2025-04-08 00:58:45,"Hai Kak Ela, terima kasih tetap setia menggunakan layanan Telkomsel. Apresiasi dari Kakak sangat berarti bagi kami dalam meningkatkan layanan dan performa MyTelkomsel. Have a great day :) -Alma",2025-04-08 06:41:42,8.7.0
e0c39f10-6a3a-4d02-92a7-67c2e59c23e2,Geasti Roosandianti,https://play-lh.googleusercontent.com/a-/ALV-UjUUazrWRVjic2h8ZE14OLn_IdGQNHvCOxxwt-nNXtN4JPVCsbte,loading nya lama pol,1,0,8.6.2,2025-04-08 00:56:08,"Hai Kak Geasti. Mohon maaf untuk ketidaknyamanannya ya, silakan coba cara berikut ya Kak:
1. Clear cache aplikasi
2. Force close aplikasi
lalu coba login kembali, apabila masih mengalami kendala, silakan hubungi kami melalui DM Instagram @Telkomsel atau hubungi kami di tsel.id/chatva. Semoga membantu. :) -Alma",2025-04-08 01:11:01,8.6.2
d3c8588e-0e33-4909-abea-918a91feb55d,Armada Sul,https://play-lh.googleusercontent.com/a-/ALV-UjXvGtmqf2dmD9wvNSIFwkLEYLlDyXDAcmax_XjJH9BCcc1b2_a8,"aplikasi ini sangat bagus, tetapi sedikit lelet jaringan nya, kadang kadang saat kita buka terlalu lama.saran saya kalau boleh jaringan nya di tingkat kan. Terimakasih Telkomsel semoga bermanfaat di seluruh Indonesia. Mohon di respon.",5,0,8.6.2,2025-04-08 00:55:58,,,8.6.2
ebacbe51-c795-4dbc-a79e-d101f215dbdf,Gusti Ayu Putu Putri,https://play-lh.googleusercontent.com/a-/ALV-UjUVDVCa28O1sKXm8jtzcgdvqed59ZZbJYQtSy16ibu9TceR4jJt,"fiturenya banyak dan gampang banget di pakai, gak ribet beli paket atau pulsa di satu aplikasi",5,0,8.6.2,2025-04-08 00:53:29,,,8.6.2
cff175af-1055-4591-be46-30f2bb0a63fc,Masya Iskia,https://play-lh.googleusercontent.com/a-/ALV-UjWtB73YMGseraeoJGXZojlTB6SgTfWjYDVPK6wNUac2gYqW5vE,"Apk nya bagus, kita bisa melihat detail kuota dan pemakaian kita sebelum nya sehingga kita bisa merencanakan promo apa yg akan pakai selanjutnya,tingkatkan terus MyTelkomsel, good job",5,0,,2025-04-08 00:53:04,,,
8d01895e-c04f-4f0b-b27e-3538ece69c14,Chintya Noriko,https://play-lh.googleusercontent.com/a-/ALV-UjUzeZ3Y8g5OsrkB6nejHEsMYbcSIuDknUHJDUQa-kZXl95_DPRS,"2 tahun pake aplikasinya, no one problem. Layanan pelanggan ada ai, ada reward stamp juga kalo tiap hari check in, trus banyak banget pilihan layanan di myTelkomsel ini. Perfectly nice 💕",5,0,8.6.2,2025-04-08 00:52:10,,,8.6.2
b3a87c17-5028-49a2-94de-478538e708bc,Nor Fadli,https://play-lh.googleusercontent.com/a-/ALV-UjVFgg-id11u83EnbLtaejlwllWXv3E73pMQ05BikC-kfN05mpgH,Oke,5,0,8.7.0,2025-04-08 00:50:26,,,8.7.0
babc5c51-9ff1-4e0a-a04d-2af61d54ebe0,nomasi rosady,https://play-lh.googleusercontent.com/a/ACg8ocKfPfaDu5Xy1ZiUaPtIjGoUV0u2l20s2RJST0frS0oIG-61zA=mo,"Beli pulsa dan paket data di my telkomsel gampang banget, karena promonya tersedia dengan mudah di UI my Telkomsel. Tanpa ribet mau cari promoan lagi",5,0,8.6.2,2025-04-08 00:49:41,,,8.6.2
c262a968-87da-4ef7-91f7-b9fa96f5227d,Raya Semesta,https://play-lh.googleusercontent.com/a/ACg8ocIbpw55vY-f858miILJBjzP-Mu_z3BEqbpiU2ef0e1oF-OqLQ=mo,aplikasi nya lag,1,0,8.6.2,2025-04-08 00:49:19,"Hai Kak. Mohon maaf untuk ketidaknyamanannya ya, silakan coba cara berikut ya Kak:
1. Clear cache aplikasi
2. Force close aplikasi
lalu coba login kembali, apabila masih mengalami kendala, silakan hubungi kami melalui DM Instagram @Telkomsel atau hubungi kami di tsel.id/chatva. Semoga membantu. :) -Alma",2025-04-08 01:18:37,8.6.2
dc33ee06-da82-45f1-a2ed-2c3627b19091,Airri Llyod,https://play-lh.googleusercontent.com/a-/ALV-UjU1ivvKhYKrHjzjhUY1dTnmeHQmgwe4SuaQdQ7uXCyG8_96Ohne,"(fitur chat dengan cs)chat dengan cs delay jauh, dah lah nunggu lama biar dapat cs,di diemin sebentar cs nya ngilang karna delay, mohon diperbaiki",1,0,,2025-04-08 00:48:49,"Hai Kak Airri, Mohon maaf untuk ketidaknyamanannya, untuk kendalanya silakan hubungi kami di DM Instagram @telkomsel atau chat di tsel.id/chatva. Semoga membantu. :) -Edo",2025-04-07 12:03:10,
29ce5b63-2d26-42c2-b2c6-56653a3beb2b,Sri Minarningsih,https://play-lh.googleusercontent.com/a/ACg8ocI0T69EvUjwup4cU16m5X_UZh8AfRq3Kpks3MfbrDgIlzlfPg=mo,"Sangat gw apresiasi fitur Ramadan Corner. Ngebantu banget buat gw yang kerjanya mobile, trs sholat di berbagai masjid yang kadang ga ngerti arah kiblatnya, pake aplikasi ini jadi memudahkan umat muslim buat beribadah thanks",5,0,8.7.0,2025-04-08 00:48:45,,,8.7.0
a457f40d-45cc-4a07-b2a4-3c31dd232f1e,Risda Nur,https://play-lh.googleusercontent.com/a/ACg8ocIig9r2FErPY2z9j8-fhMid1JlYDzAv-NX7u-tCwrHTqTOEvg=mo,beli paket internet diaplikasinya lebih enak bisa banyak pilihan paket internet di fitur produk nya sesuai dengan kebutuhan kita,5,0,8.6.2,2025-04-08 00:47:15,,,8.6.2
9c0b13d1-b9b5-4de5-b45b-1d9091bff404,Khairun nisa Subakry,https://play-lh.googleusercontent.com/a/ACg8ocJ-0jNFXtictcVzA-KMgaTFmsVt_R1G8rFoEwHhoU95dkKeQA=mo,"aplikasi telkomsel ini memang worth it banget bagi penggunanya, fitur fitur yang ada di apk nya juga banyak, apalgi pilihannya yang banyak",5,0,,2025-04-08 00:46:30,,,
40473782-9e19-434c-a04f-8ebfbe3c605d,Ani Mulyani76,https://play-lh.googleusercontent.com/a/ACg8ocI4KerifTPegRA9kVeogKwUpmzJJKCJBZOGTEyFjE_MU6leweo=mo,bagus,5,0,8.7.0,2025-04-08 00:45:59,,,8.7.0
8db82298-84ba-454e-a8fa-b1cb5fa77a9e,roziq ganteng,https://play-lh.googleusercontent.com/a/ACg8ocKpjBNLztKalKEJoLxifSPpng_jWUMQMKF3MHtfpNr4tyov2Q=mo,"di mytelkomsel penggunaanya simpel,tampilan mudah dimengerti",5,0,8.6.2,2025-04-08 00:45:12,,,8.6.2
34fc314b-4618-4934-9b98-457389eb8ee1,Reni Rohaeni,https://play-lh.googleusercontent.com/a/ACg8ocICQ3VNS0HB4nZB2eF2BOhZWTHEE6neXD66Twmz9pZVFJUmOg=mo,Aplikasi my telkomsel benar benar sangat berguna memudahkan pengguna untuk membeli pulsa ataupun paket data juga untuk mengaktifkan berbagai layanan lain,5,0,8.6.2,2025-04-08 00:40:17,,,8.6.2
cc5da158-89ec-4b36-92dc-c980927600e5,Nerf Braga,https://play-lh.googleusercontent.com/a/ACg8ocJUCBGJHOxr_NPgc7on2w2Esqybfn9R2B8GfrVj80n5IfqutNBO=mo,"lebih mudah buat beli pulsa, banyak promo kuota, murah² sekarang harganya.",5,0,8.7.0,2025-04-08 00:40:09,,,8.7.0
1e8a52bf-2400-490b-8566-e1ca5e502871,Peter Crewsakan27,https://play-lh.googleusercontent.com/a/ACg8ocJ4kJxVRQVSHI4PWIs2WS2mn_KDUkEYploTo9f-4tgeHJDOlQ=mo,Fitur aplikasinya memberi kemudahan bagi setiap penggunanya dan juga memiliki desain yang simpel dan keren,5,0,,2025-04-08 00:39:11,,,
d20e2c5a-c778-4501-be1c-6419862b419f,Citra Unawekla,https://play-lh.googleusercontent.com/a/ACg8ocJTnwWvPu_I--JM8Ns3LkOHMlkD0lCNI6_bNLcn_iahOTTtxQ=mo,"overall paket paket di app mytelkomsel bayak yg murahhhhh, ngebantu bgt sih, connect sm ewallwt jd gampang transaksinya",5,0,,2025-04-08 00:38:19,,,
f5a437e1-8b66-4047-899d-d4f024ce6a83,Ayuu,https://play-lh.googleusercontent.com/a/ACg8ocIUQpWbloUYNuC0W9-iOJ1lTHVVhGMGqNSwPTk7pH7tcIJoJQ=mo,susah di buka padahal bagus jaringan saya nya,1,0,,2025-04-08 00:35:29,"Hai Kak. Mohon maaf untuk ketidaknyamanannya ya, silakan coba cara berikut ya Kak:
1. Clear cache aplikasi
2. Force close aplikasi
lalu coba login kembali, apabila masih mengalami kendala, silakan hubungi kami melalui DM Instagram @Telkomsel atau hubungi kami di tsel.id/chatva. Semoga membantu. :) -Alma",2025-04-08 01:18:55,
cf18179f-f551-4682-b7c6-d4249c12efc3,Er Simanungkalit,https://play-lh.googleusercontent.com/a-/ALV-UjV4SGvLdaaVe14CjjEJS-jg8hqvfCVytQMvY7tFgRsweBqQZ3sN,"Terlalu banyak fitur, aplikasi jadi berat dan lemot.",1,37,8.6.1,2025-04-08 00:23:59,"Mohon maaf, Kak Simanungkalit. Mengenai informasi tarif layanan Telkomsel, agar dapat dibantu lebih optimal, yuk hubungi Mimin melalui fitur bantuan di aplikasi MyTelkomsel, atau kirim email ke cs@telkomsel.com, Twitter @Telkomsel, Facebook Messenger 'Telkomsel', atau WhatsApp Telkomsel Virtual Asisten. Makasih :) -Tony",2022-06-29 07:14:00,8.6.1
129c9e61-a7bf-4938-8efd-a31ce3426c07,Adulz Devilbats,https://play-lh.googleusercontent.com/a-/ALV-UjX2b3dC4fLqFJi9yQDiySnMdo1u_Kcv3JZ6lMSCEAYqTMyon0zW,sinyal kyk t4i . kuota nya saja mahal . masih mending 3,1,0,8.7.0,2025-04-08 00:18:56,"Hai Kak Adulz. Mohon maaf untuk ketidaknyamanannya, silakan coba restart handphone Kakak. Apabila masih terdapat kendala silakan hubungi kami di DM Instagram @telkomsel atau hubungi kami di tsel.id/chatva. Semoga membantu. :) -Alma",2025-04-08 01:20:22,8.7.0
8d043eff-e033-4425-9ab4-3c13157b19e6,mega gamie,https://play-lh.googleusercontent.com/a-/ALV-UjU4kbUNt63FUqQF-8igUA6Q1VL0Ne1OnjlqQqKUMuwEcr73PF54uA,sering ngelag walaupun sudah pake wifi,1,0,7.5.0,2025-04-08 00:18:10,"Hai Kak. Mohon maaf untuk ketidaknyamanannya, silakan coba restart handphone Kakak. Apabila masih terdapat kendala silakan hubungi kami di DM Instagram @telkomsel atau hubungi kami di tsel.id/chatva. Semoga membantu. :) -Alma",2025-04-08 01:20:50,7.5.0
69b53db4-da47-444a-9d74-aa4d1b4ac462,Arya Eka Prasetya,https://play-lh.googleusercontent.com/a-/ALV-UjX9PUXneAatdAzOBkejBgu3NdTJhkmxdMqbEtkbvz-kEShmla3f,aplikasi lag terus buat cek kuota jadi susah,2,0,8.6.2,2025-04-08 00:17:13,"Hai Kak Arya. Mohon maaf untuk ketidaknyamanannya ya, silakan coba cara berikut ya Kak:
1. Clear cache aplikasi
2. Force close aplikasi
lalu coba login kembali, apabila masih mengalami kendala, silakan hubungi kami melalui DM Instagram @Telkomsel atau hubungi kami di tsel.id/chatva. Semoga membantu. :) -Alma",2025-04-08 02:28:38,8.6.2
ba8c9f5c-37fa-43ce-ae32-64a18296ad91,Yasfi Ziven,https://play-lh.googleusercontent.com/a/ACg8ocJ7jO7usByKqSFi8Hnjm_Et1BKCCpt9QVsdcoL4FQMYOWJEXQ=mo,udah beli paketan banyak malah masih lemot apalah.,1,0,8.7.0,2025-04-08 00:13:21,"Hai Kak Yasfi. Mohon maaf untuk ketidaknyamanannya, silakan coba restart handphone Kakak. Apabila masih terdapat kendala silakan hubungi kami di DM Instagram @telkomsel atau hubungi kami di tsel.id/chatva. Semoga membantu. :) -Alma",2025-04-08 01:21:21,8.7.0
36706387-e64f-4989-9210-06365f544543,Alkana Septa,https://play-lh.googleusercontent.com/a-/ALV-UjUBwf1DqolGG6KA9wa2fcB2DacRk9Pfmu8fXCTUmu0eEg2fjYo,Klw di buka selalu kembali sendiri. Ngelek ngelek. beli paket tapi knp GK bisa di pakai.,1,0,8.7.0,2025-04-08 00:11:28,"Hai Kak Alkana. Mohon maaf untuk ketidaknyamanannya ya, silakan coba cara berikut ya Kak:
1. Clear cache aplikasi
2. Force close aplikasi
lalu coba login kembali, apabila masih mengalami kendala, silakan hubungi kami melalui DM Instagram @Telkomsel atau hubungi kami di tsel.id/chatva. Semoga membantu. :) -Alma",2025-04-08 03:37:50,8.7.0
fe7d65df-9e0f-4bc9-89e8-e0a0d1d21cfc,Pebry Anggara,https://play-lh.googleusercontent.com/a-/ALV-UjXcrVqW-2F_Ov_-mzWESrhRa_oHqZLWm7fTs2GIpGKSEGj9d9CT,"""setiap mau cek sisa kuota pasti di uninstall dulu baru install ulang, aplikasi nya ga jelas"" sudah di lakukan sama saja memang aplikasinya aja yang ampas",1,0,5.7.3,2025-04-08 00:07:13,"Hai Kak Pebry, Mohon maaf untuk ketidaknyamanannya ya, silakan coba cara berikut ya Kak:
1. Clear cache aplikasi
2. Force close aplikasi
lalu coba login kembali, apabila masih mengalami kendala, silakan hubungi kami melalui DM Instagram @Telkomsel atau chat di tsel.id/chatva. Semoga membantu. :) -Edo",2025-03-28 07:09:14,5.7.3
61b7c67e-252d-4739-8f33-d93fde3898f8,Setri Dwi Prasetiani,https://play-lh.googleusercontent.com/a-/ALV-UjVNNPVyPyAV_S8ds1xD7dqoAYHh6AsaXLKZgZRv-_cEC-GWEtuTxw,kenapa sering banget ngelag padahal sinyalnya bagus. mau beli paket ketika urgent tapi malah nggk bisa. perbaiki lagi deh biar gk gampang ngelag.,1,0,8.6.2,2025-04-08 00:02:33,"Hai Kak Setri. Mohon maaf untuk ketidaknyamanannya ya, silakan coba cara berikut ya Kak:
1. Clear cache aplikasi
2. Force close aplikasi
lalu coba login kembali, apabila masih mengalami kendala, silakan hubungi kami melalui DM Instagram @Telkomsel atau hubungi kami di tsel.id/chatva. Semoga membantu. :) -Alma",2025-04-08 05:37:34,8.6.2
65480d3f-44f3-49f3-ba7e-067d2fe7f49f,si burik,https://play-lh.googleusercontent.com/a/ACg8ocJlG0WzgIyXBaY4pdo_3gmriYunnzVBdO-T95hlUvK3xdaKKKw=mo,loading nya lama banget,1,0,8.6.2,2025-04-08 00:00:33,"Hai Kak. Mohon maaf untuk ketidaknyamanannya ya, silakan coba cara berikut ya Kak:
1. Clear cache aplikasi
2. Force close aplikasi
lalu coba login kembali, apabila masih mengalami kendala, silakan hubungi kami melalui DM Instagram @Telkomsel atau hubungi kami di tsel.id/chatva. Semoga membantu. :) -Alma",2025-04-08 05:47:45,8.6.2
c024ec41-c199-4434-8020-ce7988eaacd6,Art Sp,https://play-lh.googleusercontent.com/a-/ALV-UjWRgxXhDBnvKtcInb-UwReMKa-PvVtv2v-dNbvLDCzuY6IjesA,menu kotak pesan tidak efisien lagi karena untuk menghapus pesan harus satu persatu contoh untuk penukaran poin bisa sampai ribuan pesan dan itu tidak bisa dihapus sekaligus..,2,0,8.7.0,2025-04-07 23:58:29,,,8.7.0
16e961a5-25a3-4ddb-b926-95cfcd40e2b8,Hp Saya,https://play-lh.googleusercontent.com/a-/ALV-UjVe0M5vYbRDTZ9heDryiEoqyWyy5MMNOh8Qd8OPokrFeGK5gsex,"apk Telkomsel ini memang aneh masa saya sudah masuk ke menu apknya tidak mau berjalan padahal jaringan bagus, tolong buat Telkomsel di perbaiki lagi apknya,sudah keluar ke menu masuk lagi tetap saja tidak mau berjalan aneh.",3,0,8.6.2,2025-04-07 23:46:56,"Hai Kak. Mohon maaf untuk ketidaknyamanannya ya, silakan coba cara berikut ya Kak:
1. Clear cache aplikasi
2. Force close aplikasi
lalu coba login kembali, apabila masih mengalami kendala, silakan hubungi kami melalui DM Instagram @Telkomsel atau hubungi kami di tsel.id/chatva. Semoga membantu. :) -Alma",2025-04-08 04:28:13,8.6.2
1c231c77-f2b3-4b14-a5af-9053a295bf38,kiran rio,https://play-lh.googleusercontent.com/a-/ALV-UjVHbK6vjaleyjZDRTxi2pFXNpNXpjY02Hoqz21aRgrssmR0wmb2,"sangat membantu dalam pengecekan kuota, namun akhir - akhir ini mengalami kendala sering error",4,0,8.6.2,2025-04-07 23:21:46,,,8.6.2
f8dcedf0-bf64-44ba-bc23-c2d68f497d69,Acep Toha,https://play-lh.googleusercontent.com/a-/ALV-UjXWMobgX4BV4mJOULtMFUbflhEa1UD7RWVe622EscoQf-0h1oOH,"Masih mahal sampai 12-9-2020, aplikasi apaan bukanya ngasih harga pilihan murah malah tambah mahal. telkomsel emang raja mahal. Semakin kesini seemakin mahal aja, harga promo semakin naik. Ya ampun telkomsel sangat tidak bersahabat. Kayak di jajah aja sama telkomsel ga ada murah murahnya sama sekali.2025 aplikasi ga jelas banget. cek data malah pelanggaran pelongo.",1,0,8.6.2,2025-04-07 23:18:17,"Hai, Mas Acep. Mohon maaf atas ketidaknyamanan yang  dialami. Mengenai keluhan tarif, silakan konfirmasi ke twitter @telkomsel atau Facebook Telkomsel, agar kami bantu pengecekan lebih lanjut. Terima kasih :) -Yasmine",2019-05-17 00:43:10,8.6.2
ee99b371-8129-407d-aa75-5e8468dacde2,Misbachul Huda,https://play-lh.googleusercontent.com/a-/ALV-UjWeU91oe3pRAYs5ABm-4s7S4rmhoO-wbBxO0SsSivm-dE5RXty_ow,Masih setia dengan Telkomsel sampai 2025 ini,5,0,8.6.1,2025-04-07 23:18:05,,,8.6.1
72945bff-9793-4e1c-af19-eac3c84789d2,14_Gilang Zakariyah,https://play-lh.googleusercontent.com/a-/ALV-UjVfFf0Q2nC1jFrdQoua7cMFgJ390Ov_y84yq1XrERmE_UI4Pos,aplikasi dongo.,2,0,8.6.2,2025-04-07 23:02:08,"Hai Kak Gilang, Mohon maaf untuk ketidaknyamanannya ya, silakan coba cara berikut ya Kak:
1. Clear cache aplikasi
2. Force close aplikasi
lalu coba login kembali, apabila masih mengalami kendala, silakan hubungi kami melalui DM Instagram @Telkomsel atau chat di tsel.id/chatva. Semoga membantu. :) -Edo",2025-04-08 09:45:34,8.6.2
19efdf70-8b6c-42f4-98e6-793abf06ce76,triana yun,https://play-lh.googleusercontent.com/a/ACg8ocKrUbxJ5TMNx4naMOqq4-0irP1PCmJMvgc8YwfTH0yUMJYE9A=mo,lemot .. signal stabil tapi loading berjam-jam .. menyebalkan,1,0,8.6.2,2025-04-07 22:58:11,"Hai Kak Triana. Mohon maaf untuk ketidaknyamanannya ya, silakan coba cara berikut ya Kak:
1. Clear cache aplikasi
2. Force close aplikasi
lalu coba login kembali, apabila masih mengalami kendala, silakan hubungi kami melalui DM Instagram @Telkomsel atau hubungi kami di tsel.id/chatva. Semoga membantu. :) -Alma",2025-04-08 03:38:15,8.6.2
e5d7b298-a825-4611-928d-40708bd5afd3,Muhyidin Noor,https://play-lh.googleusercontent.com/a-/ALV-UjUnEW3dqgG7RcGwCFp81q1b-xCoahR73PPfvt71IzWrWi1EAWJV,apk gajelas,1,0,8.7.0,2025-04-07 22:56:29,"Hai Kak Muhyidin, Mohon maaf untuk ketidaknyamanannya ya, silakan coba cara berikut ya Kak:
1. Clear cache aplikasi
2. Force close aplikasi
lalu coba login kembali, apabila masih mengalami kendala, silakan hubungi kami melalui DM Instagram @Telkomsel atau chat di tsel.id/chatva. Semoga membantu. :) -Edo",2025-04-08 06:14:07,8.7.0
f2a003d2-1cfc-4fb4-8b4d-421897d52c00,Asif Fadilah,https://play-lh.googleusercontent.com/a/ACg8ocLcYUe_Q41WujfBXQvxWCcgAgD5J8SO4qZraQql6EbEC8J1HQ=mo,selalu lag kalo buat main game kenapa si ini telkomsel g bosen ya di komplen trus sama pengguna nya,1,0,8.7.0,2025-04-07 22:54:44,"Hai Kak Asif. Mohon maaf untuk ketidaknyamanannya, silakan coba restart handphone Kakak. Apabila masih terdapat kendala silakan hubungi kami di DM Instagram @telkomsel atau hubungi kami di tsel.id/chatva. Semoga membantu. :) -Alma",2025-04-08 03:38:53,8.7.0
d4b7eb77-d8b8-4842-9886-494871a36733,Anonim,https://play-lh.googleusercontent.com/a/ACg8ocJ7kdsMXbNSrkNiCohb97mgCV331P-l7dcIomxrb6tV9F689Q=mo,Serba Mahal Dan suka spam SMS.,1,0,,2025-04-07 22:52:21,"Hai Kak. Mohon maaf untuk ketidaknyamanannya, silahkan akses aplikasi MyTelkomsel untuk mendapatkan lebih banyak pilihan dan penawaran paket datanya ya Kak. Semoga membantu. :) -Alma",2025-04-08 03:54:54,
5230c1c4-3033-43f4-8233-9dfb8e94c187,Hafidh,https://play-lh.googleusercontent.com/a-/ALV-UjWciTcGe1AzmqN96ttTYdSB9YkXsLSqcS27QMHfacw_KVNx0maD,"aplikasi bisa berjalan seperti biasa, tetapi layar tidak bisa di sentuh",1,0,7.5.0,2025-04-07 22:48:34,"Hai Kak Hafidh. Mohon maaf untuk ketidaknyamanannya ya, silakan coba cara berikut ya Kak:
1. Clear cache aplikasi
2. Force close aplikasi
lalu coba login kembali, apabila masih mengalami kendala, silakan hubungi kami melalui DM Instagram @Telkomsel atau hubungi kami di tsel.id/chatva. Semoga membantu. :) -Alma",2025-04-08 01:22:13,7.5.0
9826ba49-8e20-4289-bdd9-d98f6c19db5c,Tamara Suci Dinanti,https://play-lh.googleusercontent.com/a-/ALV-UjV_8RIvohPEHChraoaMV_SW6-QRTkFfX5jjX-Al6oX2SCGiZiA,"loading Mulu, padahal sinyal bagus, mau cek kuota pun susah harus install ulang begitu aja trus.",1,0,8.6.2,2025-04-07 22:40:37,"Hai Kak Tamara. Mohon maaf untuk ketidaknyamanannya ya, silakan coba cara berikut ya Kak:
1. Clear cache aplikasi
2. Force close aplikasi
lalu coba login kembali, apabila masih mengalami kendala, silakan hubungi kami melalui DM Instagram @Telkomsel atau hubungi kami di tsel.id/chatva. Semoga membantu. :) -Alma",2025-04-07 23:00:21,8.6.2
02691961-4b2f-4525-8c0d-b8a9e65e1121,Supri Yadi,https://play-lh.googleusercontent.com/a-/ALV-UjX9hS_trow1SDIU3ED37j8jrL8aopTRW-Sfh55Su2F--jHwyF8CPw,Jelek bnget.. Beli pakai go pay aja.. Berkali kali tertulis sistim alami gangguan surih coba semenit lagi.. Diulang berkali kali sma saja.. Parahhhhhh,1,0,8.6.2,2025-04-07 22:18:45,"Hai Kak. Mohon maaf untuk ketidaknyamanannya ya, silakan coba cara berikut ya Kak:
1. Clear cache aplikasi
2. Force close aplikasi
lalu coba login kembali, apabila masih mengalami kendala, silakan hubungi kami melalui DM Instagram @Telkomsel atau hubungi kami di tsel.id/chatva. Semoga membantu. :) -Alma",2025-04-08 05:48:08,8.6.2
d61cc682-6e59-4e5d-89d1-ade46adc60d6,Ika Rahayu,https://play-lh.googleusercontent.com/a-/ALV-UjViQLSCklW-bci--Gl9-JvNtkC81azvKfXIrJYYWKUQuvzzkk2S,gimna sihhh saya masukin no telepon sama no wifi juga ngk bisa. dapat kode nya ngk muncul2 ini sering aupde trus sihh...,4,0,8.7.0,2025-04-07 22:09:21,,,8.7.0
ec5468da-7b2e-4738-86e4-1439a71bc114,wagino baguz baguz,https://play-lh.googleusercontent.com/a-/ALV-UjWA80ryUnR6A2AfbaOBjmgoswpEN6L4PNhydnWEETnKRUsJj3s,bikin ribet aja,1,0,,2025-04-07 21:43:42,"Hai Kak Wagino, Mohon maaf untuk ketidaknyamanannya, karena kami memerlukan informasi lebih lanjut untuk membantu kakak, silakan hubungi kami di DM Instagram @telkomsel atau chat di tsel.id/chatva. Semoga membantu. :) -Edo",2025-04-08 06:15:06,
c6d7cf3f-7ec2-4956-9b43-23e0817e5d47,Sanul Nule,https://play-lh.googleusercontent.com/a-/ALV-UjVvmQPR3Mq32aiSJdz5E2HwnPdw1_5MmWPELGN6y03T7uWQcS9J,Good job.,5,0,8.6.2,2025-04-07 21:15:16,,,8.6.2
c075be49-eff3-4b26-9ba7-48f152d0ac37,Burham Inox,https://play-lh.googleusercontent.com/a-/ALV-UjXM_Id7k4gAYyrxbv6WdWHjN3RFRgNUZE0wmE869g1R1LLcRlrO,Lag banget ngen**,1,0,8.7.0,2025-04-07 20:58:05,"Hai Kak Burham. Mohon maaf untuk ketidaknyamanannya, silakan coba restart handphone Kakak. Apabila masih terdapat kendala silakan hubungi kami di DM Instagram @telkomsel atau hubungi kami di tsel.id/chatva. Semoga membantu. :) -Alma",2025-04-07 23:27:51,8.7.0
cf98b85d-648c-4aa4-aba2-4af4f79b633b,Ruvie Hardan,https://play-lh.googleusercontent.com/a/ACg8ocIUgxSiSDq0ec1p4n-Ynf9emzJ6Jd3-koYvmrnX6Nk9oDeGmA=mo,"aplikasi ga guna udaht tau apk indihome dulu lemot eh mlh dijadiin satu sama MyTelkomsel, udah 5 kali instal msih juga lemot. klau gx niat buat aplikasi gx usah buatlah",1,0,,2025-04-07 20:34:30,"Hai Kak Ruvie. Mohon maaf untuk ketidaknyamanannya ya, silakan coba cara berikut ya Kak:
1. Clear cache aplikasi
2. Force close aplikasi
lalu coba login kembali, apabila masih mengalami kendala, silakan hubungi kami melalui DM Instagram @Telkomsel atau hubungi kami di tsel.id/chatva. Semoga membantu. :) -Alma",2025-04-08 06:00:19,
5368e711-fff0-4aa9-bae1-acbca448a39a,Kyy,https://play-lh.googleusercontent.com/a-/ALV-UjUjiMDRudXNtXsliNrvggw_x4STk6Iylb4Nes8XnQiLSPxy8uYi,"mantap MyTelkomsel sekarang bisa beli kuota pake saldo dana tanpa tersambung internet / tanpa ada kuota. memudahkan org yg mau beli paket kuota tapi gaada kuota internet , teruskan semoga seperti ini terus 👍👍👍",5,0,8.6.2,2025-04-07 20:29:23,,,8.6.2
5723d953-321d-4153-ade1-79d452ac8dd6,Puteri Tsani,https://play-lh.googleusercontent.com/a/ACg8ocIS5CKAI1r6PoIW1iYlmjENtUmnhePG0-Xn9ylIN4AF5zsWVA=mo,"gabisa buka aplikasi, pdhl mau cek kuota kesel bgt",2,0,8.6.2,2025-04-07 20:26:06,"Hai Kak. Mohon maaf untuk ketidaknyamanannya ya, silakan coba cara berikut ya Kak:
1. Clear cache aplikasi
2. Force close aplikasi
lalu coba login kembali, apabila masih mengalami kendala, silakan hubungi kami melalui DM Instagram @Telkomsel atau hubungi kami di tsel.id/chatva. Semoga membantu. :) -Alma",2025-04-08 02:29:03,8.6.2
5d217ecf-0ee9-4498-8e48-ce465905c842,Barel Rudi,https://play-lh.googleusercontent.com/a/ACg8ocIcVS__xSgr7P2SHXRzJ2vVV-4QFPIYT1ARSJIbXIZg35Y_Kg=mo,aplikasi terbaru telkomsel silahkan download my telkomsel BASIC,5,0,,2025-04-07 20:04:53,,,
e676764b-da6c-4e06-a88b-59a193b1b3aa,Cucu Ghina,https://play-lh.googleusercontent.com/a/ACg8ocJWc9KR44VzFaDv4ypNPqviE2Pk2SQEgpkt9bOrbpLIpRnAPw=mo,baguss,5,0,8.6.2,2025-04-07 20:02:17,,,8.6.2
90a70634-afba-42e0-ae11-06b24ef74f45,Na din,https://play-lh.googleusercontent.com/a/ACg8ocKLtM6YQpdXP02zT_ui13HQLtRP3Pv-_gei-LDh02zAiX7E0w=mo,"aplikasi sampah,jangan didownload bikin lecewa aja !",1,0,8.6.2,2025-04-07 19:59:01,"Hai Kak Nadin, Mohon maaf untuk ketidaknyamanannya ya, silakan coba cara berikut ya Kak:
1. Clear cache aplikasi
2. Force close aplikasi
lalu coba login kembali, apabila masih mengalami kendala, silakan hubungi kami melalui DM Instagram @Telkomsel atau chat di tsel.id/chatva. Semoga membantu. :) -Edo",2025-04-08 06:21:09,8.6.2
a3c5d307-b1cd-4aa7-9baf-e7b64ed736e4,Hasan Wirayudha,https://play-lh.googleusercontent.com/a/ACg8ocI3THfyHA5ChYxL1mdoL4_o33aKwNo7PYgRIbwqxj2U-AnH7A=mo,mahal suka ngadat,1,0,8.6.2,2025-04-07 19:50:27,"Hai Kak Hasan. Mohon maaf untuk ketidaknyamanannya, silakan coba restart handphone Kakak. Apabila masih terdapat kendala silakan hubungi kami di DM Instagram @telkomsel atau hubungi kami di tsel.id/chatva. Semoga membantu. :) -Alma",2025-04-08 06:00:47,8.6.2
bceccae9-f30b-470b-9ed6-82438d105dd5,Arlit gaming,https://play-lh.googleusercontent.com/a-/ALV-UjWlBWyB0S5SwtBYIfmcyhDvp8eZwDYLERlZzCRkboQkg1zejQg,jaringan mu perbaiki dlu,1,0,8.6.2,2025-04-07 19:42:11,"Hai Kak Arlit. Mohon maaf untuk ketidaknyamanannya, silakan coba restart handphone Kakak. Apabila masih terdapat kendala silakan hubungi kami di DM Instagram @telkomsel atau hubungi kami di tsel.id/chatva. Semoga membantu. :) -Alma",2025-04-08 06:01:13,8.6.2
b1949ad4-b06e-4c5f-a67a-a7c79de64574,Mohamad Rizaldi Kusumawardana S.T,https://play-lh.googleusercontent.com/a-/ALV-UjUHqYPihEQnAbMnQGcg5QyPbNE3t38bc6RcNTrUDZ8YUZd3nWiH,"Amat disayangkan Setiap kali update, bukannya makin improve yang ada malah makin error' ga jelas. Sinyal dilapangan pun sering atau bahkan makin tidak stabil. Ini Dev nya kekurangan dana pengembanganan atau banyak dkorup dana nya, miris Dev sekelas Nasional ga karuan gini.",1,6,8.6.2,2025-04-07 19:20:02,"Hai, Kak Rizaldi. Maaf banget ya jadi gak nyaman, terkait keluhan aplikasi MyTelkomsel error saat diakses dan sinyal yang gak stabil. Yuk segera hubungi Mimin melalui fitur bantuan di DM Instagram @Telkomsel atau kirim email ke cs@telkomsel.com untuk dibantu lebih lanjut. Mimin tunggu ya kak. Makasih :) -Edo",2024-04-25 13:46:40,8.6.2
a420ba5a-8b0f-4fe8-9b03-0c3bacb7042f,Shinigami 28,https://play-lh.googleusercontent.com/a-/ALV-UjUvUMU8LE1k71wjFIc2iqSJcEnz_mVkuLbb32OJJzNvSxh-u79J,"lemot aplikasinya, padahal wifi lancar jaya tapi tiap mau paketin telkomnyet ini lemot bgt aplikasinya",1,0,,2025-04-07 19:19:32,"Hai Kak. Mohon maaf untuk ketidaknyamanannya ya, silakan coba cara berikut ya Kak:
1. Clear cache aplikasi
2. Force close aplikasi
lalu coba login kembali, apabila masih mengalami kendala, silakan hubungi kami melalui DM Instagram @Telkomsel atau hubungi kami di tsel.id/chatva. Semoga membantu. :) -Alma",2025-04-07 23:28:54,
80fdff3d-7c1c-4d6e-ba76-a520ca4848c7,Dani Komara,https://play-lh.googleusercontent.com/a-/ALV-UjVvZNbSpFBxsNq4ysFkeebLRdkH6mjBjfgkjoJ2LBD2GrG9cNWs,Lemott,1,0,8.7.0,2025-04-07 19:08:15,"Hai Kak Dani. Mohon maaf untuk ketidaknyamanannya, silakan coba restart handphone Kakak. Apabila masih terdapat kendala silakan hubungi kami di DM Instagram @telkomsel atau hubungi kami di tsel.id/chatva. Semoga membantu. :) -Alma",2025-04-07 23:29:41,8.7.0
2b70d77b-e19e-41df-b395-01ba289d02db,Alvian Ginting,https://play-lh.googleusercontent.com/a/ACg8ocKKVkA7h6Nex-UEtax9UWQCj9PGyClrx3TcY9kUe2kYOS5QTw=mo,"kalau gk bisa buat amplikasi mendingan gk usah deh,buat sulit aja",1,0,,2025-04-07 18:44:07,,,
ba4c8cbf-094a-4f27-9153-badc22a8f37b,Ahdan Habibi,https://play-lh.googleusercontent.com/a-/ALV-UjXEhsULQxA_hiuV6M_K0qeskWtACwvu9aY8wIM1wkr8-EoyBSUY,Makin di update my Telkomsel ksni nya kok knapa makin lemot. Sudah dikasih bintang 5 juga. Tolong di stabilkan lagi my Telkomsel. Jangan membuat kecewa...,5,0,8.7.0,2025-04-07 18:42:29,,,8.7.0
23b5b912-4e35-4f81-833d-14a5a63f225a,Tegar Ibrahim113,https://play-lh.googleusercontent.com/a-/ALV-UjUqfUK3Sxf22kGW0rmYQQelUqBbig3goJEVWTrefWVU9CuxPMI,masih ngebug loading nya lamaa! mau beli kuota susah literally harus di daerah 5g malass nyooo,1,0,8.6.2,2025-04-07 18:36:09,"Hai Kak Tegar. Mohon maaf untuk ketidaknyamanannya ya, silakan coba cara berikut ya Kak:
1. Clear cache aplikasi
2. Force close aplikasi
lalu coba login kembali, apabila masih mengalami kendala, silakan hubungi kami melalui DM Instagram @Telkomsel atau hubungi kami di tsel.id/chatva. Semoga membantu. :) -Alma",2025-04-07 23:30:26,8.6.2
27aa2c7f-e056-4400-a66b-5fed9b098874,bang_jack chanel,https://play-lh.googleusercontent.com/a-/ALV-UjVMEOdegqxPH50eRVANW5zNJn0TJykrbUf-zi9vHTKRp3iE2ymn,telkomsel makin kesini makin ancur.jaringan lemot jd kaya sampah. puluhan tahun gw pake tsel skrang2 ini ancur,1,0,8.6.2,2025-04-07 18:30:30,"Hai Kak. Mohon maaf untuk ketidaknyamanannya, silakan coba restart handphone Kakak. Apabila masih terdapat kendala silakan hubungi kami di DM Instagram @telkomsel atau hubungi kami di tsel.id/chatva. Semoga membantu. :) -Alma",2025-04-07 23:31:13,8.6.2
00705609-6f22-46ce-89eb-be87a1309637,Muji Warto,https://play-lh.googleusercontent.com/a-/ALV-UjXjx21vlwbEGLOlgZyZMa4ycrurb9K3L1F5OkwFun_EPuXANvsG,mau cek kuota aja lelet bet,1,0,,2025-04-07 18:01:17,"Hai Kak Muji Warto. Mohon maaf untuk ketidaknyamanannya, silakan coba restart handphone Kakak. Apabila masih terdapat kendala silakan hubungi kami di DM Instagram @telkomsel atau hubungi kami di tsel.id/chatva. Semoga membantu. :) -Alma",2025-04-07 23:32:00,
3858ffbb-851d-4998-ab43-ebc48086159a,Fdlyaaa,https://play-lh.googleusercontent.com/a-/ALV-UjVb4r38rvaHzF6KhPL7D_-BoSiUJY3CtKyV4BbBu748jgzpfyA,"kuota udah tipis mau daftar lagi malah lagg parah aplikasinya, padahal buka YouTube tiktok baik-baik aja, di refresh beberapa kali juga tetep sama, aneh loh, saya cek axis net juga baik-baik aja. ternyata bener aplikasi my Telkomsel yang agak begituuuuuuu",1,0,,2025-04-07 18:00:15,,,
2e264ba6-d7f4-4d4d-9985-9eadff8fa045,Ferdi Takalawangan,https://play-lh.googleusercontent.com/a/ACg8ocKIhDWpe-0Sjf_Tj2t_oHnjvOe7paMvyhYu0Uv-gsYWuX1xHw=mo,nice,5,0,,2025-04-07 17:58:11,,,
503e7403-2324-4b77-99bc-fd12f5f722ee,M teguh Setiawan,https://play-lh.googleusercontent.com/a/ACg8ocLTLkleCuq4Wkf3x7r6Bo8caWcAQo6nNvev_335gngmnkQzdw=mo,"jaringan nya gak pernah di perbaiki. saya herann, buat main game atau nonton vidio, jaringan nya lancar. tapi kalo buat buka apk MyTelkomsel gak bisa sama sekali.",1,0,8.6.2,2025-04-07 17:57:22,"Hai Kak Teguh, Mohon maaf untuk ketidaknyamanannya, silakan coba restart handphone kakak. Apabila masih terdapat kendala silakan hubungi kami di DM Instagram @telkomsel atau chat di tsel.id/chatva. Semoga membantu. :) -Edo",2025-04-01 10:13:04,8.6.2
a5266e40-f2f6-4f0d-8051-e38e9fb0b027,Ana Oegi,https://play-lh.googleusercontent.com/a/ACg8ocIkhlfz29NzSf9o6qsqQK_csOpZPxhVpBqCeZi3NjOqclyBcg=mo,aplikasi berat... makin lama makin berat...,1,0,8.6.2,2025-04-07 17:55:24,"Hai, Kak Ana. Mohon maaf untuk ketidaknyamanannya ya, apabila aplikasi MyTelkomsel terlalu berat di handphone Kakak, silakan coba unduh MyTelkomsel Basic. Aplikasi ini sudah tersedia di PlayStore. Apabila masih mengalami kendala, silakan hubungi kami melalui DM Instagram @Telkomsel atau chat di tsel.id/chatva. Semoga membantu. :) -Alma",2025-04-07 23:32:40,8.6.2
acceff83-f7ac-41ef-870f-ae10f374e211,42_nindia putri andini,https://play-lh.googleusercontent.com/a-/ALV-UjXuer-y-BcARsSHaJyXtC8PgDMsikiIeD4x_-vCvgOLrw0uhWqs,"maaf ini bahasan diluar aplikasi, saya sangat menyesal dengan telkomsel masak saya isi pulsa banyak untuk beli kuota telkomsel selalu paket akses nya terhenti maksutnya apa ya!!!!!!!!!!! tolong saya capek banget ganti rugi uang saya!!!!!!!!!!!!",1,4,8.7.0,2025-04-07 17:53:25,,,8.7.0
6859a381-1636-429f-a506-1d60c10c1073,GAMING ID,https://play-lh.googleusercontent.com/a/ACg8ocJYkVorwH-rGrlRQjGr5VbgmavVuuToioB0Gj_tpan8NOiDYQ=mo,paket mahal jaringan lemot parah Telkomsel gj banget,1,0,,2025-04-07 17:50:45,"Hai Kak. Mohon maaf untuk ketidaknyamanannya, silakan coba restart handphone Kakak. Apabila masih terdapat kendala silakan hubungi kami di DM Instagram @telkomsel atau hubungi kami di tsel.id/chatva. Semoga membantu. :) -Alma",2025-04-08 03:55:38,
0f9938e5-bd7c-49fa-a352-98b28647d6ff,Meisya,https://play-lh.googleusercontent.com/a/ACg8ocJj0l6ytVWyqQONiWqmsX-EM6q01D4EBmRjIN77c-e4fFnu4A=mo,sering lemot,3,0,,2025-04-07 17:37:27,"Hai Kak Meisya. Mohon maaf untuk ketidaknyamanannya ya, silakan coba cara berikut ya Kak:
1. Clear cache aplikasi
2. Force close aplikasi
lalu coba login kembali, apabila masih mengalami kendala, silakan hubungi kami melalui DM Instagram @Telkomsel atau hubungi kami di tsel.id/chatva. Semoga membantu. :) -Alma",2025-04-08 04:28:39,
d19f40c8-a90c-4177-80ff-4344d76a43bb,bambang Bagusni,https://play-lh.googleusercontent.com/a-/ALV-UjWWsZk17ODrRltIyb_NL39K28eVmAxhltnxmHC4Ef62RKtbpxo3,"yg penting berguna,,,oke",5,0,,2025-04-07 17:37:10,,,
b955c7dc-149b-4b24-85fd-ec5e682ec6ce,DaaNeesh Aftab Saputra1612,https://play-lh.googleusercontent.com/a/ACg8ocK3D9vAyUKrEcmolyqGFEcnEUQoDvoqh7qXmSYp7OIk5rQPaA=mo,update terus apk erorrr,1,0,8.6.2,2025-04-07 17:30:11,"Hai Kak. Mohon maaf untuk ketidaknyamanannya ya, silakan coba cara berikut ya Kak:
1. Clear cache aplikasi
2. Force close aplikasi
lalu coba login kembali, apabila masih mengalami kendala, silakan hubungi kami melalui DM Instagram @Telkomsel atau hubungi kami di tsel.id/chatva. Semoga membantu. :) -Alma",2025-04-08 01:23:08,8.6.2
1e607585-4625-4b5b-a46b-4e2bda805c2d,Langit Langit,https://play-lh.googleusercontent.com/a-/ALV-UjXyP6xdkog_Niibdey6bM1X-74HefrEEKiKEV5ADS4XRieBXPPY,"aplikasi sampah!!! cukup buat cek kuota, beli kuota, isi pulsa. Lemot banyak fitur ga guna!!!! tukang spam sms pula. PAKET MAHAL, BIKIN APLIKASI GA BISA!!!",1,2,8.6.2,2025-04-07 17:26:46,"Hai. Mohon maaf atas ketidaknyamanan yang  dialami. Untuk keluhan mengenai tidak dapat mengakses rincian kuota pada Aplikasi My Telkomsel dan mengenai jaringan, silakan konfirmasi ke twitter @telkomsel atau Facebook Telkomsel, agar kami bantu pengecekan lebih lanjut. Terima kasih :) -Yasmine",2018-09-26 06:49:27,8.6.2
3634ec6e-78c1-407a-aa41-41096931356d,Engine_ SoloPlayer,https://play-lh.googleusercontent.com/a-/ALV-UjUsgJkh9egYnpQ3Slbl9SgfphRv1WKo8ZTITEb2BR1SVnhfI7U,"Habis update gak bisa nonaktifkan paket,banyak fungsi yg ilang",1,0,8.3.0,2025-04-07 17:25:13,,,8.3.0
04ac42f1-73b9-4827-9882-f15529e99e87,hendri alamsyah,https://play-lh.googleusercontent.com/a-/ALV-UjU-FSI6SURn0uUrxa1BbghBr4y9I4psKaswwDLrkWcuxYMbKP7g,Telkomsel luar biasa,5,0,8.7.0,2025-04-07 17:18:54,,,8.7.0
089ccbc6-e351-461d-a618-945e8511c98f,iqbal alfazi,https://play-lh.googleusercontent.com/a/ACg8ocLnDrDvkue7lxnD1tGmUqY3j_0H89r66NJXs5kd5LvsLvhXeg=mo,Fitur auto-renew paket data bisa diaktifkan/nonaktifkan dengan mudah.,5,0,8.6.2,2025-04-07 17:17:53,,,8.6.2
a61157d3-62c5-4ee6-87bf-b5b42e4f1463,Pakiban 27,https://play-lh.googleusercontent.com/a/ACg8ocIFxydjgwqgeZ3HTL3FjZmRHWyPCV4omTdKvFgj0B_wsh0XnQ=mo,aplikasi lelet,2,0,8.6.2,2025-04-07 17:06:45,"Hai Kak Pakiban. Mohon maaf untuk ketidaknyamanannya ya, silakan coba cara berikut ya Kak:
1. Clear cache aplikasi
2. Force close aplikasi
lalu coba login kembali, apabila masih mengalami kendala, silakan hubungi kami melalui DM Instagram @Telkomsel atau chat di tsel.id/chatva. Semoga membantu. :) -Sekar",2025-02-05 06:17:36,8.6.2
a2ed055b-fc84-4d67-ab06-10d306c1d3df,Ahong 0305cuak,https://play-lh.googleusercontent.com/a/ACg8ocLcv6yxvZN4O2FOakjuTWhw1pf9T4-OwYDodKYuj2uM6spLzg=mo,aku sudah aplikasi my Telkomsel sangat membantu 👍👍👍👍👍👍,5,0,,2025-04-07 17:06:05,,,
1be80ea2-3876-425d-a392-27674c3aec10,Salomo Hutabarat,https://play-lh.googleusercontent.com/a/ACg8ocLiS5sA-ohhKgAVEj96nDF1gr8MQthmMsspCOehVYAJFSfs1w=mo,saya mau login ke no saya malah larinya ke akun orang lain,1,0,,2025-04-07 17:02:51,"Hai Kak Salomo. Mohon maaf untuk ketidaknyamanannya ya, silakan coba cara berikut ya Kak:
1. Clear cache aplikasi
2. Force close aplikasi
lalu coba login kembali, apabila masih mengalami kendala, silakan hubungi kami melalui DM Instagram @Telkomsel atau hubungi kami di tsel.id/chatva. Semoga membantu. :) -Alma",2025-04-08 03:56:07,
b81ed16b-71c5-45b5-88ab-28f8c2513b69,Naufal Romiz,https://play-lh.googleusercontent.com/a-/ALV-UjWv49vtZU2RmoH0irgz7aoJJnTXuMex5MfMYiOLbqG3gfJzoaQ,aplikasi nge leg,1,0,8.7.0,2025-04-07 16:59:08,"Hai Kak Naufal. Mohon maaf untuk ketidaknyamanannya ya, silakan coba cara berikut ya Kak:
1. Clear cache aplikasi
2. Force close aplikasi
lalu coba login kembali, apabila masih mengalami kendala, silakan hubungi kami melalui DM Instagram @Telkomsel atau hubungi kami di tsel.id/chatva. Semoga membantu. :) -Alma",2025-04-08 01:24:38,8.7.0
e3a7febd-84ed-4bb2-be2c-88248539a736,Fransiskus 007,https://play-lh.googleusercontent.com/a-/ALV-UjW19RlzDn_aCgMP0p88kyFblxKxfh3gws-mAIDwqFlVfd83T4pD,"jaringan sih bagus, tapi ini tolong benerin aplikasi dari my telkomsel nya, loading teruss, sampe mau liat sisa kuota aja susah banget",1,0,8.6.2,2025-04-07 16:55:58,"Hai, Kak Fransiskus. Maaf ya bikin Kakak ga nyaman. Untuk keluhan akses internet lambat, agar dapat mimin bantu lebih lanjut, Kakak bisa menghubungi mimin melalui akun Twitter @telkomsel, Telegram @Telkomsel _official_bot, Facebook Messenger 'Telkomsel', LINE @Telkomsel, atau WhatsApp Telkomsel VIrtual Asisten. Mimin tunggu ya Kak. Makasih :) -Arno",2021-04-18 15:17:01,8.6.2
39b1ac77-d522-4d33-bc96-a8602a785e09,harry prass,https://play-lh.googleusercontent.com/a-/ALV-UjVRZOVpPzZqwSrYg682wX-xtXKHXCvgI-j0GfM1PMzvjB-S39w,loading terlalu lama,1,0,8.6.2,2025-04-07 16:55:44,"Hai Kak Harry. Mohon maaf untuk ketidaknyamanannya ya, silakan coba cara berikut ya Kak:
1. Clear cache aplikasi
2. Force close aplikasi
lalu coba login kembali, apabila masih mengalami kendala, silakan hubungi kami melalui DM Instagram @Telkomsel atau hubungi kami di tsel.id/chatva. Semoga membantu. :) -Alma",2025-04-08 01:25:17,8.6.2
a1192704-826f-40b9-a155-160aa5c6012d,dewan harianto,https://play-lh.googleusercontent.com/a-/ALV-UjUWAVhtjS9qvW7P7u0aTx1kubpZIEzQHbUte07pACJxK1Nw6Rg,"setelah update,,, malah error,, ngga bisa dibuka, loading mulu,,, parah!!",1,0,,2025-04-07 16:52:10,"Hai Kak Dewan. Mohon maaf untuk ketidaknyamanannya ya, silakan coba cara berikut ya Kak:
1. Clear cache aplikasi
2. Force close aplikasi
lalu coba login kembali, apabila masih mengalami kendala, silakan hubungi kami melalui DM Instagram @Telkomsel atau hubungi kami di tsel.id/chatva. Semoga membantu. :) -Alma",2025-04-07 23:33:46,
088cdb2d-8ae8-4628-8eef-c17827b84776,gusmarani kosasih,https://play-lh.googleusercontent.com/a-/ALV-UjVlOXDMvg7PpmSqN9nW6P0glv1VhAO4Sd7mtPVcDixeyaYAJWc-,"pilihan paket kuota internet tidak relevan dengan penggunaan saya tiap bulan ±50gb, alhasil sisa paket terbuang sia-sia, sama aja dipaksa hambur duit",1,5,8.6.2,2025-04-07 16:49:22,"Maaf ya, Kak. Untuk keluhan aplikasi MyTelkomsel. Agar Mimin bisa bantu Kakak lebih optimal, tolong hubungi Mimin melalui fitur bantuan di aplikasi MyTelkomsel, atau kirim email ke cs@telkomsel.co.id, Twitter @Telkomsel, Facebook Messenger 'Telkomsel', LINE @Telkomsel, atau WhatsApp Telkomsel Virtual Asisten. Makasih :) –Lina",2021-09-18 08:01:08,8.6.2
06e7d604-1b5c-4745-80b5-2d0c062f4913,Ipram Ipram,https://play-lh.googleusercontent.com/a-/ALV-UjXLrRnKFGIYePRdvRVPO5GwIxivk3ORClUCdkhPQyNFsj5Z0AU,"saya puluhan tahun menggunakan Telkomsel,setiap bulan beli data paket 116 ribu, jaringan nya sangat mengecewakan,apa saya beralih ke jaringan tri saja ya, betul betul kecewa dengan Telkomsel 👊👊👊👎👎👎,sangat memuakan, Telkomsel tidak jelas,ingat... saingan kamu itu banyak.telkomsel jaringan taik",1,0,,2025-04-07 16:47:09,,,
77626fa2-704a-4e4b-a325-5688d33cae98,Beny Rahmat Mulyadi,https://play-lh.googleusercontent.com/a-/ALV-UjXFFpJnWllBVsnTDBZGTv2hANdYBqKPYwIDkgG_pB-jVp7Cd3kl,jaman makin canggih tapi kualitas sinyal tetep aja jelek,1,0,8.3.0,2025-04-07 16:43:41,"Hai Kak Beny. Mohon maaf untuk ketidaknyamanannya, silakan coba restart handphone Kakak. Apabila masih terdapat kendala silakan hubungi kami di DM Instagram @telkomsel atau hubungi kami di tsel.id/chatva. Semoga membantu. :) -Alma",2025-04-07 23:34:24,8.3.0
f591b91f-6706-4326-ba6b-3a57ec016cf9,Michael Lumbantoruan,https://play-lh.googleusercontent.com/a-/ALV-UjXx_x_7azttfoTXxuQv-YilkiDiIBORn0erMmn6b8eO4Vqpf9uH,setelah beli paket data kuota nya ga masuk dan uang nya dikembalikan lagi ke e wallet ada apa?,1,0,6.6.1,2025-04-07 16:42:02,"Hai Kak Michael. Mohon maaf untuk ketidaknyamanannya, karena kami memerlukan informasi lebih lanjut untuk membantu Kakak, silakan hubungi kami di DM Instagram @telkomsel atau hubungi kami di tsel.id/chatva. Semoga membantu. :) -Alma",2025-04-08 03:56:41,6.6.1
fe1ab432-8e9d-4af5-a616-6776c1838534,Saka hadiputra,https://play-lh.googleusercontent.com/a-/ALV-UjWxAmPXpf0dqSC44NWyYeXOETHKcb8cZJoOIGLK1x_R2mfu9AWL,seriusan ini aps nya GK bisa dipakai bug Mulu,1,0,8.6.2,2025-04-07 16:38:01,"Hai Kak Saka. Mohon maaf untuk ketidaknyamanannya ya, silakan coba cara berikut ya Kak:
1. Clear cache aplikasi
2. Force close aplikasi
lalu coba login kembali, apabila masih mengalami kendala, silakan hubungi kami melalui DM Instagram @Telkomsel atau hubungi kami di tsel.id/chatva. Semoga membantu. :) -Alma",2025-04-07 23:34:56,8.6.2
f4d482a4-0167-4ad1-8b24-5b76952618ef,Denis Salpian,https://play-lh.googleusercontent.com/a/ACg8ocKfmoLnm6k6BbWlpRVYsn1zO850OrgRSMR2tJowUgWWwKV1HAM=mo,"mahal doang , lag parah",1,0,8.6.2,2025-04-07 16:34:02,"Hai Kak Denis. Mohon maaf untuk ketidaknyamanannya, silakan coba restart handphone Kakak. Apabila masih terdapat kendala silakan hubungi kami di DM Instagram @telkomsel atau hubungi kami di tsel.id/chatva. Semoga membantu. :) -Alma",2025-04-07 23:45:38,8.6.2
db29181d-6b25-4cda-86e4-7d1500d06bb6,Frans daeliy,https://play-lh.googleusercontent.com/a-/ALV-UjWTlOVFvuyRsqrinR3kdWqbuv6RJEIkRp6MCbYPE6WIFZKXHQX_,sering eror nih my Telkomsel Susa amatt buka nya,3,0,8.7.0,2025-04-07 16:32:16,"Hai Kak Frans. Mohon maaf untuk ketidaknyamanannya ya, silakan coba cara berikut ya Kak:
1. Clear cache aplikasi
2. Force close aplikasi
lalu coba login kembali, apabila masih mengalami kendala, silakan hubungi kami melalui DM Instagram @Telkomsel atau hubungi kami di tsel.id/chatva. Semoga membantu. :) -Alma",2025-04-08 04:29:03,8.7.0
6ddaa95c-3953-4ab3-9b63-67f46b00a20a,Zhesan Syakil,https://play-lh.googleusercontent.com/a-/ALV-UjXYnWBUf4HsuFBmyOBeH19fiZLIAKPL7BQdUIK7qEciHkECKxx3,"sudah 6 tahun pake telkom , makin kesini makin parah sinyal , selalu saja tiba tiba hilang , fix saya akan ganti kartu telkom ini !! makin parah",1,0,8.6.2,2025-04-07 16:27:59,"Hai Kak Zhesan. Mohon maaf untuk ketidaknyamanannya, silakan coba restart handphone Kakak. Apabila masih terdapat kendala silakan hubungi kami di DM Instagram @telkomsel atau hubungi kami di tsel.id/chatva. Semoga membantu. :) -Alma",2025-04-07 23:46:36,8.6.2
10f538cd-0797-4260-892b-7530d1367161,Genius Costantien,https://play-lh.googleusercontent.com/a-/ALV-UjWC3TYSxvzk9MpJYM5ANQxJ3b-AWH9bHqzpn05K0_oU4xuEFZfd,Eror mulu dah,5,0,8.6.2,2025-04-07 16:18:02,,,8.6.2
813d56cc-6209-4adf-920b-5599a7d9b427,Nasir Jotun,https://play-lh.googleusercontent.com/a-/ALV-UjXdjlJuP7MFYLKcWKtqjBRXdnJZoGZ7ea6Dic3DmKOnd0iQNB8,sinyal burik telkomsel gak jelas ganti ke provider lain aja buka hp muter2 padahal baru di isi Quota nyesel pake telkomsel,1,0,,2025-04-07 16:16:34,"Hai Kak Nasir. Mohon maaf untuk ketidaknyamanannya, silakan coba restart handphone Kakak. Apabila masih terdapat kendala silakan hubungi kami di DM Instagram @telkomsel atau hubungi kami di tsel.id/chatva. Semoga membantu. :) -Alma",2025-04-07 23:46:33,
e3133920-2bac-4d10-a97b-e5bc56198107,TREESIA OKTAVIA,https://play-lh.googleusercontent.com/a-/ALV-UjUJSKUrx4KMQQFjsT20SUE8S9n8z0w6jlD5GKFWGQ7O1Wx3J8_-,aplikasi konyol. loading terus 3 hari.,1,0,8.6.2,2025-04-07 16:08:43,"Hai Kak Treesia. Mohon maaf untuk ketidaknyamanannya ya, silakan coba cara berikut ya Kak:
1. Clear cache aplikasi
2. Force close aplikasi
lalu coba login kembali, apabila masih mengalami kendala, silakan hubungi kami melalui DM Instagram @Telkomsel atau hubungi kami di tsel.id/chatva. Semoga membantu. :) -Alma",2025-04-07 23:47:40,8.6.2
64e0b165-948b-4a97-b50e-249baeeccc69,benny medah,https://play-lh.googleusercontent.com/a-/ALV-UjVLsbR590QnF-Y1wsaxACqV5zUM-SxEKnwNTPRVfmWyl1-z7oE8,"My Telkomsel sangat memuaskan, mudah dan membantu👍👍👍",5,0,8.6.2,2025-04-07 16:07:00,,,8.6.2
cb61c06a-51e2-4bf0-b9f3-57d1f8cdd2bb,Gensa Purwa Adinugraha,https://play-lh.googleusercontent.com/a-/ALV-UjXH8QXaw3NiVGmE5ENYC7I5uCxQBlmQs6Gci3LxfFnvn06oJo4,ini saya udah kejadian berapa kali loding koutanya lama banget saya udah instal dan uninstal berapa kali cuma buat cek kouta tolong bikin aplikasi yang bener jangan di perbaharui mulu kalo buat loding kouta aja masih lama tolong di benerin kouta saya habis duluan buat instal ini apk berapa kali,1,0,8.6.2,2025-04-07 16:05:05,"Hai Kak Gensa, Mohon maaf untuk ketidaknyamanannya ya, silakan coba cara berikut ya Kak:
1. Clear cache aplikasi
2. Force close aplikasi
lalu coba login kembali, apabila masih mengalami kendala, silakan hubungi kami melalui DM Instagram @Telkomsel atau chat di tsel.id/chatva. Semoga membantu. :) -Edo",2025-04-08 06:26:25,8.6.2
be63a013-b948-4268-9bce-447d7faa031a,Pasanea Andre,https://play-lh.googleusercontent.com/a-/ALV-UjXCbLa8aisqn9yO52Z835YPpxeCeQG3P_fcWc2ItrioFPEoyrc,mantap jaringan nya,5,0,8.7.0,2025-04-07 16:04:27,,,8.7.0
02f3b9de-3dc5-4def-b3a4-9864e76972ae,Muhammad Iqbal,https://play-lh.googleusercontent.com/a-/ALV-UjVOckkqdX9evWp82qprHG49djOt4ByeJWaxFZMxnldG1c9AWqM,min bisa gk sii kualitas jaringan nya bagusan dikit udh belik mahal² malah gk ke pakek. udh kalah tuh sama jaringan 3,1,0,8.6.2,2025-04-07 16:02:36,"Hai Kak Iqbal. Mohon maaf untuk ketidaknyamanannya, silakan coba restart handphone Kakak. Apabila masih terdapat kendala silakan hubungi kami di DM Instagram @telkomsel atau hubungi kami di tsel.id/chatva. Semoga membantu. :) -Alma",2025-04-07 23:48:14,8.6.2
34020a4c-8ada-4c1e-bbcd-3d40cf749d7a,Rahmat Widodo,https://play-lh.googleusercontent.com/a-/ALV-UjUJAVHgWP-q0t-vGJ4cndSZRfz8Mhk3depR2sO8fFBOzbM8cuw,apk busuk delay parah,1,0,,2025-04-07 16:02:05,"Hai Kak Rahmat. Mohon maaf untuk ketidaknyamanannya ya, silakan coba cara berikut ya Kak:
1. Clear cache aplikasi
2. Force close aplikasi
lalu coba login kembali, apabila masih mengalami kendala, silakan hubungi kami melalui DM Instagram @Telkomsel atau hubungi kami di tsel.id/chatva. Semoga membantu. :) -Alma",2025-04-07 23:48:35,
bd3cceca-72e3-4e46-a3aa-2580c8d669f8,Satria Dharma,https://play-lh.googleusercontent.com/a-/ALV-UjVyIQBfpcLqapxesY5-2nXz1m4ZP2jM-MOf_DKaQ97ZO9e4IVXH,"aplikasi semakin di update malah semakin lemot, cek kuota aja susah lama banget loading nya, mohon kedepannya untuk developer di perbaiki lagi",1,0,8.6.2,2025-04-07 16:00:45,"Hai Kak Satria. Mohon maaf untuk ketidaknyamanannya ya, silakan coba cara berikut ya Kak:
1. Clear cache aplikasi
2. Force close aplikasi
lalu coba login kembali, apabila masih mengalami kendala, silakan hubungi kami melalui DM Instagram @Telkomsel atau hubungi kami di tsel.id/chatva. Semoga membantu. :) -Alma",2025-04-07 23:48:59,8.6.2
381d3798-19b5-46e1-9526-578f83735b0b,kyy firstt,https://play-lh.googleusercontent.com/a/ACg8ocKn6z_UZ4bE_z00Pt6NzQUlzt5bKXt-KP3VSJkDaq4QzQe91w=mo,MAHALLLL GA MERAKYATT,1,0,,2025-04-07 15:59:03,"Hai Kak. Mohon maaf untuk ketidaknyamanannya, silahkan akses aplikasi MyTelkomsel untuk mendapatkan lebih banyak pilihan dan penawaran paket datanya ya Kak. Semoga membantu. :) -Alma",2025-04-07 23:49:25,
e24ccc55-0bf8-4e30-b7fd-d1d8ed6e3207,Eli Widia,https://play-lh.googleusercontent.com/a/ACg8ocJOrH3fT6Odj58GgNxJmAPFImxnU_k2GRNamzxWnBuLeSwOtA=mo,"susah sekali masuk aplikasi, datanya ga update, selalu muncul data yg sudah kadaluarsa.",3,0,,2025-04-07 15:56:42,"Hai Kak Eli, Mohon maaf untuk ketidaknyamanannya ya, silakan coba cara berikut ya Kak:
1. Clear cache aplikasi
2. Force close aplikasi
lalu coba login kembali, apabila masih mengalami kendala, silakan hubungi kami melalui DM Instagram @Telkomsel atau chat di tsel.id/chatva. Semoga membantu. :) -Edo",2025-04-08 09:48:11,
9b159594-041a-4c2d-b6a7-a158e3f9002f,Vivo Y19s,https://play-lh.googleusercontent.com/a/ACg8ocIpyt7grh6iLUFnkrKcxbS2pqVvQO5KMCp5y3BIm7tafjN_Lw=mo,sangat memuaskan,5,0,8.6.2,2025-04-07 15:54:58,,,8.6.2
887fccff-1226-4132-89f3-bff48bc3f8ac,Inneke Henni Novelina Purba,https://play-lh.googleusercontent.com/a-/ALV-UjVAvuSneuNef_F1YQ-Bwec8n2MbrM3wO8C9vOljYZRFF7TkOINt,"jaringan lelet selelet2nya, ampun deh telkomsel jaringan/sinyalmu lelet bangetttttt...",3,0,8.7.0,2025-04-07 15:50:38,"Hai Kak Inneke. Mohon maaf untuk ketidaknyamanannya, silakan coba restart handphone Kakak. Apabila masih terdapat kendala silakan hubungi kami di DM Instagram @telkomsel atau hubungi kami di tsel.id/chatva. Semoga membantu. :) -Alma",2025-04-08 04:29:30,8.7.0
cc636dde-a261-4ebb-b14f-2ed827596065,Shinko Yuruginai,https://play-lh.googleusercontent.com/a/ACg8ocJPY0Iw2SrHlqRMs49xXK2kIIpDTd5a6zwgOQMJnwTyoluglg=mo,"udah di update, udah di install ulang.. masih aja loading lama..",1,0,8.7.0,2025-04-07 15:50:09,"Hai Kak Shinko. Mohon maaf untuk ketidaknyamanannya ya, silakan coba cara berikut ya Kak:
1. Clear cache aplikasi
2. Force close aplikasi
lalu coba login kembali, apabila masih mengalami kendala, silakan hubungi kami melalui DM Instagram @Telkomsel atau hubungi kami di tsel.id/chatva. Semoga membantu. :) -Alma",2025-04-08 01:27:27,8.7.0
9e7fdfcf-275d-4066-a9f3-b725e31789c7,Mardani Grabcar,https://play-lh.googleusercontent.com/a/ACg8ocLjBkE_OsWPQLmiTrcAoFVPiGyjGH70l0_6r6Uhvq9Ib2wOnw=mo,mudah pengunaannya top markotop,5,0,8.6.2,2025-04-07 15:43:50,,,8.6.2
c8b556c8-9b98-45d0-8671-dd872a879c37,Rifaldi Ishak,https://play-lh.googleusercontent.com/a/ACg8ocJM_Xoc8LLq3xG5VQNFfd8DXLLoYhpLH58b-9oyCdnoY5_NjK8=mo,Aplikasi sering error assuw,2,0,7.5.0,2025-04-07 15:40:44,"Hai Kak Rifaldi. Mohon maaf untuk ketidaknyamanannya ya, silakan coba cara berikut ya Kak:
1. Clear cache aplikasi
2. Force close aplikasi
lalu coba login kembali, apabila masih mengalami kendala, silakan hubungi kami melalui DM Instagram @Telkomsel atau hubungi kami di tsel.id/chatva. Semoga membantu. :) -Alma",2025-04-08 02:29:28,7.5.0
bb74f230-bb66-4f04-a1c3-2373cbff69ba,Rachmat Hidayatullah,https://play-lh.googleusercontent.com/a/ACg8ocLrgK1OLX4piO32husIp3lS-SdIGHrRlrVYZAHkSEZNjRCc=mo,"Sinyal nya makin kesini, makin sulit broooo..",2,0,8.6.2,2025-04-07 15:38:49,"Hai Kak Rachmat. Mohon maaf untuk ketidaknyamanannya, silakan coba restart handphone Kakak. Apabila masih terdapat kendala silakan hubungi kami di DM Instagram @telkomsel atau hubungi kami di tsel.id/chatva. Semoga membantu. :) -Alma",2025-04-08 02:30:03,8.6.2
b4519cab-e4cb-4ca2-8279-b16953312f61,yogi adriani13,https://play-lh.googleusercontent.com/a/ACg8ocLD_dCDOMUMqm499BH3PK-EGvuRA1M4BmcgC348NqsWsnzj-Q=mo,paket mahal jaringan kek 💩,1,0,8.7.0,2025-04-07 15:37:15,"Hai Kak Yogi, silakan akses aplikasi MyTelkomsel untuk mendapatkan lebih banyak pilihan dan penawaran paket datanya ya, untuk kendala jaringan silakan coba restart handphone kakak. Apabila masih terdapat kendala silakan hubungi kami di DM Instagram @telkomsel atau chat di tsel.id/chatva. Semoga membantu. :) -Edo",2025-04-08 06:25:42,8.7.0
e15488b5-4301-45f6-9ceb-705279ce0fac,Fikri Fadillah,https://play-lh.googleusercontent.com/a/ACg8ocLbO6JxrXBK8jLDMcdw7F_sGZqbHZ-BB0AvX06fi94eY56heMg=mo,"GILA SIH INI Apk, udah harga kuota paling mahal jaringan kadang lemot, apk nya pun mau cek kuota aja loading trus nunggu udh 30mnit masih loading, GILA EMNG TELKOMSEL, Juju ya kalo gak sayang di nih nomor gak bakal gw jadi pengguna provider ini, Buat kalian yang mau pake Telkomsel mending pikir"" dulu dan coba survei provider lain dulu yang lebih worth it lahh ya seengga nya.",1,0,8.6.2,2025-04-07 15:36:53,,,8.6.2
08bd6554-a12a-47b7-930a-e58ae6dc0cf4,Fadly Alfitra,https://play-lh.googleusercontent.com/a/ACg8ocJXzkpHZdmZ2iUfTr5RVfLFAm-aO_RX8LiGvTeN14cyESzxWQ=mo,udah mahal tapi sinyal ke SAMPAH!,1,0,8.6.2,2025-04-07 15:31:43,"Hai Kak Fadly. Mohon maaf untuk ketidaknyamanannya, silakan coba restart handphone Kakak. Apabila masih terdapat kendala silakan hubungi kami di DM Instagram @telkomsel atau hubungi kami di tsel.id/chatva. Semoga membantu. :) -Alma",2025-04-08 01:28:51,8.6.2
9e0d887f-944e-45e4-84a0-1cccd72733f7,Lucyeshf,https://play-lh.googleusercontent.com/a/ACg8ocJWNIvqmqzc-MefLF5eqF0PkcLxuTMwy6gO6CO5UgCkXGhUQw=mo,"telkomselll bintangg 100 deh, kartu ku udah engga aktif beberapa tahun lalu, trus aku minta aktivasi lagi karna urgent lewat dm ig, kirain aku gaakan bisa di aktivasi lagi karna udah beberapa tahun, tapi ternyataaa bisaaa dong nungguu beberapa harii dan bisaa kerenn sihh 💯💯💯",5,0,8.6.2,2025-04-07 15:23:51,,,8.6.2
3c6e98f4-32d4-42d5-bb6e-6a68fa9b077b,hyudekz,https://play-lh.googleusercontent.com/a-/ALV-UjXms6-ZyQKY52QPgXRRFOj8JAXblTJfL0f3e6I72aqmH4Psdng,jelek,1,0,8.7.0,2025-04-07 15:23:40,"Hai Kak Hyudekz, Mohon maaf untuk ketidaknyamanannya ya, silakan coba cara berikut ya Kak:
1. Clear cache aplikasi
2. Force close aplikasi
lalu coba login kembali, apabila masih mengalami kendala, silakan hubungi kami melalui DM Instagram @Telkomsel atau chat di tsel.id/chatva. Semoga membantu. :) -Edo",2025-04-08 06:57:40,8.7.0
fab48632-3f10-49fe-87c4-083da79e03a3,ebhe go,https://play-lh.googleusercontent.com/a-/ALV-UjWBviK5TrR7BKu4TPeuCRJH3Nc2uyIo0hX7wSq6eZAY3kjU3bXq,"awal beli paket harga 50.000 beli 2 ,3 kalinya 51.000 sip",1,0,8.6.2,2025-04-07 15:22:45,"Hai Kak Ebhe, silakan akses aplikasi MyTelkomsel untuk mendapatkan lebih banyak pilihan dan penawaran paket datanya ya Kak. Semoga membantu. :) -Edo",2025-04-08 06:58:44,8.6.2
94d0fc8c-988c-4785-baf8-aafbe870c594,Ahmad Rival,https://play-lh.googleusercontent.com/a-/ALV-UjVVUPQHJ6f1XgHBfhuwiNxGtQpDEgrYlJq0Zj2bt5L1iyXChCa3,"pembelian paket udah mulai lancar, tapi penggunaan paket seharusnya bisa di optimalkan. paket yg harusnya tgl kadaluarsanya lebih dulu yg harus dipakai",3,0,8.7.0,2025-04-07 15:19:48,,,8.7.0
c9cd5ac4-679e-4fdd-b6e7-847e9371c91b,H'ndra 003#743,https://play-lh.googleusercontent.com/a-/ALV-UjVD3AVm0w3fZAja2mY3cI4Evg3u0iv9Uy4RmBygAgzlI8bFauC-,"sinyal bagus, tp susuah buka apk,, 🤦🏼‍♂️",1,0,8.6.2,2025-04-07 15:07:26,"Hai Kak. Mohon maaf untuk ketidaknyamanannya ya, silakan coba cara berikut ya Kak:
1. Clear cache aplikasi
2. Force close aplikasi
lalu coba login kembali, apabila masih mengalami kendala, silakan hubungi kami melalui DM Instagram @Telkomsel atau hubungi kami di tsel.id/chatva. Semoga membantu. :) -Alma",2025-04-07 23:50:28,8.6.2
6dafedd4-3b6c-4a99-9961-ee0096a721ca,koboy letoy,https://play-lh.googleusercontent.com/a-/ALV-UjUy63ZZ6gI4LkEr_3FqCTiR5SM-7VRZ85oirRzsng2_8B1-UciG,ga bisa cek kuota dll,1,0,8.7.0,2025-04-07 15:04:53,"Hai Kak, Mohon maaf untuk ketidaknyamanannya ya, silakan coba cara berikut ya Kak:
1. Clear cache aplikasi
2. Force close aplikasi
lalu coba login kembali, apabila masih mengalami kendala, silakan hubungi kami melalui DM Instagram @Telkomsel atau chat di tsel.id/chatva. Semoga membantu. :) -Edo",2025-04-08 06:27:20,8.7.0
9d940c31-20be-406d-8f7e-32ba1aeb62d4,Aip Munawir Arifin,https://play-lh.googleusercontent.com/a-/ALV-UjW4qhUkbQNnDmQ9jaGuUcw2FAyhxRmjHulYVNSQpagtqYp8gKAf,Aplikasi tidak bisa dibuka,5,0,8.7.0,2025-04-07 15:03:39,"Hai, Kak Arifin. Maaf ya, mengenai keluhan tarif pada layanan Telkomsel, agar bisa mimin bantu cek lebih lanjut. Yuk hubungi mimin melalui email cs@telkomsel.com atau Instagram @Telkomsel. Mimin tunggu ya, Kak. Makasih :) -Sekar",2024-05-19 07:03:23,8.7.0
4045e8e4-5ba5-47df-98ca-1c3329d10ee9,Rasya Putraanggara,https://play-lh.googleusercontent.com/a/ACg8ocLba2rEX8efxdwB55QGp-jIFnB0pXajZkXRaI8H9nljSNZHlg=mo,sinyal sangat buruk,1,0,8.6.2,2025-04-07 15:01:00,"Hai Kak Rasya. Mohon maaf untuk ketidaknyamanannya, silakan coba restart handphone Kakak. Apabila masih terdapat kendala silakan hubungi kami di DM Instagram @telkomsel atau hubungi kami di tsel.id/chatva. Semoga membantu. :) -Alma",2025-04-07 23:51:04,8.6.2
964509b5-0cfc-465c-a1a7-ec94e8246342,surya suryadi,https://play-lh.googleusercontent.com/a/ACg8ocLmOlfMROka3x8cSzE5qnxYjClxNIcVDHQwfF1zMz_Hn5NoNg=mo,"sy kan daftar langsung di Grapari, kenapa applikasinya minta verifikasi ktp & foto selfi lg?????",1,0,,2025-04-07 14:52:53,"Hai, Kak Surya. Maaf banget ya jadi gak nyaman, terkait keluhan penukaran Telkomsel Poin ke undian berhadiah. Yuk segera hubungi Mimin melalui fitur bantuan di DM Instagram @Telkomsel atau kirim email ke cs@telkomsel.com untuk dibantu lebih lanjut. Mimin tunggu ya kak. Makasih :) -Edo",2024-03-09 09:37:26,
54a6ef50-43b5-4279-b876-a084b39baeb0,Iraz killua17,https://play-lh.googleusercontent.com/a-/ALV-UjUeV0Pv95S1HgkORqjQ2wUjFhL5mkME80Re8d1Pop5ZYE3uLLw,"signal Telkomsel buruk bgt,gak jelas.main game jadi patah² karena signal ngelag,selalu komplain.2hr aja bagus nya selebihnya balik lagi jelek lagi jaringan",1,0,8.6.2,2025-04-07 14:52:48,"Hai Kak Iraz, Mohon maaf untuk ketidaknyamanannya, silakan coba restart handphone kakak. Apabila masih terdapat kendala silakan hubungi kami di DM Instagram @telkomsel atau chat di tsel.id/chatva. Semoga membantu. :) -Edo",2025-03-06 11:55:17,8.6.2
20c659aa-45c8-40f2-a2af-7986c66a1551,Cemi 4you,https://play-lh.googleusercontent.com/a-/ALV-UjUALhZKrj7tUNG9-1zN4MUs1SsLEKDU1-kqLorSmiv08r7LN_Y,jaringan jelek kayak burit,2,0,,2025-04-07 14:52:41,"Hai Kak. Mohon maaf untuk ketidaknyamanannya, silakan coba restart handphone Kakak. Apabila masih terdapat kendala silakan hubungi kami di DM Instagram @telkomsel atau hubungi kami di tsel.id/chatva. Semoga membantu. :) -Alma",2025-04-08 02:30:33,
d60477f6-c0ec-47f2-a34a-e69e6011ce59,Fahriza Satrya Irfhan,https://play-lh.googleusercontent.com/a/ACg8ocKLOV3fVcxleQr8X6BSNEys4rVwFsDK3vegVvC0h4RqkRS0_w=mo,"Mending ga usah di update, lebih bagus versi yg sebelumnya, diupdate makin suka nglag, suka keluar sendiri, fitur tukar nomor hp yg lain jg ga bisa. aplikasi terlalu berat, terlalu banyak fitur ga manfaat. yg sederhana aja lah, ga usah ribet, yg penting semua fitur bisa di akses.",1,0,8.6.2,2025-04-07 14:46:35,"Hai Kak Fahriza. Mohon maaf untuk ketidaknyamanannya ya, silakan coba cara berikut ya Kak:
1. Clear cache aplikasi
2. Force close aplikasi
lalu coba login kembali, apabila masih mengalami kendala, silakan hubungi kami melalui DM Instagram @Telkomsel atau hubungi kami di tsel.id/chatva. Semoga membantu. :) -Alma",2025-04-07 23:51:31,8.6.2
9c744e49-8572-4a5b-ada0-66f925192080,Riki Manurung,https://play-lh.googleusercontent.com/a-/ALV-UjV5TPzzDP2pWb7Z_VeSw3JCTyBaAfnQyDQ76OdHsRtavYohITM,Jaringan bagus tapi lag,1,0,8.6.2,2025-04-07 14:45:44,"Hai Kak Riki. Mohon maaf untuk ketidaknyamanannya, silakan coba restart handphone Kakak. Apabila masih terdapat kendala silakan hubungi kami di DM Instagram @telkomsel atau hubungi kami di tsel.id/chatva. Semoga membantu. :) -Alma",2025-04-08 03:58:08,8.6.2
aa9dd996-3137-4219-9d9f-6bb38adbb72e,bon cosss,https://play-lh.googleusercontent.com/a-/ALV-UjV9DpT9sWQsOm5TLc6ZBI22bjQyBTY_g1mKDi6fZmoLT6IvWhkn,"aplikasi aneh ,,masa mau log in kok kirim link,nya ke mesage dan ketika di klik gak bisa masuk ,, ribet ,, hapus saja kali ya apk,nya",1,0,8.6.2,2025-04-07 14:43:26,"Hai Kak. Mohon maaf untuk ketidaknyamanannya ya, silakan coba cara berikut ya Kak:
1. Clear cache aplikasi
2. Force close aplikasi
lalu coba login kembali, apabila masih mengalami kendala, silakan hubungi kami melalui DM Instagram @Telkomsel atau hubungi kami di tsel.id/chatva. Semoga membantu. :) -Alma",2025-04-07 23:51:54,8.6.2
729d4a93-386d-42be-a6e3-264ce31a5654,expand expand,https://play-lh.googleusercontent.com/a/ACg8ocKaOddMO05mFwgF0ttCUb7_prYIVOnQBSTJboKsdesfm9GP5A=mo,makin ksini makin buruk ini aplikasi yaa....!!!!!!,1,0,8.6.2,2025-04-07 14:42:44,"Hai Kak Expand, Mohon maaf untuk ketidaknyamanannya ya, silakan coba cara berikut ya Kak:
1. Clear cache aplikasi
2. Force close aplikasi
lalu coba login kembali, apabila masih mengalami kendala, silakan hubungi kami melalui DM Instagram @Telkomsel atau chat di tsel.id/chatva. Semoga membantu. :) -Edo",2025-01-25 10:26:57,8.6.2
aaeab8ff-799e-4c46-ac83-0ec40ffe9562,ARIVVIKRI,https://play-lh.googleusercontent.com/a-/ALV-UjXJMqYc0DxVVCiasZsh6bG-ZT_HutB_XC1lvUwS2idLNE5Jwu5W,Lolaaaaaaaaaa bgt,1,0,,2025-04-07 14:42:08,"Hai Kak. Mohon maaf untuk ketidaknyamanannya, silakan coba restart handphone Kakak. Apabila masih terdapat kendala silakan hubungi kami di DM Instagram @telkomsel atau hubungi kami di tsel.id/chatva. Semoga membantu. :) -Alma",2025-04-08 01:30:01,
de9f418f-c2ca-4684-8d43-5132fd749a7e,Andre Sahputra,https://play-lh.googleusercontent.com/a/ACg8ocJzMj_USnSQ97mFta5tw30jfA8XizdAlmSHtYfxCg-gE4UyUQ=mo,jaringan lelet,1,0,,2025-04-07 14:41:12,"Hai Kak Andre. Mohon maaf untuk ketidaknyamanannya, silakan coba restart handphone Kakak. Apabila masih terdapat kendala silakan hubungi kami di DM Instagram @telkomsel atau hubungi kami di tsel.id/chatva. Semoga membantu. :) -Alma",2025-04-08 01:30:50,
0224c4ae-38f8-49bc-90c8-65aa63c41f35,Agus Iskandar,https://play-lh.googleusercontent.com/a/ACg8ocL7h6EfjXMCiLsaii8GWjBN3rbax4NkirtpQtZWGovvnzlr7A=mo,jaringan buruk,1,0,,2025-04-07 14:40:59,"Hai Kak Agus. Mohon maaf untuk ketidaknyamanannya, silakan coba restart handphone Kakak. Apabila masih terdapat kendala silakan hubungi kami di DM Instagram @telkomsel atau hubungi kami di tsel.id/chatva. Semoga membantu. :) -Alma",2025-04-08 01:31:23,
c8cf879e-d17b-4ea5-965f-ed7751ff3657,Anselmo Sihite,https://play-lh.googleusercontent.com/a-/ALV-UjV83IIwQUjJbfybjSTfyFt63Tjj5qn1MXZWtmu8i4EChSZmKg2B,"Harga ELITE,jaringan SULIT",1,0,8.6.2,2025-04-07 14:38:15,"Hai Kak Anselmo, silakan akses aplikasi MyTelkomsel untuk mendapatkan lebih banyak pilihan dan penawaran paket datanya ya, untuk kendala jaringan silakan coba restart handphone kakak. Apabila masih terdapat kendala silakan hubungi kami di DM Instagram @telkomsel atau chat di tsel.id/chatva. Semoga membantu. :) -Edo",2025-04-08 06:31:44,8.6.2
405017d9-4dcf-4346-a53c-b4756fe56cce,Eman Kusnadi,https://play-lh.googleusercontent.com/a-/ALV-UjXKN8bMsoMA87axfihfylWEq_jzhxMKyzH8fYcKlVcCFQmih84P,mau bayar paket halo tapi apk lemotnya minta ampun ga nongol² sistem pembayarannya,2,0,8.6.2,2025-04-07 14:37:55,"Hai Kak Eman. Mohon maaf untuk ketidaknyamanannya ya, silakan coba cara berikut ya Kak:
1. Clear cache aplikasi
2. Force close aplikasi
lalu coba login kembali, apabila masih mengalami kendala, silakan hubungi kami melalui DM Instagram @Telkomsel atau hubungi kami di tsel.id/chatva. Semoga membantu. :) -Alma",2025-04-08 04:17:21,8.6.2
366881c8-d19f-42ac-9045-dfa60bba03a4,Vatur RM,https://play-lh.googleusercontent.com/a-/ALV-UjXP4i_M7Pc5bUec-QIeZA2_Zw1bU8Nr7uC9tekrFRuJ4NcL5bYF,"saya pengguna telkomsel Halo. mau bayar tagihan. buka aplikasi udah 8hari kok gak bisa kebuka. SAYA INI MAU BAYAR, MAU KASIH DUIT KE TELEKOMSEL. GITU AJA KOK DIPERSULIT",2,0,8.6.2,2025-04-07 14:36:43,,,8.6.2
0183c6ff-af81-4def-845c-5f55dbab2fa8,BMF,https://play-lh.googleusercontent.com/a/ACg8ocLDiC-JWSvfWMqz-tmb3NCf1SE2TNP6RwJFWzSlYE8Ql4NcXw=mo,"kondisi sinyal jelek ,, lapotan via apk tidak mudah, harus mrnunggu 10 menut ubtuk terhubung ke agen,, balasan agen juga tidak responsip,,,",1,0,8.6.1,2025-04-07 14:35:37,"Hai Kak, Mohon maaf untuk ketidaknyamanannya, silakan coba restart handphone kakak, Untuk kendala layanan Customer Service silakan hubungi kami di DM Instagram @telkomsel atau chat di tsel.id/chatva. Semoga membantu. :) -Edo",2025-04-08 07:01:00,8.6.1
9f518f9a-d4dc-499c-b8b4-0bb6a239fcfe,Wasil Sultan,https://play-lh.googleusercontent.com/a-/ALV-UjW0JSF7_N-KjCit6IuUjETySX5e9AMFc593y8xvoKOdyQrijdM,bagus,5,0,,2025-04-07 14:34:25,,,
32dce19f-777d-40db-b6d4-a6cedf96eeb7,SURIADI,https://play-lh.googleusercontent.com/a-/ALV-UjUO9iEbkURdZ95VQp2uS8H0VbHvGWUFaHBKfG0nGBmj8WLkrz4,𝒃𝒂𝒊𝒌,5,0,8.6.2,2025-04-07 14:34:09,,,8.6.2
4d13c564-2c0d-4c52-8c10-0ba7a95aa5ab,Wawan Suryanto,https://play-lh.googleusercontent.com/a-/ALV-UjVYiqzGSTMya7Sg-CzbsuFQhAwg8yx5rT3oAsbfRnW4t-nRW3I,lambat,1,0,8.6.2,2025-04-07 14:32:17,"Hai Kak Wawan. Mohon maaf untuk ketidaknyamanannya, silakan coba restart handphone Kakak. Apabila masih terdapat kendala silakan hubungi kami di DM Instagram @telkomsel atau hubungi kami di tsel.id/chatva. Semoga membantu. :) -Alma",2025-04-08 01:33:48,8.6.2
281c1d9d-5698-4b69-a1d1-e673ea196f78,Hendy,https://play-lh.googleusercontent.com/a-/ALV-UjUXbk9jMtH8N8d33ZXVbRQJHqoYGwEEg4pd3M7SLA89W6P2ClY,jaringannya lama-lama makin lemot,1,0,8.6.2,2025-04-07 14:29:57,"Hai Kak Hendy. Mohon maaf untuk ketidaknyamanannya, silakan coba restart handphone Kakak. Apabila masih terdapat kendala silakan hubungi kami di DM Instagram @telkomsel atau hubungi kami di tsel.id/chatva. Semoga membantu. :) -Alma",2025-04-07 23:58:28,8.6.2
657ab578-8cfc-40e8-b7d5-0ee95bf885d5,LIB R44,https://play-lh.googleusercontent.com/a/ACg8ocLHDXKloqLVYjfSFM7QKTcPNXYpuwb6mXXBRbg2XmAaRoq7WQ=mo,aplikasi eror mulu kocak kagak bisa beli kouta balikin 10 rb gw,1,0,8.6.2,2025-04-07 14:27:11,"Hai Kak. Mohon maaf untuk ketidaknyamanannya ya, silakan coba cara berikut ya Kak:
1. Clear cache aplikasi
2. Force close aplikasi
lalu coba login kembali, apabila masih mengalami kendala, silakan hubungi kami melalui DM Instagram @Telkomsel atau hubungi kami di tsel.id/chatva. Semoga membantu. :) -Alma",2025-04-08 01:49:55,8.6.2
4b4a295b-f5d2-4f6c-93c1-f6752000006d,simelekete takguntelewelewe,https://play-lh.googleusercontent.com/a-/ALV-UjVLcCmeIM7eYEb7zcKgtMDV0aGNwrASrV1dPlYXRoNsEKGJsVc,harga paket mahal .. jaringan ga pernah stabil .. seperti harga paket murahan ..,1,0,,2025-04-07 14:26:14,"Hai Kak. Mohon maaf untuk ketidaknyamanannya, silakan coba restart handphone Kakak. Apabila masih terdapat kendala silakan hubungi kami di DM Instagram @telkomsel atau hubungi kami di tsel.id/chatva. Semoga membantu. :) -Alma",2025-04-08 01:50:14,
52493e44-2125-4f57-8bdc-bd8abc2e2bd7,Bghldz,https://play-lh.googleusercontent.com/a-/ALV-UjX9BjHMUExELz2wnl_ZQ6bSbBI0Sv1-LHuYW_nGyFqI_xu2yw8,apk jelek banyak bug,1,0,8.6.2,2025-04-07 14:25:15,"Hai Kak. Mohon maaf untuk ketidaknyamanannya ya, silakan coba cara berikut ya Kak:
1. Clear cache aplikasi
2. Force close aplikasi
lalu coba login kembali, apabila masih mengalami kendala, silakan hubungi kami melalui DM Instagram @Telkomsel atau hubungi kami di tsel.id/chatva. Semoga membantu. :) -Alma",2025-04-08 01:50:31,8.6.2
1cc771c3-2eb9-44f1-82e6-44c2f7e40ae0,Arbeiy Bima Rafael,https://play-lh.googleusercontent.com/a/ACg8ocIqhlxwtpglDz9iNCMLhxIb9icDKnEGTuTXbVFPJAuc_TJEMVA=mo,lag sering logout,2,0,8.6.2,2025-04-07 14:24:36,"Hai Kak Arbeiy. Mohon maaf untuk ketidaknyamanannya, silakan coba login kembali setelah beberapa saat. Apabila tetap mengalami kesulitan login, silakan hubungi kami melalui DM Instagram @telkomsel atau hubungi kami di tsel.id/chatva.Semoga membantu. -Alma",2025-04-08 04:17:59,8.6.2
6b19116b-f378-4e50-aadc-e205b97db4fd,Vicki Efendi,https://play-lh.googleusercontent.com/a-/ALV-UjWFFW4nuonOV54Envob6pVnlp_113nphA8lemlvBsIsvM52vQzHhQ,Udh update. Knp g bisa login ya? Nunggu magic link lewat SMS g ada sampek seminggu tiap hari di ulang terus masih sama. Please ini apa lagi..,1,0,8.7.0,2025-04-07 14:22:51,"Hai, Kak Vicki. Maaf ya. Mengenai keluhan sudah aktivasi namun paket belum diterima, agar dapat mimin bantu lebih lanjut, yuk hubungi mimin melalui akun Twitter @telkomsel, Telegram @Telkomsel _official_bot, atau Facebook Messenger 'Telkomsel'. Mimin tunggu ya Kak. Makasih :) -Sakia",2023-01-03 01:41:23,8.7.0
aa685c0a-87fa-4e96-b208-3cbbd8026e77,Naufal Ilham,https://play-lh.googleusercontent.com/a-/ALV-UjUlAtBakdkGWdvPF0YF62Wxir8wgBe_FlAnTNGUpMJQ_870psc1,ok,5,0,8.6.2,2025-04-07 14:21:00,"Hai Kak Naufal, terima kasih tetap setia menggunakan layanan Telkomsel. Apresiasi dari Kakak sangat berarti bagi kami dalam meningkatkan layanan dan performa MyTelkomsel. Have a great day :) -Edo",2025-04-07 14:46:12,8.6.2
39374d46-72b5-4f2e-9110-45b506f10a9e,laras maharani,https://play-lh.googleusercontent.com/a-/ALV-UjW32j130kr9IE2YIG1taK3oZL7BYhEV1W1vv5v7cRbqMTuej0xc,"sinyal bagus, mau cek kuota udah berkali² direfresh tetep aja gabisa. jelek",1,0,,2025-04-07 14:20:36,"Hai Kak Laras. Mohon maaf untuk ketidaknyamanannya ya, silakan coba cara berikut ya Kak:
1. Clear cache aplikasi
2. Force close aplikasi
lalu coba login kembali, apabila masih mengalami kendala, silakan hubungi kami melalui DM Instagram @Telkomsel atau hubungi kami di tsel.id/chatva. Semoga membantu. :) -Alma",2025-04-08 00:00:26,
279683e0-da73-4e42-9269-e2d5a5a2b6f7,yudi lukman,https://play-lh.googleusercontent.com/a/ACg8ocJI0RwWQv-f54Y7VfHPsTmsFhRdo6XTIXa_IL2TA7vHJMWyrQ=mo,mulai sussah buat buka aplikasi dan cek kouta,1,0,,2025-04-07 14:18:07,"Hai Kak Yudi. Mohon maaf untuk ketidaknyamanannya ya, silakan coba cara berikut ya Kak:
1. Clear cache aplikasi
2. Force close aplikasi
lalu coba login kembali, apabila masih mengalami kendala, silakan hubungi kami melalui DM Instagram @Telkomsel atau hubungi kami di tsel.id/chatva. Semoga membantu. :) -Alma",2025-04-08 00:01:05,
45d0c875-aaa8-4f7c-a038-1ef8be37d172,Satria Ari,https://play-lh.googleusercontent.com/a-/ALV-UjUShNAKMWlieQp_FWhW80SF7kNXqanp3ReEiG3m30AmVOg1nZ5k,"untuk promo banyak yang menarik, tapi untuk login jaringan harus bagus.",1,0,8.6.2,2025-04-07 14:17:47,"Hai Kak Satria, Mohon maaf untuk ketidaknyamanannya ya, silakan coba cara berikut ya Kak:
1. Clear cache aplikasi
2. Force close aplikasi
lalu coba login kembali, untuk kendala jaringan silakan coba restart handphone kakak. Apabila masih berkendala silakan hubungi kami di DM Instagram @telkomsel atau chat di tsel.id/chatva. Semoga membantu. :) -Edo",2025-04-08 07:04:02,8.6.2
cde95280-dae5-4c12-9128-15c119d25be5,Romaid Mulyono,https://play-lh.googleusercontent.com/a-/ALV-UjVzl6CFIPkhucDJ9r-UBf4DKOPsGKi7EePRoUcGAEfgu6Bh98nM,"loading terus, benerin dong min aplikasi nya",1,0,8.7.0,2025-04-07 14:16:42,"Hai Kak Romaid. Mohon maaf untuk ketidaknyamanannya ya, silakan coba cara berikut ya Kak:
1. Clear cache aplikasi
2. Force close aplikasi
lalu coba login kembali, apabila masih mengalami kendala, silakan hubungi kami melalui DM Instagram @Telkomsel atau hubungi kami di tsel.id/chatva. Semoga membantu. :) -Alma",2025-04-08 00:24:21,8.7.0
b663a137-b1a0-4c1e-898b-bbc057de4a8e,GIAN GAMING,https://play-lh.googleusercontent.com/a-/ALV-UjXx7hCRWL6pcWBiLSufHxvoeaQMWECUuS7U8m_8owHk5V2ypIJZxA,sinyal sangat buruk sekali data 150gb dipake nonton sosial media lag parah tidak rekomendasi untuk di beli lagi,2,0,8.6.2,2025-04-07 14:08:17,"Hai Kak. Mohon maaf untuk ketidaknyamanannya, silakan coba restart handphone Kakak. Apabila masih terdapat kendala silakan hubungi kami di DM Instagram @telkomsel atau hubungi kami di tsel.id/chatva. Semoga membantu. :) -Alma",2025-04-08 05:02:45,8.6.2
4b870880-c030-40ba-8019-6453ba1adc98,akbar faisal,https://play-lh.googleusercontent.com/a/ACg8ocIlE693sLi-EC-iveIrRxIHfOaOzVyWeGwGR0J1GbkwNhKrvw=mo,"cek kuota aja harus install ulang, ini sudah kesekian kali.. parah",1,0,8.6.2,2025-04-07 14:07:41,"Hai Kak Akbar, Mohon maaf untuk ketidaknyamanannya ya, silakan coba cara berikut ya Kak:
1. Clear cache aplikasi
2. Force close aplikasi
lalu coba login kembali, apabila masih mengalami kendala, silakan hubungi kami melalui DM Instagram @Telkomsel atau chat di tsel.id/chatva. Semoga membantu. :) -Edo",2025-04-08 07:05:11,8.6.2
81f0b187-fd78-4873-87d7-ab6e9275268a,Syipa Nuraeni,https://play-lh.googleusercontent.com/a-/ALV-UjV4--m078uytdvPndXp-Xn0JCw98kTgqZs5VU3EOItJI73v_hE,"SUMPAH INI APK NGELAGGGG PARAH, sinyal bagus oke2 aja bug nya luar biasa, mau liat sisa kuota, sama isi kuota aja astaghfirullah lama bgt udah di refresh berkali2 tetep aja eror udah di update tetep juga, ada masalah apa si tolong dong diperbaiki bikin kesel aja udah isi pulsa gak muncul maunya apa si 😡",1,0,8.7.0,2025-04-07 14:07:34,"Hai Kak Syipa. Mohon maaf untuk ketidaknyamanannya ya, silakan coba cara berikut ya Kak:
1. Clear cache aplikasi
2. Force close aplikasi
lalu coba login kembali, apabila masih mengalami kendala, silakan hubungi kami melalui DM Instagram @Telkomsel atau hubungi kami di tsel.id/chatva. Semoga membantu. :) -Alma",2025-04-08 01:51:00,8.7.0
896129f1-e73e-433c-91c3-d68038a2415d,evan rachel,https://play-lh.googleusercontent.com/a/ACg8ocIecpTGe8mxhm-2VepXC0u26BB3uMXRIxPFW7gmnl8Fs5Vu8A=mo,"harga paket doang mahal, kualitas sampah..",1,0,8.7.0,2025-04-07 14:05:26,"Hai Kak Evan, silakan akses aplikasi MyTelkomsel untuk mendapatkan lebih banyak pilihan dan penawaran paket datanya ya, untuk kendala jaringan silakan coba restart handphone kakak. Apabila masih terdapat kendala silakan hubungi kami di DM Instagram @telkomsel atau chat di tsel.id/chatva. Semoga membantu. :) -Edo",2025-04-08 07:05:53,8.7.0
82ba5b3f-de8e-4143-97dc-72e1bb2e42fa,Ramadhan Angka,https://play-lh.googleusercontent.com/a/ACg8ocKQSqgkVD1HdHfcHM0Q8xuUPiytXUm4SAm0eTZLgOhvHgciPg=mo,lag,1,0,8.7.0,2025-04-07 14:03:38,"Hai Kak Ramadhan, Mohon maaf untuk ketidaknyamanannya ya, silakan coba cara berikut ya Kak:
1. Clear cache aplikasi
2. Force close aplikasi
lalu coba login kembali, apabila masih mengalami kendala, silakan hubungi kami melalui DM Instagram @Telkomsel atau chat di tsel.id/chatva. Semoga membantu. :) -Edo",2025-04-08 07:07:30,8.7.0
a1744b02-52e5-42a5-9286-5267d5765150,renu marikhan,https://play-lh.googleusercontent.com/a-/ALV-UjWsa63d6P1_-LwICNeJ_MBbwGZG5YTLxTBP5YDhHRIW62DvD9NN,apk macam apa ini. gak bs diakses.bisa gak bikin apk yg berguna gitu buat pengguna telkomsel..,1,0,8.6.2,2025-04-07 14:01:13,"Hai, Kak Renu. Mohon maaf untuk ketidaknyamanannya ya, silakan coba cara berikut ya Kak:
1. Clear cache aplikasi
2. Force close aplikasi
lalu coba login kembali, apabila masih mengalami kendala, silakan hubungi kami melalui DM Instagram @Telkomsel atau hubungi kami di tsel.id/chatva. Semoga membantu. :) -Alma",2025-02-16 03:10:36,8.6.2
f30703e1-f7c3-44dd-b247-5fc965567b8a,arisvanjava,https://play-lh.googleusercontent.com/a-/ALV-UjX_XZHRy-uDZ9Ox8hxC5NNGQvP4JfquHFSM7C6MjSKSTnIIbvh6,"kirain saya saja yg merasakan, aplikasi ini makin kesini makin lemot, pdhal sinyal full. tp loading nya lama banget. jngankan buat beli paket internet, mau liat kuota dan lain2 aja lola banget. gmn nih woii.. harga paket mahal² tp kwitas aplikasi begini. masuh bagusan pas awal² ada. mengecewakan.",3,0,8.6.2,2025-04-07 14:00:39,"Hai Kak. Mohon maaf untuk ketidaknyamanannya ya, silakan coba cara berikut ya Kak:
1. Clear cache aplikasi
2. Force close aplikasi
lalu coba login kembali, apabila masih mengalami kendala, silakan hubungi kami melalui DM Instagram @Telkomsel atau hubungi kami di tsel.id/chatva. Semoga membantu. :) -Alma",2025-04-08 04:41:45,8.6.2
4e42f2a2-666f-4c52-88cb-9b145b2851f9,obet motovlog,https://play-lh.googleusercontent.com/a/ACg8ocLOPQlk8t8dYkE2-5v0lNzSMZy0XkvV0v33PaWtjx0Pn-FCOQ=mo,aplikasi lemot,1,0,8.6.2,2025-04-07 13:59:41,"Hai Kak. Mohon maaf untuk ketidaknyamanannya ya, silakan coba cara berikut ya Kak:
1. Clear cache aplikasi
2. Force close aplikasi
lalu coba login kembali, apabila masih mengalami kendala, silakan hubungi kami melalui DM Instagram @Telkomsel atau hubungi kami di tsel.id/chatva. Semoga membantu. :) -Alma",2025-04-08 00:24:57,8.6.2
7cb30049-fc7e-4560-916a-38192a0be03c,Alfariskuy,https://play-lh.googleusercontent.com/a-/ALV-UjXQMAeGDf5divx6IKDsoCfeCMJN6PosOWQeIXLXcnTLquuiSrQ3,"jaringan sebagus apapun tetep aja buka ni aplikasi sering eror buffering teruossss aplikasi gajelas, udah harga paket ga masuk akal paling mahal, giliran mau beli paket malah di persulit, perbaiki server nya tuh, aplikasinya bikin yg baru aja asal ga muter mulu",1,0,8.6.2,2025-04-07 13:57:21,,,8.6.2
62fba815-82e0-4c5e-9891-4c2823f2e2c0,Baron,https://play-lh.googleusercontent.com/a/ACg8ocIItiGb5mews0XsxsUJmhuYi-rrCmETSGl31Am1clP5m-wflQ=mo,Emang jelek jaringan telkomsel,1,0,8.6.2,2025-04-07 13:53:53,"Hai Kak Baron. Mohon maaf untuk ketidaknyamanannya, silakan coba restart handphone Kakak. Apabila masih terdapat kendala silakan hubungi kami di DM Instagram @telkomsel atau hubungi kami di tsel.id/chatva. Semoga membantu. :) -Alma",2025-04-08 00:25:24,8.6.2
9a6a3673-e391-4578-97ca-62d05ee0a51b,Aldiyo Septri,https://play-lh.googleusercontent.com/a/ACg8ocIlk_bDt1Ud9uAkERZbYJ3sNQjlMSBwKXWRmk1VxH1EDJLJsw=mo,"APLIKASI GAJELAS DI SPAM MASA TENGGANG MULU MAU BELI PAKET ATAU PULSA MALAH GAK BISA, UDAH MAHAL, SINYAL JELEK, HAPUS AJA!",1,0,8.7.0,2025-04-07 13:53:35,"Hai Kak Aldiyo Mohon maaf untuk ketidaknyamanannya ya, silakan coba cara berikut ya Kak:
1. Clear cache aplikasi
2. Force close aplikasi
lalu coba login kembali, untuk kendala sinyal silakan coba restart handphone kakak. Apabila masih berkendala silakan hubungi kami di DM Instagram @telkomsel atau chat di tsel.id/chatva. Semoga membantu. :) -Edo",2025-04-08 07:10:02,8.7.0
66bda109-9fbf-4292-82a7-d541a57c1df5,Begjo Sunoto,https://play-lh.googleusercontent.com/a-/ALV-UjV3-bFHsoVWKyz2FVPsNcnlWg_y47fqRYce5VV4uNowURcXHzU,jaringan buruk dalam game. parah.,1,0,8.6.2,2025-04-07 13:52:24,"Hai Kak Begjo. Mohon maaf untuk ketidaknyamanannya, silakan coba restart handphone Kakak. Apabila masih terdapat kendala silakan hubungi kami di DM Instagram @telkomsel atau hubungi kami di tsel.id/chatva. Semoga membantu. :) -Alma",2025-04-08 00:27:58,8.6.2
62e23d28-aaa5-4497-a838-8e849f59a52e,muhisma albannah,https://play-lh.googleusercontent.com/a/ACg8ocKDVDFbrDvSDnL-kDcUgS_mW8ga4r_64oXJ51c6aeL0GfHR_g=mo,jaringan lelet kmnrin kmrin jaringan telkom terbaik sekarang malah menurun performanya,1,0,8.6.2,2025-04-07 13:51:04,"Hai Kak Muhisma. Mohon maaf untuk ketidaknyamanannya, silakan coba restart handphone Kakak. Apabila masih terdapat kendala silakan hubungi kami di DM Instagram @telkomsel atau hubungi kami di tsel.id/chatva. Semoga membantu. :) -Alma",2025-04-08 00:28:25,8.6.2
a33cdea4-8e26-4a43-a8b4-1a8814630f27,Gaming Absur.24,https://play-lh.googleusercontent.com/a-/ALV-UjVqOLIayq924kR5KFkqbNGoRMxUi2uHVv60cnq03rt7nSebHYI,jaringan nya buruk Mulu padahal koata gw masih banyak tapi buruk Mulu seperti mau abis koata Nya,1,0,,2025-04-07 13:49:31,"Hai Kak. Mohon maaf untuk ketidaknyamanannya, silakan coba restart handphone Kakak. Apabila masih terdapat kendala silakan hubungi kami di DM Instagram @telkomsel atau hubungi kami di tsel.id/chatva. Semoga membantu. :) -Alma",2025-04-08 00:28:53,
b2fa2554-ebf6-44cb-bc66-ef6bbc26e47f,Fajaralkojar Busmania,https://play-lh.googleusercontent.com/a/ACg8ocLBbBNnZRAu8mq4qSLmxvqEODZ9-mFZ0YezLLSvBsUCZmCTBQ=mo,parah padahal ga di buka tiba tiba mytelkomnyet telah berhenti dan buat frezze 10 menit ga bisa siapa apa in,1,0,,2025-04-07 13:48:55,,,
3d916695-f32d-419c-92fc-c105f83bfbb3,Tri Fajri,https://play-lh.googleusercontent.com/a-/ALV-UjVrIjr9oN7J4iAd3ddUt_vDgtH1-Tt0_bcAjYZCVW0q1M4vd8AZ,"cacat, pulsa saya cukup untuk pembelian, tetapi keterangan pulsa tidak mencukupi, aplikasi gagal",1,0,8.4.2,2025-04-07 13:47:47,,,8.4.2
0fd1d516-2ca2-43c8-8586-295e87030408,Uelogas Logas,https://play-lh.googleusercontent.com/a-/ALV-UjVhQ4FGXjc5ATw8lDGveom55NyE4kejoe1POoVVT9Azi5-cfBU,lumayan bagus. cepat dan tepat,4,0,,2025-04-07 13:44:42,"Hai Kak, terima kasih tetap setia menggunakan layanan Telkomsel. Apresiasi dari Kakak sangat berarti bagi kami dalam meningkatkan layanan dan performa MyTelkomsel. Have a great day :) -Alma",2025-04-08 05:07:53,
ee0950f4-3f5f-4fed-8c70-65e58ff69b73,Zalman Zalman,https://play-lh.googleusercontent.com/a/ACg8ocImm7Yjpf2eZvs4x-aXlAdfDE6Vyb1Az5R86jZHxT9BLOlr5g=mo,parah udah beberapa kali datanya ilang mulu alhasil suruh masukin no lagi dan itu pun terjadi berulang kali udah mah mau cek kuota pun lama banget,1,0,8.7.0,2025-04-07 13:42:28,,,8.7.0
3faab036-d4d7-498f-b705-e05de9a14eca,saka hanif,https://play-lh.googleusercontent.com/a/ACg8ocLgHRJoXEzmLNJO4AHv-AVkfwD1GAzKhBE44tKF6lNKm6X56Q=mo,"jaringannya ilang muncul doang, gaje bener",1,0,,2025-04-07 13:42:06,"Hai Kak. Mohon maaf untuk ketidaknyamanannya, silakan coba restart handphone Kakak. Apabila masih terdapat kendala silakan hubungi kami di DM Instagram @telkomsel atau hubungi kami di tsel.id/chatva. Semoga membantu. :) -Alma",2025-04-08 00:29:12,
b697cd99-d8db-43fc-8963-dc2598284c3c,masruri 28,https://play-lh.googleusercontent.com/a-/ALV-UjUYjiMZH6QsVWrs8dXsN3JY6tveD_CvWXsgCv_t9Dl26A05siNq,kocak,1,0,8.7.0,2025-04-07 13:41:08,,,8.7.0
61f04a78-967f-4dca-ac5b-a97986a2e459,FIKRI TV,https://play-lh.googleusercontent.com/a/ACg8ocKSDruvcqGtsqngScWvdns4SywDgyu-YyhYVgrekE4DLbvcXA=mo,lumayan bagus,4,0,8.6.2,2025-04-07 13:38:10,"Hai Kak, terima kasih tetap setia menggunakan layanan Telkomsel. Apresiasi dari Kakak sangat berarti bagi kami dalam meningkatkan layanan dan performa MyTelkomsel. Have a great day :) -Alma",2025-04-08 05:08:11,8.6.2
cf06ac1d-1586-4f39-b1ee-7717091dbf6a,N1 N0,https://play-lh.googleusercontent.com/a-/ALV-UjWA5rneMYxsBwFuErX73c8G6006cRg6vzGmariV1TFfJDz70nXK,harus hati2 dalam mengeklik tampilan iklan karna banyak iklan yang menjebak yang endingnya pulsa ke sedot terus ...kasihan bagi pelanggan yang sudah tua dan kurang teliti,1,0,8.6.2,2025-04-07 13:37:52,,,8.6.2
2f6ebf11-03c6-4f59-be3a-aaa9a19f5ff2,Sentot Yuliarto,https://play-lh.googleusercontent.com/a-/ALV-UjUQ0aFjUE4TrYTAxYXHwMNyHaL6iwyR-hpLF8WkLaS-uEcUjrPs,aplikasi sehebat ini malah operatornya ada malingnya...isi pulsa 30rb lewat aja gak ada kejelasan.Pulsa gak masuk,1,0,8.6.2,2025-04-07 13:37:50,"Hai Kak Sentot. Mohon maaf untuk ketidaknyamanannya, karena kami memerlukan informasi lebih lanjut untuk membantu Kakak, silakan hubungi kami di DM Instagram @telkomsel atau hubungi kami di tsel.id/chatva. Semoga membantu. :) -Alma",2025-04-08 00:29:59,8.6.2
baab1cd7-526b-4613-875e-02c12367fb99,khudriyah,https://play-lh.googleusercontent.com/a/ACg8ocKzYGqyMNUoNFXQC8GZ8WrFAUvD5xcKFTvlMkZb00aFXE8mjA=mo,apk ga guna udh instal tp ga bsa di buka setelah update,1,0,,2025-04-07 13:35:51,"Hai Kak Khudriyah. Mohon maaf untuk ketidaknyamanannya ya, silakan coba cara berikut ya Kak:
1. Clear cache aplikasi
2. Force close aplikasi
lalu coba login kembali, apabila masih mengalami kendala, silakan hubungi kami melalui DM Instagram @Telkomsel atau hubungi kami di tsel.id/chatva. Semoga membantu. :) -Alma",2025-04-08 01:04:27,
0cb4cc17-fec1-41a5-9d70-f0461cd1f7df,Dwie Venti R S,https://play-lh.googleusercontent.com/a-/ALV-UjW_5Q6oQPqIrGRRtPaAeYO93_6AuHGewpUHQ_exf_3RZLY_HiY,maunya di uninstall ni apk lemot banget,5,0,8.6.2,2025-04-07 13:29:17,"Hai Kak Dwie, Mohon maaf untuk ketidaknyamanannya ya, silakan coba cara berikut ya Kak:
1. Clear cache aplikasi
2. Force close aplikasi
lalu coba login kembali, apabila masih mengalami kendala, silakan hubungi kami melalui DM Instagram @Telkomsel atau chat di tsel.id/chatva. Semoga membantu. :) -Edo",2025-04-07 14:24:14,8.6.2
67d7447b-4fb6-492c-a6e9-407f155dccfc,leman byson,https://play-lh.googleusercontent.com/a-/ALV-UjVl4JqQqntEtSxs38L0uJ5auXBhwai53PYrHK4IYNKmubp4zUv8,kok telkomsel aplikasinya ga bs dibuka,5,0,8.6.2,2025-04-07 13:18:28,"Hai Kak Leman, Mohon maaf untuk ketidaknyamanannya ya, silakan coba cara berikut ya Kak:
1. Clear cache aplikasi
2. Force close aplikasi
lalu coba login kembali, apabila masih mengalami kendala, silakan hubungi kami melalui DM Instagram @Telkomsel atau chat di tsel.id/chatva. Semoga membantu. :) -Edo",2025-04-07 14:24:39,8.6.2
066432d7-d27b-431a-9e22-fbb53f3310cc,Siti rizki khairani,https://play-lh.googleusercontent.com/a/ACg8ocIWVGQ7N4KyFS94Zpfm4lkbugFbI6K250ecCDXP-ekzly-i9t8=mo,aplikasi paling lelet yang pernah ada.,2,0,8.7.0,2025-04-07 13:18:21,"Hai Kak Rizki. Mohon maaf untuk ketidaknyamanannya ya, silakan coba cara berikut ya Kak:
1. Clear cache aplikasi
2. Force close aplikasi
lalu coba login kembali, apabila masih mengalami kendala, silakan hubungi kami melalui DM Instagram @Telkomsel atau hubungi kami di tsel.id/chatva. Semoga membantu. :) -Alma",2025-04-08 04:19:34,8.7.0
259fc77c-b478-4cac-b34f-c66371ceebf2,Afi Mbib,https://play-lh.googleusercontent.com/a-/ALV-UjU25qDnoSmuJM4JM1tyeBQPgXPj8uDM_uJM8IUPz4MqtI1Fjg,my Telkomsel kenapa sih padahal udah di refresh beberapa kali masih aja nggak bisa bukan ngelag lagi tapi ngaco skrng lebih parah lagi di tunggu perbaikannya nya ga telkomsel,1,0,8.6.2,2025-04-07 13:15:09,"Hai Kak. Mohon maaf untuk ketidaknyamanannya ya, silakan coba cara berikut ya Kak:
1. Clear cache aplikasi
2. Force close aplikasi
lalu coba login kembali, apabila masih mengalami kendala, silakan hubungi kami melalui DM Instagram @Telkomsel atau hubungi kami di tsel.id/chatva. Semoga membantu. :) -Alma",2025-04-08 01:04:57,8.6.2
e5af3690-41af-452b-a55b-7db9539e6b35,Engki Putra,https://play-lh.googleusercontent.com/a-/ALV-UjVj-ctBOa6M3qPn8zPc_uyqp8v7MUe4NlwJ5bbeG4Xv_e5mUj86,lelet,3,0,8.6.2,2025-04-07 13:13:46,"Hai Kak Engki. Mohon maaf untuk ketidaknyamanannya, silakan coba restart handphone Kakak. Apabila masih terdapat kendala silakan hubungi kami di DM Instagram @telkomsel atau hubungi kami di tsel.id/chatva. Semoga membantu. :) -Alma",2025-04-08 04:42:25,8.6.2
68c964a8-8466-4b3f-9957-573067cff021,Maulidia Lestari,https://play-lh.googleusercontent.com/a-/ALV-UjWnnUSM5H0XMvUmDyZ7ZYTZky27MCNwEObGI5SOZ2QaBejy9QXa,"Telkomsel dilumajang makin hari makin lemot, dan tiap beli paket internet tidak sesuai saldo sudah berkurang tapi internet nya tidak terisi.",2,0,8.7.0,2025-04-07 13:08:38,"Hai Kak Maulidia. Mohon maaf untuk ketidaknyamanannya, karena kami memerlukan informasi lebih lanjut untuk membantu Kakak, silakan hubungi kami di DM Instagram @telkomsel atau hubungi kami di tsel.id/chatva. Semoga membantu. :) -Alma",2025-04-08 04:27:12,8.7.0
b1546415-0376-40a2-ab44-8e7264850c50,KLPT Navy,https://play-lh.googleusercontent.com/a-/ALV-UjV9GvOWw-h7OtFVZ0B30-Z7Aq5J9ZeiuU3OuHwVUbyV1yDxoPJE,pubg sama genshin sungkem sama ini aplikasi.. lanjutkan mytelkomsel klo bisa tambah fitur battleroyal dan global ban,1,0,,2025-04-07 12:59:02,"Hai Kak, Mohon maaf untuk ketidaknyamanannya ya, silakan coba cara berikut ya Kak:
1. Clear cache aplikasi
2. Force close aplikasi
lalu coba login kembali, apabila masih mengalami kendala, silakan hubungi kami melalui DM Instagram @Telkomsel atau chat di tsel.id/chatva. Semoga membantu. :) -Edo",2025-04-07 13:16:34,
0e491fd7-d3b7-4ea4-a111-425840afebd2,shedy ismayana,https://play-lh.googleusercontent.com/a-/ALV-UjXoTysrs5JYfatFQYTiB-TjpX3AJHue_pmrHtxbH450JgKDFUkc,"cuma aplikasi buat beli paketan tapi ko lelet banget, tolong lah buat aplikasi yang lebih bermutu.",1,0,8.7.0,2025-04-07 12:54:38,"Hai Kak Shedy, Mohon maaf untuk ketidaknyamanannya ya, silakan coba cara berikut ya Kak:
1. Clear cache aplikasi
2. Force close aplikasi
lalu coba login kembali, apabila masih mengalami kendala, silakan hubungi kami melalui DM Instagram @Telkomsel atau chat di tsel.id/chatva. Semoga membantu. :) -Edo",2025-04-07 13:17:32,8.7.0
1136e941-d9b9-432b-9889-4f05632f4ed2,Putra Yuanda,https://play-lh.googleusercontent.com/a-/ALV-UjXRU5qiIef-XKIpHb6QDn-93bHB0kphehRuyOkdghD_mZn8_3o,Apakah tidak ada solusi untuk apk my telkomsel yg error ini😅😇mau dibuat bagaimanapun tetap saja error. Kecuali di Unistall Aplikasinya😅😇,1,0,5.7.1,2025-04-07 12:48:33,"Hai Kak Putra, Mohon maaf untuk ketidaknyamanannya ya, silakan coba cara berikut ya Kak:
1. Clear cache aplikasi
2. Force close aplikasi
lalu coba login kembali, apabila masih mengalami kendala, silakan hubungi kami melalui DM Instagram @Telkomsel atau chat di tsel.id/chatva. Semoga membantu. :) -Edo",2025-03-31 08:55:53,5.7.1
6baf3159-e594-4cb0-bae6-83656633f1f2,Singgih Jebod75,https://play-lh.googleusercontent.com/a/ACg8ocJC2XMO3a9oO8rBZC6nREn_nNxVOy9Hi25oPvdmKsuwlqItoA=mo,"udah aplikasi di buka lemot kalo lebaran tambah lemot, niat ga sih cuma nanya?",5,0,8.7.0,2025-04-07 12:48:31,"Hai Kak Singgih, Mohon maaf untuk ketidaknyamanannya ya, silakan coba cara berikut ya Kak:
1. Clear cache aplikasi
2. Force close aplikasi
lalu coba login kembali, apabila masih mengalami kendala, silakan hubungi kami melalui DM Instagram @Telkomsel atau chat di tsel.id/chatva. Semoga membantu. :) -Edo",2025-04-07 14:25:05,8.7.0
e0d511ba-2f07-4685-bbc2-e504f8e7f479,Salma Saidah Bulu,https://play-lh.googleusercontent.com/a/ACg8ocJk3iAK8Cm3mn3QXbWj7TMxpFM0Do2LL-j4e4OL9ABEi4xBcw=mo,sangat² bAgus Sekali bro🫡😊dijamin ori real couy 100% ori,5,0,8.6.2,2025-04-07 12:48:18,"Hai Kak Salma, terima kasih tetap setia menggunakan layanan Telkomsel. Apresiasi dari Kakak sangat berarti bagi kami dalam meningkatkan layanan dan performa MyTelkomsel. Have a great day :) -Edo",2025-04-07 14:25:51,8.6.2
03b41839-f79c-41ee-b275-8595ff327d97,Rizky Iyan,https://play-lh.googleusercontent.com/a/ACg8ocJuA59VFWKSfBPdMBNwwgw3P5VTyDeS98y1FtHblcNplqaCaQ=mo,"jaringan tiba-tiba hilang saat bermain game, kocak emang ini Telkomsel",1,0,8.6.2,2025-04-07 12:45:11,"Hai Kak Rizky, Mohon maaf untuk ketidaknyamanannya, silakan coba restart handphone kakak. Apabila masih terdapat kendala silakan hubungi kami di DM Instagram @telkomsel atau chat di tsel.id/chatva. Semoga membantu. :) -Edo",2025-04-07 13:19:00,8.6.2
4e4261f2-0063-4407-bef1-4d4e482a44a8,Im cupu,https://play-lh.googleusercontent.com/a-/ALV-UjXGZIFGHdh6jGrR1323APivVWN8uYoRbv7rHAb7ZF6dl3S3aKvK,"tolong lah sinyal udah restart berkali kali masih lag, main game lag, liat senyum lag, liat tiktok lag, liat yt lag 😭",1,0,8.6.2,2025-04-07 12:43:14,"Hai Kak, Mohon maaf untuk ketidaknyamanannya, silakan coba restart handphone kakak. Apabila masih terdapat kendala silakan hubungi kami di DM Instagram @telkomsel atau chat di tsel.id/chatva. Semoga membantu. :) -Edo",2025-04-07 13:19:43,8.6.2
599d1a30-24ab-4ca7-a55a-2ce46765b481,Muhammad Anwar,https://play-lh.googleusercontent.com/a-/ALV-UjXrSvFR_vc-xFmQ8usbDoEX7L6MlMNV9HkGbGtnaMil83Hm_SBnog,Jaringan internet lambat gimana niih.. buat streaming you tube buffering mulu,1,0,8.6.2,2025-04-07 12:42:11,"Hai Kak Anwar, Mohon maaf untuk ketidaknyamanannya, silakan coba restart handphone kakak. Apabila masih terdapat kendala silakan hubungi kami di DM Instagram @telkomsel atau chat di tsel.id/chatva. Semoga membantu. :) -Edo",2025-04-02 11:07:53,8.6.2
aa5ddc79-0045-4c28-a582-c1f7d2977244,Muhammad Mawardi,https://play-lh.googleusercontent.com/a-/ALV-UjWYFfd3T6VOxGuyR0iIjuZn37x9PAGc2xwNEHEeooatIiTvc8w6,"banyak bug nya, lama muat ulang nya, aplikasi lemot gw pake snapdragon 8 elite gamungkin jalanin apk ini gakuat",1,0,8.7.0,2025-04-07 12:41:46,"Hai Kak Mawardi, Mohon maaf untuk ketidaknyamanannya ya, silakan coba cara berikut ya Kak:
1. Clear cache aplikasi
2. Force close aplikasi
lalu coba login kembali, apabila masih mengalami kendala, silakan hubungi kami melalui DM Instagram @Telkomsel atau chat di tsel.id/chatva. Semoga membantu. :) -Edo",2025-04-07 13:20:13,8.7.0
5ff81334-fd83-46e6-837d-4a8628182ecb,Buddy Ws,https://play-lh.googleusercontent.com/a-/ALV-UjXpiMHLyL7lj8h9R6M4v11fOYD7DsZ0WrwrEhijKXqr46VEwS4h,parah benerrr apk nya nge lag kali lah,1,0,8.7.0,2025-04-07 12:37:28,"Hai Kak Buddy, Mohon maaf untuk ketidaknyamanannya ya, silakan coba cara berikut ya Kak:
1. Clear cache aplikasi
2. Force close aplikasi
lalu coba login kembali, apabila masih mengalami kendala, silakan hubungi kami melalui DM Instagram @Telkomsel atau chat di tsel.id/chatva. Semoga membantu. :) -Edo",2025-04-07 13:21:10,8.7.0
ca09111a-78b0-48c1-8fc1-769a235b4ee3,Eden Stargo,https://play-lh.googleusercontent.com/a-/ALV-UjVpowmmg2LVKCndhZoLkPi9JcE-aF--fo3czOu_icpGkWJdte4,"apk sering eror, sulit mendapatkan akses",1,0,,2025-04-07 12:36:41,"Hai Kak Eden, Mohon maaf untuk ketidaknyamanannya ya, silakan coba cara berikut ya Kak:
1. Clear cache aplikasi
2. Force close aplikasi
lalu coba login kembali, apabila masih mengalami kendala, silakan hubungi kami melalui DM Instagram @Telkomsel atau chat di tsel.id/chatva. Semoga membantu. :) -Edo",2025-04-07 13:21:31,
0d533765-45de-49a7-8548-3873fba55cd2,Rifal Ahmad Maulid,https://play-lh.googleusercontent.com/a-/ALV-UjU8EbdtQ94xtwrXgC1kPtIfzpzj24dJSO3ZhpHBWY-lePslMLbe,GK bisa di pencet sama sekali padahal hp gak ngelek sedikit pun padahal apk udh di install ulang,1,0,,2025-04-07 12:34:13,"Hai Kak Rifal, Mohon maaf untuk ketidaknyamanannya ya, silakan coba cara berikut ya Kak:
1. Clear cache aplikasi
2. Force close aplikasi
lalu coba login kembali, apabila masih mengalami kendala, silakan hubungi kami melalui DM Instagram @Telkomsel atau chat di tsel.id/chatva. Semoga membantu. :) -Edo",2025-04-07 13:08:55,
71b5c99a-98f8-46c4-a3df-43a776c1cb04,Budi,https://play-lh.googleusercontent.com/a/ACg8ocJym3BNFgJfHXEW-KYCibYaP7wr6HE3znm1uDacoiQNPENXLA=mo,"tiap hari aku buka sisa internet 25gb , tiba2 tinggal 4gb . parah ini apk. udah di refresh masih aja ga berkurang ga apa . masa di apk jam 12 siang masih 25gb tiba2 dapet sms tinggal 4gb",1,0,8.6.2,2025-04-07 12:31:01,,,8.6.2
e745074a-ac57-4376-b63a-f5ef4fbfe456,SAHDAN.A Channel,https://play-lh.googleusercontent.com/a-/ALV-UjUQOmyzuFC5Z2dSkibqcr12KHQl3hDG2QUsgc-3Tvb0vEnHLFI,jaringan nya lemot gak stabil main game ping nya merah Mulu paket nya mahal tapi kecepatan jaringan nya jelek,1,0,8.7.0,2025-04-07 12:28:59,"Hai Kak Sahdana, Mohon maaf untuk ketidaknyamanannya, silakan coba restart handphone kakak. Apabila masih terdapat kendala silakan hubungi kami di DM Instagram @telkomsel atau chat di tsel.id/chatva. Semoga membantu. :) -Edo",2025-04-07 13:09:53,8.7.0
e62f4d5e-b4a1-4679-b308-f69ad57ee9dd,Mmebius Mmebius,https://play-lh.googleusercontent.com/a/ACg8ocLfxXCMxxTJpMGV1VxPTAS-EYLfNGONJccKfdSxpvDC20HX=mo,telkom sekarang sering ngelag saat bermain tolong di perbaikin yak,1,0,,2025-04-07 12:25:41,"Hai Kak Mmebius, Mohon maaf untuk ketidaknyamanannya, silakan coba restart handphone kakak. Apabila masih terdapat kendala silakan hubungi kami di DM Instagram @telkomsel atau chat di tsel.id/chatva. Semoga membantu. :) -Edo",2025-04-07 13:12:00,
fa3046b8-316d-4551-8cf7-f2fdfd8271e8,Irfan Hari,https://play-lh.googleusercontent.com/a/ACg8ocIJmZ4jTX6WYbw0lHUtVmOsFijbvsVcyTLC9WXA57WA13xnNQ=mo,sering eror ga jelas,1,0,8.6.2,2025-04-07 12:21:21,"Hai Kak Irfan, Mohon maaf untuk ketidaknyamanannya ya, silakan coba cara berikut ya Kak:
1. Clear cache aplikasi
2. Force close aplikasi
lalu coba login kembali, apabila masih mengalami kendala, silakan hubungi kami melalui DM Instagram @Telkomsel atau chat di tsel.id/chatva. Semoga membantu. :) -Edo",2025-04-07 13:12:39,8.6.2
321d345f-c482-4233-acac-6a1054aedee3,Kepo lo,https://play-lh.googleusercontent.com/a/ACg8ocKwms6VWNEBNBn62i-82IhJ2LBTNS3Ynyes08uYCxcR_OFJVQ=mo,bagus,5,0,8.6.2,2025-04-07 12:20:59,"Hai Kak, terima kasih tetap setia menggunakan layanan Telkomsel. Apresiasi dari Kakak sangat berarti bagi kami dalam meningkatkan layanan dan performa MyTelkomsel. Have a great day :) -Edo",2025-04-07 14:26:36,8.6.2
16137bff-15a9-41f7-9990-3d384adcb90b,Budi Man,https://play-lh.googleusercontent.com/a/ACg8ocJlF0Q3VlzFZLZllYgd40hpz8GQ7BtdN7lgR6WW0r70uquPbw=mo,jaringan lemot . telkomsel jaringan gk bagus,1,0,,2025-04-07 12:19:05,"Hai Kak Budi, Mohon maaf untuk ketidaknyamanannya, silakan coba restart handphone kakak. Apabila masih terdapat kendala silakan hubungi kami di DM Instagram @telkomsel atau chat di tsel.id/chatva. Semoga membantu. :) -Edo",2025-04-07 13:13:06,
436249a1-604c-49a9-b466-0df15f58ebb9,Eky Muharrahman,https://play-lh.googleusercontent.com/a/ACg8ocKzi2FkJT2e98JcaGz55MzBXijBuwZuUeHsMp1KCPhTNBqcDQ=mo,"aplikasi buruk, loading gak selesai selesai. aplikasi lain lancar aja, bahkan nonton yt dan main game online gak ada masalah. emang dasar aplikasi nya aja yg busuk. lihat kuota dan pulsa aja susah nya luar biasa.",1,0,8.6.2,2025-04-07 12:18:42,"Hai Kak Eky, Mohon maaf untuk ketidaknyamanannya ya, silakan coba cara berikut ya Kak:
1. Clear cache aplikasi
2. Force close aplikasi
lalu coba login kembali, apabila masih mengalami kendala, silakan hubungi kami melalui DM Instagram @Telkomsel atau chat di tsel.id/chatva. Semoga membantu. :) -Edo",2025-04-07 13:13:43,8.6.2
66b4e920-b492-48d9-bd61-cd4636d5376e,APP Qodri Zaimuri,https://play-lh.googleusercontent.com/a-/ALV-UjW0dmVp7j-mtvv2E0aM4ZK8J7yDQBR4asp8CU7EU3QKf2mMTqHe,lemot gak kurang jelan arahanya,1,0,8.6.2,2025-04-07 12:18:22,"Hai Kak Qodri, Mohon maaf untuk ketidaknyamanannya ya, silakan coba cara berikut ya Kak:
1. Clear cache aplikasi
2. Force close aplikasi
lalu coba login kembali, apabila masih mengalami kendala, silakan hubungi kami melalui DM Instagram @Telkomsel atau chat di tsel.id/chatva. Semoga membantu. :) -Edo",2025-04-07 13:01:04,8.6.2
17e3d57d-1944-4a2f-bd72-31a17c171ba0,Andy Marbun,https://play-lh.googleusercontent.com/a/ACg8ocJrQHcn600j5ImN1fV9fvvmiYjgWjwChQqVlFaVC8Fn2v9gdw=mo,"jaringan nya ga jelas bet si desa parbotihan sumut,, paket mahal",2,0,,2025-04-07 12:17:50,"Hai Kak Andy. Mohon maaf untuk ketidaknyamanannya, silakan coba restart handphone Kakak. Apabila masih terdapat kendala silakan hubungi kami di DM Instagram @telkomsel atau hubungi kami di tsel.id/chatva. Semoga membantu. :) -Alma",2025-04-08 03:31:47,
5f6434b0-30c8-421e-9291-11ad25f45b15,AHMAD FADLI,https://play-lh.googleusercontent.com/a/ACg8ocKFRdjdSH9Nxm88BPKLhuLG1SIjByOUeZD9a6H2GFLDfz4ecT8=mo,kualitas sinyal bagus,5,0,8.1.0,2025-04-07 12:14:36,"Hai Kak Ahmad, terima kasih tetap setia menggunakan layanan Telkomsel. Apresiasi dari Kakak sangat berarti bagi kami dalam meningkatkan layanan dan performa Telkomsel. Have a great day :) -Edo",2025-04-07 14:28:05,8.1.0
d301eb6f-18df-4375-94bf-78b9c798d9ef,Ade Mustafa R,https://play-lh.googleusercontent.com/a-/ALV-UjVFxACGQvwI_FCgcGAFPF81dyhDl50H65uXU3E-sEtq9oUas_mmrw,"Dear MyTelkomsel... knp ya skrg saya gak bisa akses aplikasinya? harus verifikasi data kembali dan harus foto selfi dengan KTP , apakah tidak berlebihan klo hrs foto selfie dgn KTP? Sudah hapus cache aplikasi tetep saja",3,0,8.6.2,2025-04-07 12:13:01,"Hai Kak Ade, Mohon maaf untuk ketidaknyamanannya ya, silakan coba cara berikut ya Kak:
1. Clear cache aplikasi
2. Force close aplikasi
lalu coba login kembali, apabila masih mengalami kendala, silakan hubungi kami melalui DM Instagram @Telkomsel atau chat di tsel.id/chatva. Semoga membantu. :) -Edo",2025-04-07 12:06:48,8.6.2
5a800fe9-5f4e-4d74-b282-e16a9074a8a6,Defian firdaus,https://play-lh.googleusercontent.com/a/ACg8ocLPgdOQpogfKSWlwyqtVpGdhxRWhyRE-cmQqTGRRkdIGvYkjw=mo,bobrok sinyalnya sekarang udah di laporin balik lagi angot str3sss loo lama2,1,0,8.6.2,2025-04-07 12:11:07,"Hai Kak Defian, Mohon maaf untuk ketidaknyamanannya, silakan coba restart handphone kakak. Apabila masih terdapat kendala silakan hubungi kami di DM Instagram @telkomsel atau chat di tsel.id/chatva. Semoga membantu. :) -Edo",2025-04-07 13:02:03,8.6.2
14ae68ec-eabb-438e-a531-9ac79667ad9e,Royhan Abdilah,https://play-lh.googleusercontent.com/a-/ALV-UjX3fHPfWaUYuQsbbBUOSBMZSCuqDZJwplzvYJfPzXuOBAp0XP-6,tidak bermutu mahal doang jaringan ampas,1,0,8.7.0,2025-04-07 12:10:44,"Hai Kak Royhan, silakan akses aplikasi MyTelkomsel untuk mendapatkan lebih banyak pilihan dan penawaran paket datanya ya, untuk kendala jaringan silakan coba restart handphone kakak. Apabila masih terdapat kendala silakan hubungi kami di DM Instagram @telkomsel atau chat di tsel.id/chatva. Semoga membantu. :) -Edo",2025-04-07 13:06:12,8.7.0
6654f192-abb0-4f8b-8b0d-064b58b43f6a,Jono W,https://play-lh.googleusercontent.com/a/ACg8ocJB43aVMMWfKc6UYWKPdICVV32dwEKuX3cXnMRoKM34FRRkCw=mo,susah di buat cek pulsa& kuota,2,0,8.6.2,2025-04-07 12:04:12,"Hai Kak Jono, Mohon maaf untuk ketidaknyamanannya ya, silakan coba cara berikut ya Kak:
1. Clear cache aplikasi
2. Force close aplikasi
lalu coba login kembali, apabila masih mengalami kendala, silakan hubungi kami melalui DM Instagram @Telkomsel atau chat di tsel.id/chatva. Semoga membantu. :) -Edo",2025-04-08 09:46:29,8.6.2
f0842249-2e65-42ef-923d-b920e1afb1b9,Nabila Zahra,https://play-lh.googleusercontent.com/a-/ALV-UjW1M4skXG1-tbm0yHAH1TRldmikMqSsDvnB4q92o4nKneB9H2hX,"strss sy sama telkom. nth brp kali saya komplain ke cs masalah jaringan, trs aplikasi yg trus' an update tp gada perubahan. harga naik tp kualitas turun jg buat apa",1,0,8.6.2,2025-04-07 12:02:58,,,8.6.2
ddb80a98-75f5-4ac9-9df0-14b75de39805,lihat video,https://play-lh.googleusercontent.com/a/ACg8ocJ_n1xgZnb-0uUjlNdfZ6YHQfWJwVKtBj52a_mVTS_gBw6pjns=mo,"Tolong pihak Telkomsel jgn menyebarkan data dan no kepada pihak tertentu seperti pinjol dan lain2 ,,lwt pesan inbox juga banyak iklan dr mana2 bank,aplikasi,pinjol,resto saya pikir aneh skrg g ada batasan undang2 it terkait privasi iklan kepada pelangan",1,0,7.3.0,2025-04-07 11:52:26,,,7.3.0
bbc7f7dd-e7ff-456b-920e-49370877ddcc,Iqmal Firdaus,https://play-lh.googleusercontent.com/a-/ALV-UjXYJyuZskUVLEAnhNxPcV_kJ-MAIw0ck9RS6xUPkDWf0PnamOU,"Aplikasi buruk.. sering ngelag padahal jaringan bagus, setiap cek kuota pasti lag. solusinya hapus data aplikasi dan login ulang baru bisa cek kuota. menyusahkan, development nya gabisa kerja",1,0,,2025-04-07 11:51:27,"Hai Kak Iqmal, Mohon maaf untuk ketidaknyamanannya ya, silakan coba cara berikut ya Kak:
1. Clear cache aplikasi
2. Force close aplikasi
lalu coba login kembali, apabila masih mengalami kendala, silakan hubungi kami melalui DM Instagram @Telkomsel atau chat di tsel.id/chatva. Semoga membantu. :) -Edo",2025-04-07 13:39:41,
5ba1f888-07b6-4e86-880d-b586eb3067b6,Billy Ramdani,https://play-lh.googleusercontent.com/a-/ALV-UjV4SbAMbYydVgFu_mh0PuxZTZCC7UmChVQwuQ68164M4ykpYIo,Parahhh parahhh loding terusss,1,0,8.6.2,2025-04-07 11:50:49,"Hai Kak Billy, Mohon maaf untuk ketidaknyamanannya ya, silakan coba cara berikut ya Kak:
1. Clear cache aplikasi
2. Force close aplikasi
lalu coba login kembali, apabila masih mengalami kendala, silakan hubungi kami melalui DM Instagram @Telkomsel atau chat di tsel.id/chatva. Semoga membantu. :) -Edo",2025-04-07 13:08:30,8.6.2
8692108f-203b-4d7c-b990-fd547b43ac27,Victoriana Tenis,https://play-lh.googleusercontent.com/a/ACg8ocLCyy6icGIvIvdv-76ZGUjK3S9vVeQmbzY7Rw1vE6mc8jJ8hg=mo,"app aneh, sinyal bagus app nya gak bisa direfresh. gak bisa ngapa²in. setelah update malah makin menyedihkan",3,0,,2025-04-07 11:48:38,"Hai Kak Victoriana, Mohon maaf untuk ketidaknyamanannya ya, silakan coba cara berikut ya Kak:
1. Clear cache aplikasi
2. Force close aplikasi
lalu coba login kembali, apabila masih mengalami kendala, silakan hubungi kami melalui DM Instagram @Telkomsel atau chat di tsel.id/chatva. Semoga membantu. :) -Edo",2025-04-08 09:49:20,
d648a4cd-e36d-4433-9f31-dc7a17bed2c8,Depo Depo,https://play-lh.googleusercontent.com/a-/ALV-UjVswHOYDiYlt39iSxcNclW5CF7lybv466KZXr41AcmIiRvSgP-x,Jaringan Telkomsel tolong lh tu di perhatikan kabupaten tebo kecamatan Rimbo bujang sinyal ancur udah kayak di di hutan padahal majuuuu tempat tpi sinyal nya lemot.,1,0,,2025-04-07 11:46:36,"Hai, Kak Depo. Maaf ya, mengenai keluhan akses internet lambat, agar bisa mimin bantu lebih lanjut. Yuk hubungi mimin melalui email cs@telkomsel.com atau Instagram @Telkomsel. Mimin tunggu ya, Kak. Makasih :) -Sekar",2024-08-14 00:23:14,
77cc9cf4-9dfb-4779-81d4-e9ce135da6d1,Nur Hadi,https://play-lh.googleusercontent.com/a-/ALV-UjVUwP8JwE_kQmIw1Mv6ZWqKK6MYMldC3rLisqiz6pr1kAn2CAIB,masuk aplikasinya banyak ngebug anying,1,0,8.3.0,2025-04-07 11:42:06,"Hai Kak Hadi, Mohon maaf untuk ketidaknyamanannya ya, silakan coba cara berikut ya Kak:
1. Clear cache aplikasi
2. Force close aplikasi
lalu coba login kembali, apabila masih mengalami kendala, silakan hubungi kami melalui DM Instagram @Telkomsel atau chat di tsel.id/chatva. Semoga membantu. :) -Edo",2025-04-07 13:40:11,8.3.0
56013fef-22df-47e4-b486-cde79141ba80,dudu aja,https://play-lh.googleusercontent.com/a/ACg8ocLcBLvgFehrDX_2nDSbbPrJEoFztPFgi279dZOE1Q3xgcyYxQ=mo,TOLONG LAH APK NYA KOK NGELAG BANGET,1,0,8.4.2,2025-04-07 11:39:36,"Hai Kak Dudu, Mohon maaf untuk ketidaknyamanannya ya, silakan coba cara berikut ya Kak:
1. Clear cache aplikasi
2. Force close aplikasi
lalu coba login kembali, apabila masih mengalami kendala, silakan hubungi kami melalui DM Instagram @Telkomsel atau chat di tsel.id/chatva. Semoga membantu. :) -Edo",2025-04-07 13:40:40,8.4.2
5d6dd98a-2d00-41bf-b63c-4b4cfb9ec81d,Abang Adek,https://play-lh.googleusercontent.com/a-/ALV-UjW7sKDXLlZ_dq346WnUgCfrRwBwnflWlN5m7X1fTcaIQobYKWk,"halo ini kapan bisanya, 1 bulan lebihbgk bisa login",1,0,,2025-04-07 11:37:30,"Hai Kak, Mohon maaf untuk ketidaknyamanannya ya, silakan coba cara berikut ya Kak:
1. Clear cache aplikasi
2. Force close aplikasi
lalu coba login kembali, apabila masih mengalami kendala, silakan hubungi kami melalui DM Instagram @Telkomsel atau chat di tsel.id/chatva. Semoga membantu. :) -Edo",2025-04-07 13:14:13,
c2990d48-b16f-4200-962a-421c8581c021,Ade Setiawan,https://play-lh.googleusercontent.com/a-/ALV-UjU4AvgKSaS0CK2N7-3qqN-tfV-KO8ESAHrAcWyPGRWDl02VzLc,makin kemari makin parah nih apk. jaringan lancar kaya tapi buka apk selalu stak ga bisa jalan.,1,0,8.6.2,2025-04-07 11:35:40,"Hai Kak Ade, Mohon maaf untuk ketidaknyamanannya ya, silakan coba cara berikut ya Kak:
1. Clear cache aplikasi
2. Force close aplikasi
lalu coba login kembali, apabila masih mengalami kendala, silakan hubungi kami melalui DM Instagram @Telkomsel atau chat di tsel.id/chatva. Semoga membantu. :) -Edo",2025-04-07 13:15:25,8.6.2
13a8fd39-5c71-4139-b8e5-617e8a3aad42,vittria ramadhani,https://play-lh.googleusercontent.com/a/ACg8ocI9grxFIMuMDHXEtzzGmqwn9gC8E8x6YrGlzFDFLpWO1DN_Dg=mo,"apk nya kenapa sih ngeselin banget, nge lag semua², mau liat sisa kuota aja nge bug terus, di update juga sama aja, sinyal juga akhir² ini lemot bgt",3,0,,2025-04-07 11:33:05,"Hai Kak Vittria, Mohon maaf untuk ketidaknyamanannya ya, silakan coba cara berikut ya Kak:
1. Clear cache aplikasi
2. Force close aplikasi
lalu coba login kembali, apabila masih mengalami kendala, silakan hubungi kami melalui DM Instagram @Telkomsel atau chat di tsel.id/chatva. Semoga membantu. :) -Edo",2025-04-07 12:01:23,
def31a7f-6cbb-41bd-ad62-d09dc9317403,Rima Aditya,https://play-lh.googleusercontent.com/a-/ALV-UjXm5sWek8bInjg__urxz-P8cCIzMDHq-TmhzycWHJzjGsRpOQE6eA,muantap,5,0,8.6.2,2025-04-07 11:30:55,"Hai Kak Rima, terima kasih tetap setia menggunakan layanan Telkomsel. Apresiasi dari Kakak sangat berarti bagi kami dalam meningkatkan layanan dan performa MyTelkomsel. Have a great day :) -Edo",2025-04-07 14:29:21,8.6.2
b950286e-bb77-42f5-9289-638b121cde35,Nimas Naeya,https://play-lh.googleusercontent.com/a-/ALV-UjU5GSYUtt80D_eS-CFAMw8l5OIBk62m9WV_zuyx1X7H2qzmVVA4pg,"lama banget kocakk loadingnya mau ngecek kuota pun lama kali, mau login stamp lama kali😡🫵",3,0,8.6.2,2025-04-07 11:28:35,"Hai Kak Nimas, Mohon maaf untuk ketidaknyamanannya ya, silakan coba cara berikut ya Kak:
1. Clear cache aplikasi
2. Force close aplikasi
lalu coba login kembali, apabila masih mengalami kendala, silakan hubungi kami melalui DM Instagram @Telkomsel atau chat di tsel.id/chatva. Semoga membantu. :) -Edo",2025-04-07 12:01:45,8.6.2
d0abc0f1-480a-4dff-87d2-717fe184609c,Angell Monica,https://play-lh.googleusercontent.com/a-/ALV-UjXIL_hZ1YLh05IJ8_Y3A7SmVJnzDOuxOAJ49PA8PrKnn73JTRVJ,"teruntuk Telkomsel bisa ga dikit dikit jangan minta update terus,aku baru aja update masa iya harus update terus,dan misalnya telat dikit update jangan ngelag dong.",5,0,,2025-04-07 11:27:33,,,
eea6c999-33c5-42d4-9f7b-727066ff4840,iwan_ gameplays_27,https://play-lh.googleusercontent.com/a-/ALV-UjV2mcvTxN8pQWul8GotUCsAnuCsk_8NizCPt-RUU-bBCbcevFQC,"aplikasi berat banget kak, mending aplikasinya kayak dulu aja",4,0,8.6.2,2025-04-07 11:25:56,"Hai Kak Iwan, Mohon maaf untuk ketidaknyamanannya ya, apabila aplikasi MyTelkomsel terlalu berat di handphone kakak, silakan coba unduh MyTelkomsel Basic. Aplikasi ini sudah tersedia di PlayStore. Apabila masih mengalami kendala, silakan hubungi kami melalui DM Instagram @Telkomsel atau chat di tsel.id/chatva. Semoga membantu. :) -Edo",2025-04-07 12:09:11,8.6.2
8d968257-36f5-43bf-b0c5-52c4950af792,Rizki,https://play-lh.googleusercontent.com/a-/ALV-UjWjQrzC13VyV0LFOgsnn8DVWAsNBNFNoaKVA3oGD8nly90P2kQ,scam app nya di store bacaannya internet sepuasnya kok cuma dikit di kasih internet nya,2,0,8.6.2,2025-04-07 11:25:52,,,8.6.2
ab5a2ee7-65b3-4537-8d53-3c3a9e64da74,G One,https://play-lh.googleusercontent.com/a-/ALV-UjXUJA_akZnPTXWMnF9ReLcDHfP7B7K0hUwQBb6BXISC4YAUZEY,"aplikasi terberat di hp, mahal dan lelet, mantap jangan sampai pelanggan beralih ke kartu lain",1,0,8.6.2,2025-04-07 11:25:26,"Hai Kak, Mohon maaf untuk ketidaknyamanannya ya, silakan coba cara berikut ya Kak:
1. Clear cache aplikasi
2. Force close aplikasi
lalu coba login kembali, apabila masih mengalami kendala, silakan hubungi kami melalui DM Instagram @Telkomsel atau chat di tsel.id/chatva. Semoga membantu. :) -Edo",2025-04-07 11:37:31,8.6.2
654dfab5-e6f6-45b8-b977-9828db237611,Laniphesek,https://play-lh.googleusercontent.com/a/ACg8ocJaiBT781r7GAm62loc5pVbpS4M3TTNbmBD_n1gdYOXUIF8fA=mo,mau masuk susah banget . apk ngelag2 terus,1,0,,2025-04-07 11:22:13,"Hai Kak Lani, Mohon maaf untuk ketidaknyamanannya ya, silakan coba cara berikut ya Kak:
1. Clear cache aplikasi
2. Force close aplikasi
lalu coba login kembali, apabila masih mengalami kendala, silakan hubungi kami melalui DM Instagram @Telkomsel atau chat di tsel.id/chatva. Semoga membantu. :) -Edo",2025-04-07 11:37:55,
d2e4cf06-3928-4ae6-a88f-4a28a3abcf2c,Ahmadzuh Diansyah,https://play-lh.googleusercontent.com/a/ACg8ocJHJ9VW-o0ORMuHjhgV6RlVhUbKoraNz9wangrIU-l8IlXzQw=mo,woiiiiii data aku ludes sehari 60 gb gak kepake ko bisa2nya begini Telkomsel 💩,1,0,8.6.2,2025-04-07 11:17:44,"Hai, Kak Diansyah. Maaf ya, jika ada keluhan atau kendala yang dialami seputar produk dan layanan Telkomsel bisa mimin bantu lebih lanjut ya, Kak. Yuk hubungi mimin melalui Instagram @Telkomsel atau email cs@telkomsel.com. Mimin tunggu, makasih :) -Sekar",2024-06-08 00:32:20,8.6.2
45541f13-7fd0-46c1-88af-1ef69998b89d,Rudianto Anto,https://play-lh.googleusercontent.com/a-/ALV-UjVvRWHhS4D9qckBlENwI3FxR69KdnWfXF9alwufjeOSYCAvf1Y,leemot aplikasinya dan terkadang sering logout sendiri,1,0,8.6.2,2025-04-07 11:17:27,"Hai Kak Rudianto, Mohon maaf untuk ketidaknyamanannya ya, silakan coba cara berikut ya Kak:
1. Clear cache aplikasi
2. Force close aplikasi
lalu coba login kembali, apabila masih mengalami kendala, silakan hubungi kami melalui DM Instagram @Telkomsel atau chat di tsel.id/chatva. Semoga membantu. :) -Edo",2025-04-07 11:38:14,8.6.2
0a39bd96-aa78-4995-a990-6b5eb1fe6075,Bolo Kurowo,https://play-lh.googleusercontent.com/a-/ALV-UjU4bIc8MHvGJ1g5_lpyOshc_5M0WNHq1P1znwVpfJH_166qeQ,sinyal nya semakin hari semakin kayak t4iiiii... sangat buruk sekali,1,0,8.6.2,2025-04-07 11:15:06,"Hai Kak Bolo, Mohon maaf untuk ketidaknyamanannya, silakan coba restart handphone kakak. Apabila masih terdapat kendala silakan hubungi kami di DM Instagram @telkomsel atau chat di tsel.id/chatva. Semoga membantu. :) -Edo",2025-04-07 11:39:05,8.6.2
015330d8-25aa-472f-b3e5-2da6cef63646,TN Channel,https://play-lh.googleusercontent.com/a-/ALV-UjUgoFiKBefT4YJdLahb1Qbf2YBd2P6dgVpwyPKqkdeW2N_j4Ys,"tolong diperbaikilah, mau cek kuota, beli paket susah benar. kalau jaringan tidak ada masalah, buka aplikasi lain lancar-lancar saja.",1,0,8.7.0,2025-04-07 11:12:30,"Hai Kak, Mohon maaf untuk ketidaknyamanannya ya, silakan coba cara berikut ya Kak:
1. Clear cache aplikasi
2. Force close aplikasi
lalu coba login kembali, apabila masih mengalami kendala, silakan hubungi kami melalui DM Instagram @Telkomsel atau chat di tsel.id/chatva. Semoga membantu. :) -Edo",2025-04-07 11:39:30,8.7.0
f7b25e0c-3eb8-4071-9eac-7026f98e772d,elyan Fadlil,https://play-lh.googleusercontent.com/a/ACg8ocIi-8hqEeLO04CTwLJWoKNSy6_cgi4NLa_CrvHIQaxh3dGUaA=mo,"sinyat internet sangat buruk, bagusan tri,, ga ngaruh mau di restart 1000x sekalipun, jelek ya tetep jelek,,, giliran pake non paket internet, baru kenceng,,",1,0,8.6.2,2025-04-07 11:08:14,"Hai Kak Elyan, Mohon maaf untuk ketidaknyamanannya, silakan coba restart handphone kakak. Apabila masih terdapat kendala silakan hubungi kami di DM Instagram @telkomsel atau chat di tsel.id/chatva. Semoga membantu. :) -Edo",2025-04-07 11:40:12,8.6.2
08c0b015-9350-4e3a-a72e-c2140fccf849,Maulana M,https://play-lh.googleusercontent.com/a/ACg8ocKTJnsHXOWsTk7-6F9gMkmCWHJ4JfV0ydNuC6E6Rgtyd6_Q4g=mo,kenapa no hp simpati saya tidak bisa login di my Telkomsel,1,0,8.7.0,2025-04-07 11:06:48,"Hai Kak Maulana, Mohon maaf untuk ketidaknyamanannya ya, silakan coba cara berikut ya Kak:
1. Clear cache aplikasi
2. Force close aplikasi
lalu coba login kembali, apabila masih mengalami kendala, silakan hubungi kami melalui DM Instagram @Telkomsel atau chat di tsel.id/chatva. Semoga membantu. :) -Edo",2025-04-07 11:40:40,8.7.0
2592339a-70f8-4823-b385-d664a2f8aa0f,fikri nugraha,https://play-lh.googleusercontent.com/a-/ALV-UjVJ2_fqPfDDOjtqr5zy6d95JesoUfQpZgPw1xIO4GubIgRHalzd,"bang tolong di perbaiki lagi aplikasi nya, bug ga bisa refresh nya sangat meresahkan player🗿",1,0,8.7.0,2025-04-07 11:03:46,"Hai Kak Fikri, Mohon maaf untuk ketidaknyamanannya ya, silakan coba cara berikut ya Kak:
1. Clear cache aplikasi
2. Force close aplikasi
lalu coba login kembali, apabila masih mengalami kendala, silakan hubungi kami melalui DM Instagram @Telkomsel atau chat di tsel.id/chatva. Semoga membantu. :) -Edo",2025-04-07 11:41:52,8.7.0
561970bd-0e63-4aff-bcc9-eeec8a665524,GizZ MarIey,https://play-lh.googleusercontent.com/a/ACg8ocIXk1gfK9b6AAx9MH-a0MFQchoJxlYFqXx_-fimG0xvqZsPVWA=mo,"buset dah apk berat banget kya beban hidup,,mau cek kuota aj lama loading terus,,parahh si.. klo g syang no dh lama dh gw ganti dah ke provider lain..nyusahin",2,0,8.6.2,2025-04-07 11:01:54,"Hai, Kak MarIey. Maaf ya, mengenai keluhan akses internet lambat, agar bisa mimin bantu lebih lanjut. Yuk hubungi mimin melalui email cs@telkomsel.com atau Instagram @Telkomsel. Mimin tunggu ya, Kak. Makasih :) -Sekar",2024-09-01 01:38:07,8.6.2
b3291d83-93fc-4448-9050-85d0b7d8690f,RyzenRy,https://play-lh.googleusercontent.com/a-/ALV-UjXlQJLxYlXmuSjZ_CeK7gO4DEV379n8UsY98RgNqisxFKTkxFmF,aplikasi gk bisa di buka,1,0,8.6.2,2025-04-07 10:58:42,"Hai Kak Ryzenry, Mohon maaf untuk ketidaknyamanannya, silakan coba restart handphone kakak. Apabila masih terdapat kendala silakan hubungi kami di DM Instagram @telkomsel atau chat di tsel.id/chatva. Semoga membantu. :) -Edo",2025-02-05 07:21:11,8.6.2
fe512bc3-98f4-44dd-ba32-9c48cd54062f,Fauzan Azima,https://play-lh.googleusercontent.com/a/ACg8ocK8o_xK_TQ1urLoNs1DpVeIpRpUws3HceTDwGTvXEaVgEpMGw=mo,harga elit jaringan sulit,1,0,8.6.2,2025-04-07 10:56:22,"Hai Kak Fauzan, silakan akses aplikasi MyTelkomsel untuk mendapatkan lebih banyak pilihan dan penawaran paket datanya ya, untuk kendala jaringan silakan coba restart handphone kakak. Apabila masih terdapat kendala silakan hubungi kami di DM Instagram @telkomsel atau chat di tsel.id/chatva. Semoga membantu. :) -Edo",2025-04-07 11:42:37,8.6.2
e19cb844-25c6-4040-b095-6e21afd3ce1e,Valéntino EP,https://play-lh.googleusercontent.com/a-/ALV-UjUHftcgA2B7bPcOF232qeZ-IRqvgJKMT31kvU96kF-pfar27ko,aplikasi nya sering terjadi error & bug,3,0,,2025-04-07 10:50:52,"Hai Kak Valéntino, Mohon maaf untuk ketidaknyamanannya ya, silakan coba cara berikut ya Kak:
1. Clear cache aplikasi
2. Force close aplikasi
lalu coba login kembali, apabila masih mengalami kendala, silakan hubungi kami melalui DM Instagram @Telkomsel atau chat di tsel.id/chatva. Semoga membantu. :) -Edo",2025-04-07 12:02:24,
83e19706-5d7d-467b-b75d-65145a3586ec,chips ahooy,https://play-lh.googleusercontent.com/a-/ALV-UjXSnuTISPXDbNKUNMKWwi3j7p0U_hLQ9uaBtVPKCYYVuE2NF5jy,lambat banget ngirim kode verifikasi nya minta hari minggu hari senin baru dikirim,1,0,8.7.0,2025-04-07 10:47:04,"Hai, Kak Chips. Maaf ya. Mengenai kendala tarif paket Telkomsel, agar dapat mimin bantu lebih optimal, yuk hubungi mimin melalui akun Twitter @Telkomsel , Instagram @telkomsel , atau email cs@telkomsel.com. Mimin tunggu ya Kak . Makasih :) -Dan",2023-02-17 09:15:03,8.7.0
9f3d5859-aa77-4625-9ac3-61308d5974e5,Edi Supriyatno,https://play-lh.googleusercontent.com/a/ACg8ocKWD964DDnwbWO04zSCrJFjyk1hRUhKYmpuf9nK5Q6cgEZCjQ=mo,"lama sy menggunakan aplikasi ini, namun akhir"" ini aplikasi tidak memberikan data yg up to date",2,0,8.7.0,2025-04-07 10:41:13,"Hai Kak Edi, Mohon maaf untuk ketidaknyamanannya ya, silakan coba cara berikut ya Kak:
1. Clear cache aplikasi
2. Force close aplikasi
lalu coba login kembali, apabila masih mengalami kendala, silakan hubungi kami melalui DM Instagram @Telkomsel atau chat di tsel.id/chatva. Semoga membantu. :) -Edo",2025-04-07 11:59:58,8.7.0
c2fc4266-73ef-4592-81b7-920f5cc2fcf1,Kurenai_ shinzo20,https://play-lh.googleusercontent.com/a-/ALV-UjUXfSILUSZ2aJ7gAnUM1ooD8jIShhMvcncCgJIzZdqQfmFYg8c,"iya saya tau paket disini udah termasuk kategori murah. cuman saya agak kesal dengan bug nya, pas mau cek pulsa sama kuota tuh loading mulu gak ke reload. jadi saya mohon agar diperbaiki kedepannya🙏",2,0,8.6.2,2025-04-07 10:36:55,"Hai Kak Kurenai, Mohon maaf untuk ketidaknyamanannya ya, silakan coba cara berikut ya Kak:
1. Clear cache aplikasi
2. Force close aplikasi
lalu coba login kembali, apabila masih mengalami kendala, silakan hubungi kami melalui DM Instagram @Telkomsel atau chat di tsel.id/chatva. Semoga membantu. :) -Edo",2025-04-07 12:00:39,8.6.2
9307ba99-ab66-4dde-86e8-df53ade4f7b5,Rima husen,https://play-lh.googleusercontent.com/a/ACg8ocJ_4lC8pSmXfsPx91hnHs2L0pwXO8M1JrvpASRkSLeTUeAHww=mo,apk sekarang jelek banget knpa sh klw di buka slalu muter ajh,1,0,,2025-04-07 10:30:59,"Hai Kak Rima, Mohon maaf untuk ketidaknyamanannya ya, silakan coba cara berikut ya Kak:
1. Clear cache aplikasi
2. Force close aplikasi
lalu coba login kembali, apabila masih mengalami kendala, silakan hubungi kami melalui DM Instagram @Telkomsel atau chat di tsel.id/chatva. Semoga membantu. :) -Edo",2025-04-07 11:30:23,
0114f4b5-34c3-4c17-9c96-1c429252af94,User Realme,https://play-lh.googleusercontent.com/a/ACg8ocJGXj_eoGlIzpSoQGwPUnsL6Aja-lH2eLeP9eabTzZeWyCijQ=mo,jaringan Telkomsel Riau mengecewakan boss udah 10 hari,1,0,8.6.2,2025-04-07 10:30:33,"Hai Kak, Mohon maaf untuk ketidaknyamanannya, silakan coba restart handphone kakak. Apabila masih terdapat kendala silakan hubungi kami di DM Instagram @telkomsel atau chat di tsel.id/chatva. Semoga membantu. :) -Edo",2025-04-07 11:30:54,8.6.2
5978341f-8440-42c5-9b75-8298e05da1ff,Okriadi Pulo,https://play-lh.googleusercontent.com/a/ACg8ocK_0_BWlkjH6PAzazVkTcWOgORGG_ZtyMsCeoQZKD5m826vCg=mo,paket nya murah,5,0,8.6.2,2025-04-07 10:25:58,,,8.6.2
fd0b3a3e-a2be-48ac-9fd0-968bf745b6f0,dzakyplayz,https://play-lh.googleusercontent.com/a-/ALV-UjXkX8MGdNX_urCB6F87kZWVMoJHBpc_nu9o9bamb__gKRgOm1Cb,bagus tapi ngelag,4,0,8.6.2,2025-04-07 10:25:54,"Hai Kak Dzakyplayz, Mohon maaf untuk ketidaknyamanannya ya, silakan coba cara berikut ya Kak:
1. Clear cache aplikasi
2. Force close aplikasi
lalu coba login kembali, apabila masih mengalami kendala, silakan hubungi kami melalui DM Instagram @Telkomsel atau chat di tsel.id/chatva. Semoga membantu. :) -Edo",2025-04-07 12:09:50,8.6.2
0b08ff1a-fa7a-4a9d-bc84-26623bc1c6f8,A. Muhidin,https://play-lh.googleusercontent.com/a-/ALV-UjVorloOrBAXM8rxUcqzcDTTH1QFxd-pgo4n--q4Gc-b6Oh5_3o,makin ke sini makin parahh di buka kagak bisa di apapun kagak bisa pikir aja sendiri bukan hanya gua tapi semua,1,0,8.7.0,2025-04-07 10:25:02,"Hai Kak Muhidin, Mohon maaf untuk ketidaknyamanannya ya, silakan coba cara berikut ya Kak:
1. Clear cache aplikasi
2. Force close aplikasi
lalu coba login kembali, apabila masih mengalami kendala, silakan hubungi kami melalui DM Instagram @Telkomsel atau chat di tsel.id/chatva. Semoga membantu. :) -Edo",2025-04-07 11:34:21,8.7.0
50c6f939-fa6a-49f8-a124-e30495393d38,Mau Lidin,https://play-lh.googleusercontent.com/a/ACg8ocL-MZS2L_FqGmSRY0KPvYDUxo2jnt-WI8STync27h93rWCouA=mo,jelek,1,0,,2025-04-07 10:22:41,,,
5ec39022-4a0d-499a-9367-b5cd8429d4cb,Mas andi NTD,https://play-lh.googleusercontent.com/a-/ALV-UjUcoZ4SikoS6cq_NbFrnhEE1AVeudFFW7oZsLB2dGEPTchl9Tss,mantap,5,0,7.2.0,2025-04-07 10:22:31,"Hai Kak Andi, terima kasih tetap setia menggunakan layanan Telkomsel. Apresiasi dari Kakak sangat berarti bagi kami dalam meningkatkan layanan dan performa MyTelkomsel. Have a great day :) -Edo",2025-04-07 14:45:32,7.2.0
c680701b-1df9-4d2a-abc5-36bf29863fa1,Pengguna Google,https://play-lh.googleusercontent.com/EGemoI2NTXmTsBVtJqk8jxF9rh8ApRWfsIMQSt2uE4OcpQqbFu7f7NbTK05lx80nuSijCz7sc3a277R67g,"jaringannya lemot banget kalo mau login, atau buka sosmed",4,0,8.6.2,2025-04-07 10:18:52,"Hai Kak. Mohon maaf untuk ketidaknyamanannya, silakan coba restart handphone Kakak. Apabila masih terdapat kendala silakan hubungi kami di DM Instagram @telkomsel atau hubungi kami di tsel.id/chatva. Semoga membantu. :) -Alma",2025-04-08 05:08:48,8.6.2
106307fb-e08d-4516-ad81-4c3c7fc063ec,A Chulasu Rosidin,https://play-lh.googleusercontent.com/a-/ALV-UjXXWkzL8av-Q67_-YQm0IEf27D5NWihCXu98ONbeEDNwfl3eQ8,aplikasi sering crash update terus ga ngaruh juga,2,0,8.7.0,2025-04-07 10:02:15,"Hai Kak Chulasu, Mohon maaf untuk ketidaknyamanannya ya, silakan coba cara berikut ya Kak:
1. Clear cache aplikasi
2. Force close aplikasi
lalu coba login kembali, apabila masih mengalami kendala, silakan hubungi kami melalui DM Instagram @Telkomsel atau chat di tsel.id/chatva. Semoga membantu. :) -Edo",2025-04-07 11:59:33,8.7.0
50bd325d-063c-4e91-88ec-3bce8f57871c,Damian,https://play-lh.googleusercontent.com/a-/ALV-UjUoM9_o6XvD5I0dUBhY2XwijF3U8Yb_U3DzPEG4D0U7jLg7fiY,"kenapa sih kalo beli data internet dengan jumlah yang besar, jaringannya ga bagus???",1,0,8.6.2,2025-04-07 09:58:04,"Hai Kak Damian, Mohon maaf untuk ketidaknyamanannya, silakan coba restart handphone kakak. Apabila masih terdapat kendala silakan hubungi kami di DM Instagram @telkomsel atau chat di tsel.id/chatva. Semoga membantu. :) -Edo",2025-04-07 10:09:47,8.6.2
4013842a-c808-4d41-a8c2-a50d394d99bf,Penter,https://play-lh.googleusercontent.com/a/ACg8ocIZeiqAmqDq3ZEvSRcF8v7dByWuEkKzaWYq2gBYV25OKpV3jA=mo,apk busuk,1,0,,2025-04-07 09:57:00,"Hai Kak Penter, Mohon maaf untuk ketidaknyamanannya ya, silakan coba cara berikut ya Kak:
1. Clear cache aplikasi
2. Force close aplikasi
lalu coba login kembali, apabila masih mengalami kendala, silakan hubungi kami melalui DM Instagram @Telkomsel atau chat di tsel.id/chatva. Semoga membantu. :) -Edo",2025-04-07 10:27:41,
1d9e1dc7-ee22-422b-ac36-a970f0623af6,afrizal,https://play-lh.googleusercontent.com/a/ACg8ocIEvzak7hGB7zS-NtIR4Edxqcghq0PNOmycreWV6M1bN0iS5A=mo,apk ini sangat berguna 👍👍,5,0,8.6.2,2025-04-07 09:49:38,"Hai Kak Afrizal, terima kasih tetap setia menggunakan layanan Telkomsel. Apresiasi dari Kakak sangat berarti bagi kami dalam meningkatkan layanan dan performa MyTelkomsel. Have a great day :) -Edo",2025-04-07 14:45:09,8.6.2
418827f0-e814-4565-beee-25304b13a7c7,Deni Dwiwardani,https://play-lh.googleusercontent.com/a/ACg8ocKffxexhgscjLR4udRZQYk9ARBYaxNoQ5mDf_abZ3w2dceTxg=mo,"sekarang kok mau beli paket data sama cek kuota sangat super susah, udh nyoba pake jaringan wifi tetep aja susah, di update udah, maunya apa sih.. bukanya ningkatin performa malah makin buruk. 👎👎👎",1,0,8.6.2,2025-04-07 09:49:14,"Hai Kak Deni, Mohon maaf untuk ketidaknyamanannya ya, silakan coba cara berikut ya Kak:
1. Clear cache aplikasi
2. Force close aplikasi
lalu coba login kembali, apabila masih mengalami kendala, silakan hubungi kami melalui DM Instagram @Telkomsel atau chat di tsel.id/chatva. Semoga membantu. :) -Edo",2025-04-07 10:27:26,8.6.2
12210d4a-8775-4885-a5a0-66b787fe3bcf,Melindarwati27,https://play-lh.googleusercontent.com/a/ACg8ocLentKezndmub0teIDJPl_Br3Jil__tM01g_QdML7pgljwVzA=mo,"apk ini bagus, banyak promo nya, harga terjangkau..pokok nya mantap",5,0,,2025-04-07 09:49:07,"Hai Kak Melindarwati, terima kasih tetap setia menggunakan layanan Telkomsel. Apresiasi dari Kakak sangat berarti bagi kami dalam meningkatkan layanan dan performa MyTelkomsel. Have a great day :) -Edo",2025-04-07 14:44:43,
3e70e38e-9df6-45ce-8c6e-0907f9975ff1,Gusti Sandy,https://play-lh.googleusercontent.com/a/ACg8ocJywduFyYLALIDikDHdzFPdWvWPPYaO1D4uLVzcKLJpEIks5A=mo,aplikasi anehhh lag bnerr mau cek kuota aja gk buka-buka,3,0,8.6.2,2025-04-07 09:42:12,"Hai Kak Gusti, Mohon maaf untuk ketidaknyamanannya ya, silakan coba cara berikut ya Kak:
1. Clear cache aplikasi
2. Force close aplikasi
lalu coba login kembali, apabila masih mengalami kendala, silakan hubungi kami melalui DM Instagram @Telkomsel atau chat di tsel.id/chatva. Semoga membantu. :) -Edo",2025-04-07 12:03:30,8.6.2
17dceecb-eba2-4260-b019-1448c4035c8b,Indah Nurma,https://play-lh.googleusercontent.com/a-/ALV-UjVmqSOEIKSWe7BgDeV3Isv7uGflkDK2Q-R7ayUzq4ATZKqNbiZO,percuma pke ini tetep bikin ngeleg yakin dah,1,0,8.7.0,2025-04-07 09:40:36,"Hai Kak Indah, Mohon maaf untuk ketidaknyamanannya ya, silakan coba cara berikut ya Kak:
1. Clear cache aplikasi
2. Force close aplikasi
lalu coba login kembali, apabila masih mengalami kendala, silakan hubungi kami melalui DM Instagram @Telkomsel atau chat di tsel.id/chatva. Semoga membantu. :) -Edo",2025-04-07 10:26:55,8.7.0
8499dd52-b35e-4705-affd-6e15879fb288,Erlangga Putra,https://play-lh.googleusercontent.com/a-/ALV-UjUyAsoFlr6faQVVKNB3knwRRCEeUosD6sXP59ajgkBUM2Zo8mM,jaringan busuk paketan mahal mending indosat gak sesuai harga kocak,1,0,8.7.0,2025-04-07 09:39:24,"Hai Kak Erlangga, silakan akses aplikasi MyTelkomsel untuk mendapatkan lebih banyak pilihan dan penawaran paket datanya ya, untuk kendala jaringan silakan coba restart handphone kakak. Apabila masih terdapat kendala silakan hubungi kami di DM Instagram @telkomsel atau chat di tsel.id/chatva. Semoga membantu. :) -Edo",2025-04-07 10:12:10,8.7.0
8d8bf1ae-c58a-4599-9340-8ed6681fd8f6,Lilia GamePro,https://play-lh.googleusercontent.com/a/ACg8ocLX7wnfX5L5Pi-YEEYJu5PD7x0I3c3EsuDxTPjt6zsYaN9LnA=mo,kok ngeleg sih anj,1,0,,2025-04-07 09:38:12,"Hai Kak Lilia, Mohon maaf untuk ketidaknyamanannya, silakan coba restart handphone kakak. Apabila masih terdapat kendala silakan hubungi kami di DM Instagram @telkomsel atau chat di tsel.id/chatva. Semoga membantu. :) -Edo",2025-04-07 10:13:10,
d8b3f14d-b748-4e26-b720-d402002779c4,Satya Anggara,https://play-lh.googleusercontent.com/a-/ALV-UjW-MzOfCEHtxdeWdEWiXIh2za4ziMLPEvmht1bF315FQGnDBPvZ,nih aplikasi berat kali macem beban dipundak,1,0,8.6.2,2025-04-07 09:37:54,"Hai Kak Satya, Mohon maaf untuk ketidaknyamanannya ya, apabila aplikasi MyTelkomsel terlalu berat di handphone kakak, silakan coba unduh MyTelkomsel Basic. Aplikasi ini sudah tersedia di PlayStore. Apabila masih mengalami kendala, silakan hubungi kami melalui DM Instagram @Telkomsel atau chat di tsel.id/chatva. Semoga membantu. :) -Edo",2025-04-07 10:14:04,8.6.2
de7a673f-3144-426a-9815-9bd1118b6e1b,Brian,https://play-lh.googleusercontent.com/a/ACg8ocLYME5JqP9HylFwogA_nDXaYudjMekZnlWYSukerz8nC5hPpw=mo,"bayar mahal"" sinyal tetep jelek👎",1,0,8.6.2,2025-04-07 09:34:13,"Hai Kak Brian, silakan akses aplikasi MyTelkomsel untuk mendapatkan lebih banyak pilihan dan penawaran paket datanya ya, untuk kendala sinyal silakan coba restart handphone kakak. Apabila masih terdapat kendala silakan hubungi kami di DM Instagram @telkomsel atau chat di tsel.id/chatva. Semoga membantu. :) -Edo",2025-04-07 10:15:08,8.6.2
1e5b3432-83ab-4d2c-86b0-ae01d845fc3a,Febryan Hidayat14,https://play-lh.googleusercontent.com/a-/ALV-UjVI00tstsMLja8BJ59cXvV1oI86ALGz1tNDQmsH7Vve_Q-IOSgW,"buka my telkomsel serasa buka game berat, loading terus. dan jaringan makin tidak stabil sekarang.. kacau mohon diperbaiki . saya pengguna kartu halo",1,0,8.7.0,2025-04-07 09:33:18,"Hai Kak Febryan, Mohon maaf untuk ketidaknyamanannya ya, silakan coba cara berikut ya Kak:
1. Clear cache aplikasi
2. Force close aplikasi
lalu coba login kembali, untuk kendala jaringan silakan coba restart handphone kakak. Jika masih berkendala silakan hubungi kami di DM Instagram @telkomsel atau chat di tsel.id/chatva. Semoga membantu. :) -Edo",2025-04-07 10:19:52,8.7.0
460e7e03-1041-4f2d-8fd0-214fecbed534,Wahyu Purnawan,https://play-lh.googleusercontent.com/a-/ALV-UjVD1IA2BgrBJw94h9c6LkYEAg2lRoV2m3PH818DIcn793GkxGo,always force close,1,0,8.6.2,2025-04-07 09:33:02,"Hai Kak Wahyu, Mohon maaf untuk ketidaknyamanannya ya, silakan coba cara berikut ya Kak:
1. Clear cache aplikasi
2. Force close aplikasi
lalu coba login kembali, apabila masih mengalami kendala, silakan hubungi kami melalui DM Instagram @Telkomsel atau chat di tsel.id/chatva. Semoga membantu. :) -Edo",2025-04-07 11:44:55,8.6.2
aa6479ce-872d-4ba8-81e7-41849b47e63d,Rofiq Wahyu,https://play-lh.googleusercontent.com/a-/ALV-UjVHb2MMSnoRDN4nv-fG3PDULNiRhxFATSrTgVrsV4bDcmCxEnU,jaringan ga pernah stabil,1,0,8.6.2,2025-04-07 09:28:45,"Hai Kak Rofiq, Mohon maaf untuk ketidaknyamanannya, silakan coba restart handphone kakak. Apabila masih terdapat kendala silakan hubungi kami di DM Instagram @telkomsel atau chat di tsel.id/chatva. Semoga membantu. :) -Edo",2025-04-07 10:20:52,8.6.2
d3134563-495b-44d9-9acb-ba251fadc2be,retmaneti neti,https://play-lh.googleusercontent.com/a/ACg8ocLMdsSHoD3F9wcZzNhKp78dLiIje59NKwAFn9zUdR02_3KL2w=mo,nicee,4,0,8.2.0,2025-04-07 09:27:01,"Hai Kak Neti, terima kasih. Tetap pakai aplikasi MyTelkomsel ya 😊 -Sekar",2025-04-09 06:35:47,8.2.0
0b199806-d388-4ccc-a568-2d82ec80f539,Cak Supri,https://play-lh.googleusercontent.com/a-/ALV-UjXz2Oi5PG_RBuzl0Gd0tfmeyYrmUC9jO3ZMS9CzSkIrUHVkIVs,lebih praktis,5,0,,2025-04-07 09:24:21,"Hai Kak Supri, terima kasih tetap setia menggunakan layanan Telkomsel. Apresiasi dari Kakak sangat berarti bagi kami dalam meningkatkan layanan dan performa MyTelkomsel. Have a great day :) -Edo",2025-04-07 14:44:23,
a17bd1aa-8c63-4d68-922b-94b6c49dc50c,Diki Sopian,https://play-lh.googleusercontent.com/a/ACg8ocL7SZMpdEZ8D2LLu84gi7-1oWWlDLMCNbYCu0y1GPtRP1Lt6w=mo,SEMOGA SETERUSNYA LANCAR DALAM JARINGAN INTERNET. TERIMA KASIH,5,2,8.7.0,2025-04-07 09:20:44,"Hai Kak Diki. Mohon maaf untuk ketidaknyamanannya, silakan coba restart handphone Kakak. Apabila masih terdapat kendala silakan hubungi kami di DM Instagram @telkomsel atau hubungi kami di tsel.id/chatva. Semoga membantu. :) -Alma",2025-03-26 12:44:19,8.7.0
061d4b6e-c653-46c4-b5e1-daa9f3b20dfd,Raden Dimas,https://play-lh.googleusercontent.com/a-/ALV-UjVYH3wsecMufkWttXxUnOKNyvuUhr4KBFS1e1MmZydsn8D4N6Gl,"aplikasi ampas ini, loading terus gajelas",1,0,8.6.2,2025-04-07 09:19:35,"Hai Kak Raden, Mohon maaf untuk ketidaknyamanannya ya, silakan coba cara berikut ya Kak:
1. Clear cache aplikasi
2. Force close aplikasi
lalu coba login kembali, apabila masih mengalami kendala, silakan hubungi kami melalui DM Instagram @Telkomsel atau chat di tsel.id/chatva. Semoga membantu. :) -Edo",2025-04-07 10:26:12,8.6.2
87540227-eb05-495e-b18f-9678c91eded0,Joni Marjohan,https://play-lh.googleusercontent.com/a/ACg8ocLQH_3gEqQOQ5nA0v1mkf5BOKfEpEUZwMPi-1J9gB-mdgKFTg=mo,ini apk malah g bisa di buka keluar terus,1,0,8.7.0,2025-04-07 09:18:47,"Hai Kak Joni, Mohon maaf untuk ketidaknyamanannya ya, silakan coba cara berikut ya Kak:
1. Clear cache aplikasi
2. Force close aplikasi
lalu coba login kembali, apabila masih mengalami kendala, silakan hubungi kami melalui DM Instagram @Telkomsel atau chat di tsel.id/chatva. Semoga membantu. :) -Edo",2025-04-07 10:25:57,8.7.0
732c8f0b-ad6d-48c7-8fee-02b37ac60430,ar julio,https://play-lh.googleusercontent.com/a-/ALV-UjVSx6yzu9pBWZP16fXQe_Q6q265XGeJJScnxthN7ECxT_C2TQLo,mkin ksni mkin lelet,2,0,8.7.0,2025-04-07 09:18:28,"Hai Kak Julio, Mohon maaf untuk ketidaknyamanannya ya, silakan coba cara berikut ya Kak:
1. Clear cache aplikasi
2. Force close aplikasi
lalu coba login kembali, apabila masih mengalami kendala, silakan hubungi kami melalui DM Instagram @Telkomsel atau chat di tsel.id/chatva. Semoga membantu. :) -Edo",2025-04-07 11:56:07,8.7.0
9d62cfe7-bb1e-428e-8d99-63fbe996d816,19_019 Alfia Damayanti,https://play-lh.googleusercontent.com/a-/ALV-UjXGk8xYxsf4yfnCUT6kS1Y6hNv494KpOYABgi5O7LCTzfnNOnDj,"aplikasi susah dibuka, stuck di menu halaman awal doang mana tiap mau beli paket tiba² berubah harganya, terus kekuatan sinyalnya rendah banget masa dipake main game aja ga bisa. tolong di perbaiki dong!!!!",1,0,8.6.2,2025-04-07 09:14:46,"Hai Kak Alfia, Mohon maaf untuk ketidaknyamanannya ya, silakan coba cara berikut ya Kak:
1. Clear cache aplikasi
2. Force close aplikasi
lalu coba login kembali, untuk kendala sinyal silakan coba restart handphone kakak. Apabila masih berkendala silakan hubungi kami di DM Instagram @telkomsel atau chat di tsel.id/chatva. Semoga membantu. :) -Edo",2025-04-07 10:23:32,8.6.2
bd295149-e32f-40a4-8e77-5b754ce2665e,Alliya Nida Istiqomah,https://play-lh.googleusercontent.com/a/ACg8ocL2xLJpDthi6Y_u9DFms4kEtO-pQHcmth3s2O19jOOnF8VcIQ=mo,toppp markotoppppp,5,0,8.6.2,2025-04-07 09:05:12,"Hai Kak Alliya, terima kasih tetap setia menggunakan layanan Telkomsel. Apresiasi dari Kakak sangat berarti bagi kami dalam meningkatkan layanan dan performa MyTelkomsel. Have a great day :) -Edo",2025-04-07 14:47:20,8.6.2
9cc0d0e0-f371-4a53-bb0f-01f8ad731127,Roni gaming,https://play-lh.googleusercontent.com/a-/ALV-UjXkcPlcGp56H45OR8IY2XKL19EBB61QKBn796oVtxrGsbdRzbHx,"jaringan agak"" ga enak banget sumpah, akhir"" ini jaringan ga lancar main game lag nya parah buka apk lain lemot banget",1,0,,2025-04-07 08:49:30,"Hai Kak Roni, Mohon maaf untuk ketidaknyamanannya, silakan coba restart handphone kakak. Apabila masih terdapat kendala silakan hubungi kami di DM Instagram @telkomsel atau chat di tsel.id/chatva. Semoga membantu. :) -Edo",2025-04-07 09:56:07,
20c0da79-d305-45f8-b5d2-cc657efd3fc2,Blue Fantasy,https://play-lh.googleusercontent.com/a-/ALV-UjWMHt3LoK0L2kJ_RwmFXYiWdNume8cpELAHpUJ7qDElK7qs0fk,"aplikasi makin parah, lemot,,, bukannya di buat lebih baik, malah makin buruk 👎👎👎, mantap pertahanan keburukan aplikasinya 💩💩💩",1,0,,2025-04-07 08:45:53,"Hai Kak, Mohon maaf untuk ketidaknyamanannya ya, silakan coba cara berikut ya Kak:
1. Clear cache aplikasi
2. Force close aplikasi
lalu coba login kembali, apabila masih mengalami kendala, silakan hubungi kami melalui DM Instagram @Telkomsel atau chat di tsel.id/chatva. Semoga membantu. :) -Edo",2025-04-07 09:56:51,
a305e8f5-2fef-45a6-8d6f-3873ae059b95,Markus Budianto Lubis,https://play-lh.googleusercontent.com/a-/ALV-UjUdMu4x6436NUBIHUXYaY3zJtoaS5GJzGAUedVfEfcEXX0Vf_w,baik,5,0,8.6.2,2025-04-07 08:45:38,"Hai Kak Markus, terima kasih tetap setia menggunakan layanan Telkomsel. Apresiasi dari Kakak sangat berarti bagi kami dalam meningkatkan layanan dan performa MyTelkomsel. Have a great day :) -Edo",2025-04-07 14:29:42,8.6.2
123fae0f-cc35-479c-85b9-13096e5f19cc,Philotheos Purba,https://play-lh.googleusercontent.com/a/ACg8ocJFlWst7r-5eQL6LTJil1xJnskmXvsFM0fddLyfxTk9lzcolA=mo,"jaringan nya selalu ngelag dan tidak pernah bagus dimanapun saya berada.Mau di dalam ruangan,luar ruangan selalu saja tidak lancar.Mohon diperbaiki",1,0,8.6.2,2025-04-07 08:40:49,"Hai Kak Philotheos, Mohon maaf untuk ketidaknyamanannya, silakan coba restart handphone kakak. Apabila masih terdapat kendala silakan hubungi kami di DM Instagram @telkomsel atau chat di tsel.id/chatva. Semoga membantu. :) -Edo",2025-04-07 09:57:50,8.6.2
6a3d380b-c219-4de7-b683-731ebe1b53c9,yelia ya,https://play-lh.googleusercontent.com/a/ACg8ocI5ZUl395YEXX9C1fFH0FEwI2gDpWy8NsVgVQftqy5-PrBO_g=mo,"HARGA MAHAL, KUOTA BOROS, JARINGAN LEMOT, PELAYANAN BURUK. SAYA TIDAK SUKA DENGAN TELKOMSEL!!! HARGA MAHAL TAPI TIDAK SESUAI PEMAKAIAN KUOTA!",3,0,,2025-04-07 08:38:25,"Hai Kak Yelia, silakan akses aplikasi MyTelkomsel untuk mendapatkan lebih banyak pilihan dan penawaran paket datanya, untuk kendala jaringan silakan coba restart handphone kakak. Apabila masih terdapat kendala silakan hubungi kami di DM Instagram @telkomsel atau chat di tsel.id/chatva. Semoga membantu. :) -Edo",2025-04-07 12:48:36,
fa1b5c1a-5092-4dc9-902d-baf450ff7765,Muhammad Deanrizq,https://play-lh.googleusercontent.com/a-/ALV-UjXNw3jdkgSPTrrWooAOD768Xr8_-i51gmIsw0IhTjG2pr_UyZ-Y,jaringan elek,1,0,8.7.0,2025-04-07 08:38:17,"Hai Kak Deanrizq, Mohon maaf untuk ketidaknyamanannya, silakan coba restart handphone kakak. Apabila masih terdapat kendala silakan hubungi kami di DM Instagram @telkomsel atau chat di tsel.id/chatva. Semoga membantu. :) -Edo",2025-04-07 09:58:24,8.7.0
e2670c84-fd7e-4bca-b72f-c33c6aa1f920,Hafiz Abigail,https://play-lh.googleusercontent.com/a-/ALV-UjXupJTr6Kl6tfyEQtskR8vM0BhOdEW9RBYDzwpSRNsuR6CibgL1,makin hari makin busuk jaringan telkomsel tolong perbaiki lagi jaringan nya,1,0,8.6.2,2025-04-07 08:33:41,"Hai Kak Hafiz, Mohon maaf untuk ketidaknyamanannya, silakan coba restart handphone kakak. Apabila masih terdapat kendala silakan hubungi kami di DM Instagram @telkomsel atau chat di tsel.id/chatva. Semoga membantu. :) -Edo",2025-04-07 09:10:53,8.6.2
5dc2f9fe-fda4-437c-b79b-418a726c28e3,murawan Kuncoro,https://play-lh.googleusercontent.com/a/ACg8ocLmL92PBXyGv7lt6snIORROA8MkWO4ml2mNnC0MIfDN8I9D=mo,"Jaringan Internet di kabupaten malang selatan khususnya kartu AS.tolong dong diperbaiki agar tidak lelet.lebih""wifi pas mati Telkomsel ngikut lelet.. soalnya dari dulu saya pakainya kartu AS..mau sharing kayak maju/mundur...kok maju/mundur..hiya, soalnya apa mungkin dihiraukan.maaf ya 🙏🙏🙏",3,0,8.6.2,2025-04-07 08:31:41,"Hai Kak Murawan, Mohon maaf untuk ketidaknyamanannya, silakan coba restart handphone kakak. Apabila masih terdapat kendala silakan hubungi kami di DM Instagram @telkomsel atau chat di tsel.id/chatva. Semoga membantu. :) -Edo",2025-04-07 12:05:34,8.6.2
2a2ea92f-f83c-4f87-ba36-4c35485a96c1,Maria Yosephina,https://play-lh.googleusercontent.com/a/ACg8ocIe1nvVZX-iEWRijfuVvu4bm-13R47bYvttwmDsx9wtW8QX0g=mo,"Aplikasi sampah!!! Pake 2 sim Telkomsel, yg bukan nomor utama malah ikut kepotong pulsanya. sampah!!!",1,0,8.6.2,2025-04-07 08:29:31,"Hai Kak Maria, Mohon maaf untuk ketidaknyamanannya ya, silakan coba cara berikut ya Kak:
1. Clear cache aplikasi
2. Force close aplikasi
lalu coba login kembali, apabila masih mengalami kendala, silakan hubungi kami melalui DM Instagram @Telkomsel atau chat di tsel.id/chatva. Semoga membantu. :) -Edo",2025-01-30 02:07:10,8.6.2
88499b1e-0569-4660-af94-825afc440ebb,Boy7 gaming,https://play-lh.googleusercontent.com/a-/ALV-UjWWthv65ZkEiyhyYJ80AN4UCrp5qa0Ofm8VFVZxMEF4MzyXrjYIhw,Force close Mulu kenapa sih ah elah,1,0,,2025-04-07 08:27:15,"Hai Kak, Mohon maaf untuk ketidaknyamanannya, silakan coba login kembali setelah beberapa saat. Apabila tetap mengalami kesulitan login, silakan hubungi kami melalui DM Instagram @telkomsel atau chat di tsel.id/chatva. Semoga membantu. -Edo",2025-04-07 09:09:37,
a340130c-a791-4628-8d19-93cd7a2bf384,Nova Sakti,https://play-lh.googleusercontent.com/a/ACg8ocIplV5bu0m1AjS7o9ILHGTzYCNqjkhvjHKcXF25RcqlH8zguQ=mo,aplikasi sering lag,1,0,8.6.2,2025-04-07 08:24:13,"Hai Kak Nova, Mohon maaf untuk ketidaknyamanannya ya, silakan coba cara berikut ya Kak:
1. Clear cache aplikasi
2. Force close aplikasi
lalu coba login kembali, apabila masih mengalami kendala, silakan hubungi kami melalui DM Instagram @Telkomsel atau chat di tsel.id/chatva. Semoga membantu. :) -Edo",2025-04-07 09:08:37,8.6.2
5b1197ef-c8f7-4b9e-96f0-07fdb2b92bce,Fadly,https://play-lh.googleusercontent.com/a-/ALV-UjWh4oV9mF2f3gumTwxfyXoD70HRGNOdnu85IAXEef49Gv2Gcl3_,"tolong, pulsa saya selalu berkurang sendiri (tanpa pemakaian pulsa untuk data)",2,0,8.6.2,2025-04-07 08:23:16,"Hai Kak Fadly, Mohon maaf untuk ketidaknyamanannya, karena kami memerlukan informasi lebih lanjut untuk membantu kakak, silakan hubungi kami di DM Instagram @telkomsel atau chat di tsel.id/chatva. Semoga membantu. :) -Edo",2025-04-07 11:55:11,8.6.2
83f08a96-a5a2-4b8f-9506-b49420dbe30b,Irpan Maulana,https://play-lh.googleusercontent.com/a/ACg8ocLPKvzISZ--RIL5cOC4DPPdJUcWJrHjP9CgGzDWlPaBrJS4Bw=mo,sinyal ny harus 10G lemot jelek,5,0,8.7.0,2025-04-07 08:19:27,,,8.7.0
fef3839a-df50-4026-b93a-5e32ab4c9f1f,Diwa Diwa,https://play-lh.googleusercontent.com/a/ACg8ocLfsZyWuq1FTt_Jf96UEp4NnGSsJ2HM2TN5N44_CTT-h4szo2g=mo,"laggg bangett sinyall nyaaa sampee chattt di wa lagg jugaa, beli pakett mahall"" tapi laggg sinyall nyaa pakett elitee sinyall sulitt!!!! tolong perbaiki lagi kendala sinyall samaaa bugnya🙏🏼🙏🏼",1,0,8.7.0,2025-04-07 08:08:47,"Hai Kak Diwa, silakan akses aplikasi MyTelkomsel untuk mendapatkan lebih banyak pilihan dan penawaran paket datanya ya, untuk kendala sinyal silakan coba restart handphone kakak. Apabila masih terdapat kendala silakan hubungi kami di DM Instagram @telkomsel atau chat di tsel.id/chatva. Semoga membantu. :) -Edo",2025-04-07 09:08:02,8.7.0
21a16470-c2b9-43e6-a6c9-5400edd16249,Betisuri hulu,https://play-lh.googleusercontent.com/a-/ALV-UjXbv57iELSy0jvj4oAWqLjFw00IX1sy9QpGM28uBhkXvGHWybVs,baik,5,0,8.6.2,2025-04-07 08:02:24,"Hai Kak Betisuri, terima kasih tetap setia menggunakan layanan Telkomsel. Apresiasi dari Kakak sangat berarti bagi kami dalam meningkatkan layanan dan performa MyTelkomsel. Have a great day :) -Edo",2025-04-07 14:30:40,8.6.2
2937bb5a-f74c-4339-b673-81644d89f913,Muslim Muhammad,https://play-lh.googleusercontent.com/a/ACg8ocIoPRd7em_RVjpx9OGEdH3cs1MAncmzK4C7N0vN-2ie5wKC3g=mo,tiap minggu minta update buat apa? promo itu² aja fitur juga itu² aja trus apa?,1,1,,2025-04-07 08:00:21,"Hai Kak Muslim, terima kasih untuk saran dan masukannya ya Kak. Hal ini sangat berarti bagi kami untuk meningkatkan layanan dan performance aplikasi MyTelkomsel. :) -Edo",2025-04-07 09:05:56,
3a4d8537-46b9-4e28-b8ce-ca98c4444ab4,Daffa Oemarqois m.z,https://play-lh.googleusercontent.com/a-/ALV-UjXHx5UGbEJAOLI9-gRcQFdQSojmQnhzEvLgCfhTH1dpBVzzmVYP,"apa coba udah pindah dari sim ""x"" ke telkom buat pengalaman lebih bagus eh malah ngedrop kocak emang😹😹😹",1,0,8.7.0,2025-04-07 07:52:37,"Hai Kak Daffa, Mohon maaf untuk ketidaknyamanannya, silakan coba restart handphone kakak. Apabila masih terdapat kendala silakan hubungi kami di DM Instagram @telkomsel atau chat di tsel.id/chatva. Semoga membantu. :) -Edo",2025-04-07 09:59:15,8.7.0
52c086e6-aea2-48d7-9045-08312f38e0b3,welly dimas,https://play-lh.googleusercontent.com/a/ACg8ocKsCg3mzNz9Mo32IE30qUPRMDk2Vj5kh2XEvS_rMHUR9EuOCw=mo,"ini gmana si ya Allah sekelas telkomsel kualitas aplikasinya busuk sekali, buat buka menu ini itu lola bgt loadingnya , Indihome jg ngelag bgt speed 50MBPS tp cuma dpt 10mbps klo cek jaringan PEA tadinya cuma lola terus sy inisiatif instal ulang eh malah jadi gabisa masuk nyoba lewat sms klik tautan terjadi kesalahan, lewat email klik tautan jg sm terjadi kesalahan.. yah segala sesuatu klo emang punya bumn emang ya ginilah yg pentin untung tp kualitas merosot terus",2,6,8.7.0,2025-04-07 07:52:33,"Hai Kak Welly, Mohon maaf untuk ketidaknyamanannya ya, silakan coba cara berikut ya Kak:
1. Clear cache aplikasi
2. Force close aplikasi
lalu coba login kembali, apabila masih mengalami kendala, silakan hubungi kami melalui DM Instagram @Telkomsel atau chat di tsel.id/chatva. Semoga membantu. :) -Edo",2025-04-07 12:06:10,8.7.0
66025c91-f7c0-432c-9d86-55980434f4fb,Firmansyah SL,https://play-lh.googleusercontent.com/a/ACg8ocKOcLX2c3TCRdZse6Gfo5C2DW5M0TDwQ7mxl3gIBmXL3makkQ=mo,aplikasi burik,1,0,8.7.0,2025-04-07 07:46:19,"Hai Kak Firmansyah, Mohon maaf untuk ketidaknyamanannya ya, silakan coba cara berikut ya Kak:
1. Clear cache aplikasi
2. Force close aplikasi
lalu coba login kembali, apabila masih mengalami kendala, silakan hubungi kami melalui DM Instagram @Telkomsel atau chat di tsel.id/chatva. Semoga membantu. :) -Edo",2025-04-07 08:25:08,8.7.0
edb88243-fa28-444f-b938-2f3ad6412b73,Park ik Hwan,https://play-lh.googleusercontent.com/a/ACg8ocLj9rKiWKbhbc8i9CNY_bUTh6gNRDwz0k9MF63bv2lu52_KLw=mo,"aneh. di dana udah terverifikasi. udah terhubung. di my Telkomsel, masih disuruh menghubungkan ke dana.kocak",1,0,8.6.2,2025-04-07 07:46:16,"Hai Kak Hwan, Mohon maaf untuk ketidaknyamanannya ya, silakan coba cara berikut ya Kak:
1. Clear cache aplikasi
2. Force close aplikasi
lalu coba login kembali, apabila masih mengalami kendala, silakan hubungi kami melalui DM Instagram @Telkomsel atau chat di tsel.id/chatva. Semoga membantu. :) -Edo",2025-04-07 09:11:51,8.6.2
425039a5-42de-4b54-a85b-5250d0a74ea6,Alfizandri S Maulana,https://play-lh.googleusercontent.com/a-/ALV-UjWwDYg09yXkj9V8fEtillk7wnkyWKFocq3yMS9GuLsXpTITIimc,ini sinyal ilang ilangan terus gmn sih,2,0,8.7.0,2025-04-07 07:38:28,"Hai Kak Alfizandri, Mohon maaf untuk ketidaknyamanannya, silakan coba restart handphone kakak. Apabila masih terdapat kendala silakan hubungi kami di DM Instagram @telkomsel atau chat di tsel.id/chatva. Semoga membantu. :) -Edo",2025-04-07 11:54:23,8.7.0
c0d24a2c-46ff-44df-bfe2-c2682af139e0,GRADI PERSI,https://play-lh.googleusercontent.com/a-/ALV-UjWL7kfMnMDjyg6VLlAd_uqAlnD-AAt6z3kOUNVuc8znWdPmyiU,"pakai paket Telkomsel pun masih ngeleg,emang sakit ni apk",1,0,8.6.2,2025-04-07 07:35:59,"Hai Kak Gradi, Mohon maaf untuk ketidaknyamanannya ya, silakan coba cara berikut ya Kak:
1. Clear cache aplikasi
2. Force close aplikasi
lalu coba login kembali, apabila masih mengalami kendala, silakan hubungi kami melalui DM Instagram @Telkomsel atau chat di tsel.id/chatva. Semoga membantu. :) -Edo",2025-04-07 08:26:42,8.6.2
e8e00053-85a7-412a-88b4-324f7847ed09,Ibob BR,https://play-lh.googleusercontent.com/a-/ALV-UjXTgspWYz0h4EHeslwwiwO16-GjjavdCBc2mHRjI5CEowEq28su,leg Mulu padahal sinyal bgus,1,0,8.6.2,2025-04-07 07:33:29,"Hai Kak Ibob, Mohon maaf untuk ketidaknyamanannya ya, silakan coba cara berikut ya Kak:
1. Clear cache aplikasi
2. Force close aplikasi
lalu coba login kembali, apabila masih mengalami kendala, silakan hubungi kami melalui DM Instagram @Telkomsel atau chat di tsel.id/chatva. Semoga membantu. :) -Edo",2025-04-07 08:27:00,8.6.2
3f848b25-6d66-49b8-a80a-3f92e77b2ff9,Savira Saros,https://play-lh.googleusercontent.com/a-/ALV-UjWl84meDMlObf6oT4Pm-yGJAPeZf6ZXcx3CRyE-WM1lf4DDqXTN,"jelek banget, mau kirim hadiah kuota nungguin sms verifikasi lamaaaa,",1,0,8.6.2,2025-04-07 07:21:49,,,8.6.2
d98a5041-8959-486f-a505-4fe027a3f98a,pebri yansah,https://play-lh.googleusercontent.com/a/ACg8ocKSqmzTCop7GrR0v3H0iK7fg2VihvWl31iGOyrnjPVIPHMATA=mo,ttp ajh suruh hubungi telkomsel juga gak bisa mecahin masalah dan gak bisa nyelesaiin jaringan yg busuk simpati makin lama makin gak bermutu jaringan nya sangat amat buruk dan buruk sekali,1,1,8.7.0,2025-04-07 07:13:43,Hai Kak Pebri. Mohon maaf untuk ketidaknyamanannya. Untuk kendalanya Kakak bisa langsung menghubungi kami di DM Instagram @Telkomsel atau hubungi kami di tsel.id/chatva. Semoga membantu. :) -Sekar,2025-02-24 23:38:30,8.7.0
c141c44f-6385-47c3-ad53-6844c0b973f4,Untuk shopiee 123,https://play-lh.googleusercontent.com/a/ACg8ocLq5_hG2qG8YLo8HzWDSWgY6qP9g3mxmpF8v3c8dhe_mknW5g=mo,"gmn si abis aku hapus data trs mau masuk lgi ke akun nya pake no terus disuruh nunggu linknya dkrm,eh nungguin 30mnt an kga masuk"" link nya.malah linknya SMS masuk tengah mlm atw gk 3jam an setelah krm link.terus juga pas di pencet link nya malah gbisa masuk katanya link eror HEH PAOK GW DH SEBULAN NUNGGU MASA EROR TRS MAKANYA KALAU MAU NGIRIM LINK ITU SEBENTAR AJA JEDANYA INI BERJAM"" YJELAS GW KELUAR DRI APK NYA LAH.INI SMS MASUK 2/3JAM SETELAH PEMBERITAHUAN LINK DKRM.YG BENER YA ANJR KESEL AKU",1,0,,2025-04-07 07:10:05,,,
649b4f00-f191-47b6-bc47-5cd3d823f1cd,Katsuragi,https://play-lh.googleusercontent.com/a/ACg8ocIszqUCJF4b4rZGzpv9bycrOLKc_RraQ3mUhwe24YLPXTfxYBI=mo,"udah mau bangkrut y? makanya servernya sekarang lemot wkwkw. udah jaringan nya lemot. sekarang server aplikasi nya juga lemot. wkwkwk, mampus bangkrut. makanya kalo nyediain produk itu secara sehat.",1,6,8.6.2,2025-04-07 07:03:49,"Hai Kak Katsuragi. Mohon maaf untuk ketidaknyamanannya ya, silakan coba cara berikut ya Kak:
1. Clear cache aplikasi
2. Force close aplikasi
lalu coba login kembali, apabila masih mengalami kendala, silakan hubungi kami melalui DM Instagram @Telkomsel atau chat di tsel.id/chatva. Semoga membantu. :) -Sekar",2025-01-13 02:19:43,8.6.2
540fa17a-7f84-4645-9b36-8186a4e594ad,Rames Tamplek,https://play-lh.googleusercontent.com/a/ACg8ocKMFSvQQn-BthqP3ZE2T7F2UO0o2au68x_fNH0UPXLCVOzNnA=mo,sangat menarik dan membantu,5,0,8.6.2,2025-04-07 07:01:47,"Hai Kak Rames, terima kasih tetap setia menggunakan layanan Telkomsel. Apresiasi dari Kakak sangat berarti bagi kami dalam meningkatkan layanan dan performa MyTelkomsel. Have a great day :) -Edo",2025-04-07 14:31:31,8.6.2
70fe6eee-8c4e-4c6f-8b99-8dcb665e233b,alexandre humaedi,https://play-lh.googleusercontent.com/a-/ALV-UjW3S_fiXyZjRdVvt_g9pW0ZuFf9BXJR1fUmqj50kGQsuayiCIoKXA,ribet,1,0,8.6.2,2025-04-07 06:57:22,"Hai Kak Alexandre, Mohon maaf untuk ketidaknyamanannya ya, silakan coba cara berikut ya Kak:
1. Clear cache aplikasi
2. Force close aplikasi
lalu coba login kembali, apabila masih mengalami kendala, silakan hubungi kami melalui DM Instagram @Telkomsel atau chat di tsel.id/chatva. Semoga membantu. :) -Edo",2025-04-07 07:15:49,8.6.2
ee6ba809-bfff-4443-90c0-4001aaea2805,Rava duta,https://play-lh.googleusercontent.com/a/ACg8ocJUqnoE1zMngyauypzsj7CciK-fjO4blg-LlPpwM22PJzVQhQ=mo,"setiap mau login pasti loading Mulu,padahal mau isi pulsa/bikin paket,jadi ya di hapus dlu trs download lagi,ya masa harus gitu terus sihhh:(",1,0,,2025-04-07 06:56:53,"Hai Kak Rava, Mohon maaf untuk ketidaknyamanannya ya, silakan coba cara berikut ya Kak:
1. Clear cache aplikasi
2. Force close aplikasi
lalu coba login kembali, apabila masih mengalami kendala, silakan hubungi kami melalui DM Instagram @Telkomsel atau chat di tsel.id/chatva. Semoga membantu. :) -Edo",2025-04-07 07:16:22,
51e5c171-3a9b-4b43-ae35-7baa7204e020,Indo Nesia,https://play-lh.googleusercontent.com/a/ACg8ocIOCFn3m9G_JToqdEWOJHMrmoo--qBRqX6A5w--Yg8ydP_q0Q=mo,sangat bagus saya cinta tanah air,5,0,,2025-04-07 06:53:34,"Hai Kak, terima kasih tetap setia menggunakan layanan Telkomsel. Apresiasi dari Kakak sangat berarti bagi kami dalam meningkatkan layanan dan performa MyTelkomsel. Have a great day :) -Edo",2025-04-07 14:31:52,
0fe2d4e9-02fe-4125-92a9-dbcbb1409af4,Dwi Rendi Mandhira,https://play-lh.googleusercontent.com/a/ACg8ocIGWeFIMyi6VLgwf3KwRHi1H7sLfNDe-X_p6JVzxGQQ4CsefQ=mo,"aplikasi loading terus,, ngebag mulu",1,0,,2025-04-07 06:48:42,"Hai Kak Dwi, Mohon maaf untuk ketidaknyamanannya ya, silakan coba cara berikut ya Kak:
1. Clear cache aplikasi
2. Force close aplikasi
lalu coba login kembali, apabila masih mengalami kendala, silakan hubungi kami melalui DM Instagram @Telkomsel atau chat di tsel.id/chatva. Semoga membantu. :) -Edo",2025-04-07 07:17:39,
472350ea-bbe5-4ced-bd90-8df0c40c26d1,Indigoo 2307,https://play-lh.googleusercontent.com/a/ACg8ocLD5DhlRjxNe2dOsr3ycNVa8o_nw01tKQLkOAdUnkeww8lViQ=mo,"Mahal doang, Hujan atau Angin dikit langsung ngelag padahal didaerah perkotaan. Mending ganti provider dah, kapok",1,0,8.6.2,2025-04-07 06:48:12,"Hai Kak, silakan akses aplikasi MyTelkomsel untuk mendapatkan lebih banyak pilihan dan penawaran paket datanya ya, untuk kendala jaringan silakan coba restart handphone kakak. Apabila masih terdapat kendala silakan hubungi kami di DM Instagram @telkomsel atau chat di tsel.id/chatva. Semoga membantu. :) -Edo",2025-04-07 07:18:32,8.6.2
60e3d3d6-a048-47b2-a0e6-40c3dd48846e,Repoki Bon,https://play-lh.googleusercontent.com/a/ACg8ocLkxx3ciitGj4mKj1ph5zIXRxEztdk9Ulo5Aj0JTu9IOPtJ7g=mo,"sinyal bagus aplikasinya ngeblank ngga muncul2 dashboard, perbaiki lagi lah",1,0,,2025-04-07 06:47:05,"Hai Kak Repoki, Mohon maaf untuk ketidaknyamanannya ya, silakan coba cara berikut ya Kak:
1. Clear cache aplikasi
2. Force close aplikasi
lalu coba login kembali, apabila masih mengalami kendala, silakan hubungi kami melalui DM Instagram @Telkomsel atau chat di tsel.id/chatva. Semoga membantu. :) -Edo",2025-04-07 07:40:29,
4d0a3e57-fa97-43c8-a26e-6e15c74bd174,Fikri krisnawan,https://play-lh.googleusercontent.com/a/ACg8ocJ-c-KQMHyZ9knP0rS-sjTHGf7bdvNax6pKthdTSeMlpsqh1g=mo,"apk ga jelas buang buang paket aja , dari tadi download tapi gamuncul² udah 4x download aplikasi ini habis ¹/² GB juga",1,0,8.6.2,2025-04-07 06:45:53,"Hai Kak Fikri, Mohon maaf untuk ketidaknyamanannya ya, silakan coba cara berikut ya Kak:
1. Clear cache aplikasi
2. Force close aplikasi
lalu coba login kembali, apabila masih mengalami kendala, silakan hubungi kami melalui DM Instagram @Telkomsel atau chat di tsel.id/chatva. Semoga membantu. :) -Edo",2025-04-07 07:40:58,8.6.2
1b0f2858-d2f1-4693-af63-db2e92400d88,Hafiz khoirie hafiz,https://play-lh.googleusercontent.com/a-/ALV-UjXEpIKXr6gzIkFI2kW9bw7KuJBNY8HwdgBEPooAyjVDth0OaPsk6A,"Telkomsel ampas, mahal doang jaringan serasa di goa",1,0,8.6.2,2025-04-07 06:43:17,"Hai Kak Hafiz, silakan akses aplikasi MyTelkomsel untuk mendapatkan lebih banyak pilihan dan penawaran paket datanya ya, untuk kendala jaringan silakan coba restart handphone kakak. Apabila masih terdapat kendala silakan hubungi kami di DM Instagram @telkomsel atau chat di tsel.id/chatva. Semoga membantu. :) -Edo",2025-04-07 07:41:26,8.6.2
b83c5d14-4a19-47bd-8938-685f4987946e,Aldx Frdaus,https://play-lh.googleusercontent.com/a-/ALV-UjVeL3ffn_vSZrPSttu35bxqtasDC6UerxhZZgavKFvZweLtehX-,apk lemot,1,0,8.6.2,2025-04-07 06:42:03,"Maaf ya, Kak. Terkait keluhan tarif paket internet, silakan hubungi salah satu channel layanan kami, bisa melalui Twitter @Telkomsel, Facebook Messenger 'Telkomsel', LINE @Telkomsel, atau WhatsApp Telkomsel Virtual Asisten. Makasih :) –Lina",2022-08-10 01:33:50,8.6.2
1d9948f2-f041-49a6-92cd-3b20e8bed346,Kirl Gaming,https://play-lh.googleusercontent.com/a-/ALV-UjWMCMxvgTB8TwGy8E8VIETR06gfEmS14rDYnkcSwGpov4ST9HrJ,"adminnya ngga garcep kalo ada kendala jaringan,cuman ngasih tau yg itu itu doang",1,0,8.7.0,2025-04-07 06:40:46,"Hai Kak, Mohon maaf untuk ketidaknyamanannya, silakan coba restart handphone kakak. Apabila masih terdapat kendala silakan hubungi kami di DM Instagram @telkomsel atau chat di tsel.id/chatva. Semoga membantu. :) -Edo",2025-04-07 07:42:39,8.7.0
60c052e8-1d8c-45aa-a825-2a8c593e47fd,Killua's lover,https://play-lh.googleusercontent.com/a-/ALV-UjXiuZ-0TYv7S1M6ThdHxojxdwFPgnXNnniWxDtFWvpq6LukIwFI,pret ribet.,1,0,8.6.2,2025-04-07 06:39:21,"Hai Kak, Mohon maaf untuk ketidaknyamanannya ya, silakan coba cara berikut ya Kak:
1. Clear cache aplikasi
2. Force close aplikasi
lalu coba login kembali, apabila masih mengalami kendala, silakan hubungi kami melalui DM Instagram @Telkomsel atau chat di tsel.id/chatva. Semoga membantu. :) -Edo",2025-04-07 07:43:01,8.6.2
7a879f3a-cb54-47b5-9934-9ed414558203,keysha,https://play-lh.googleusercontent.com/a-/ALV-UjXEOWcXyxs5jmocbeeOTuYlnlau6HKM0I6O3Cc8TG_pqCRDy4Mk,"bagus bisa melihat kapan kuota kita habis, sisa kuota kita berapa dan bisa membeli paket kuota tetapi tolong perbaiki errornya Telkomsel, masa saya harus hapus untuk lihat kuota saya sisa berapa",3,0,6.12.0,2025-04-07 06:33:34,,,6.12.0
9d092982-79a1-4486-9af1-751e1ba19287,Yudi Nugraha,https://play-lh.googleusercontent.com/a-/ALV-UjX8mw-vmjUzpQ8KhKjyaupurqae3SfcNH_m7LAs5rUtq7bHESpj,"apa nya yg sat set, yg ada loading Mulu...",1,0,8.7.0,2025-04-07 06:26:54,"Hai Kak Yudi, Mohon maaf untuk ketidaknyamanannya ya, silakan coba cara berikut ya Kak:
1. Clear cache aplikasi
2. Force close aplikasi
lalu coba login kembali, apabila masih mengalami kendala, silakan hubungi kami melalui DM Instagram @Telkomsel atau chat di tsel.id/chatva. Semoga membantu. :) -Edo",2025-04-07 07:43:28,8.7.0
06dd5d03-eb76-4fe1-8e33-00de28e97cbf,saingo nona,https://play-lh.googleusercontent.com/a-/ALV-UjUknVR0eAbQc4apSClukNl2dOzHOpjZ942eRtsgU4yvfTPZcarp,Keren,5,0,8.7.0,2025-04-07 06:22:27,"Hai Kak Saingo, terima kasih tetap setia menggunakan layanan Telkomsel. Apresiasi dari Kakak sangat berarti bagi kami dalam meningkatkan layanan dan performa MyTelkomsel. Have a great day :) -Edo",2025-04-07 14:45:53,8.7.0
1481480b-2308-4687-b18a-27fef061c7a4,Pengguna Google,https://play-lh.googleusercontent.com/EGemoI2NTXmTsBVtJqk8jxF9rh8ApRWfsIMQSt2uE4OcpQqbFu7f7NbTK05lx80nuSijCz7sc3a277R67g,"aplikasi lemot,sering keluar sendiri..😏",2,0,8.6.2,2025-04-07 06:21:50,"Hai Kak, Mohon maaf untuk ketidaknyamanannya ya, silakan coba cara berikut ya Kak:
1. Clear cache aplikasi
2. Force close aplikasi
lalu coba login kembali, apabila masih mengalami kendala, silakan hubungi kami melalui DM Instagram @Telkomsel atau chat di tsel.id/chatva. Semoga membantu. :) -Edo",2025-04-07 11:52:54,8.6.2
